================ stall dump | tag=stall_16s | Fri Aug 14 07:36:50 CST 2026 ================
LOG_FILE=/home/g00619970/moeoffload_multi/log/model_2026_0814_0558_multimech.log
target pids: 549659
549789
549790
549791
549792
549793
549794
549795
549796

================ pid=549659  comm=VLLM::EngineCor ================
cmdline: VLLM::EngineCore_DP0                                                                                                                                      

State:	S (sleeping)
Threads:	71
--- tid=549659 wchan=0
[<0>] this_cpu_vector+0x8/0x8
--- tid=549660 wchan=futex_wait_queue
[<0>] futex_wait_queue+0x78/0xb0
[<0>] futex_wait+0xe8/0x1d0
[<0>] do_futex+0xec/0x1a0
[<0>] __arm64_sys_futex+0x80/0x198
[<0>] invoke_syscall+0x50/0x128
[<0>] el0_svc_common.constprop.0+0xc8/0xf0
[<0>] do_el0_svc+0x48/0x78
[<0>] el0_slow_syscall+0x44/0x1b8
[<0>] el0t_64_sync_handler+0x100/0x130
[<0>] el0t_64_sync+0x188/0x190
--- tid=549661 wchan=futex_wait_queue
[<0>] futex_wait_queue+0x78/0xb0
[<0>] futex_wait+0xe8/0x1d0
[<0>] do_futex+0xec/0x1a0
[<0>] __arm64_sys_futex+0x80/0x198
[<0>] invoke_syscall+0x50/0x128
[<0>] el0_svc_common.constprop.0+0xc8/0xf0
[<0>] do_el0_svc+0x48/0x78
[<0>] el0_slow_syscall+0x44/0x1b8
[<0>] el0t_64_sync_handler+0x100/0x130
[<0>] el0t_64_sync+0x188/0x190
--- tid=549662 wchan=futex_wait_queue
[<0>] futex_wait_queue+0x78/0xb0
[<0>] futex_wait+0xe8/0x1d0
[<0>] do_futex+0xec/0x1a0
[<0>] __arm64_sys_futex+0x80/0x198
[<0>] invoke_syscall+0x50/0x128
[<0>] el0_svc_common.constprop.0+0xc8/0xf0
[<0>] do_el0_svc+0x48/0x78
[<0>] el0_slow_syscall+0x44/0x1b8
[<0>] el0t_64_sync_handler+0x100/0x130
[<0>] el0t_64_sync+0x188/0x190
--- tid=549663 wchan=futex_wait_queue
[<0>] futex_wait_queue+0x78/0xb0
[<0>] futex_wait+0xe8/0x1d0
[<0>] do_futex+0xec/0x1a0
[<0>] __arm64_sys_futex+0x80/0x198
[<0>] invoke_syscall+0x50/0x128
[<0>] el0_svc_common.constprop.0+0xc8/0xf0
[<0>] do_el0_svc+0x48/0x78
[<0>] el0_slow_syscall+0x44/0x1b8
[<0>] el0t_64_sync_handler+0x100/0x130
[<0>] el0t_64_sync+0x188/0x190
--- tid=549664 wchan=futex_wait_queue
[<0>] futex_wait_queue+0x78/0xb0
[<0>] futex_wait+0xe8/0x1d0
[<0>] do_futex+0xec/0x1a0
[<0>] __arm64_sys_futex+0x80/0x198
[<0>] invoke_syscall+0x50/0x128
[<0>] el0_svc_common.constprop.0+0xc8/0xf0
[<0>] do_el0_svc+0x48/0x78
[<0>] el0_slow_syscall+0x44/0x1b8
[<0>] el0t_64_sync_handler+0x100/0x130
[<0>] el0t_64_sync+0x188/0x190
--- tid=549665 wchan=futex_wait_queue
[<0>] futex_wait_queue+0x78/0xb0
[<0>] futex_wait+0xe8/0x1d0
[<0>] do_futex+0xec/0x1a0
[<0>] __arm64_sys_futex+0x80/0x198
[<0>] invoke_syscall+0x50/0x128
[<0>] el0_svc_common.constprop.0+0xc8/0xf0
[<0>] do_el0_svc+0x48/0x78
[<0>] el0_slow_syscall+0x44/0x1b8
[<0>] el0t_64_sync_handler+0x100/0x130
[<0>] el0t_64_sync+0x188/0x190
--- tid=549666 wchan=futex_wait_queue
[<0>] futex_wait_queue+0x78/0xb0
[<0>] futex_wait+0xe8/0x1d0
[<0>] do_futex+0xec/0x1a0
[<0>] __arm64_sys_futex+0x80/0x198
[<0>] invoke_syscall+0x50/0x128
[<0>] el0_svc_common.constprop.0+0xc8/0xf0
[<0>] do_el0_svc+0x48/0x78
[<0>] el0_slow_syscall+0x44/0x1b8
[<0>] el0t_64_sync_handler+0x100/0x130
[<0>] el0t_64_sync+0x188/0x190
--- tid=549667 wchan=futex_wait_queue
[<0>] futex_wait_queue+0x78/0xb0
[<0>] futex_wait+0xe8/0x1d0
[<0>] do_futex+0xec/0x1a0
[<0>] __arm64_sys_futex+0x80/0x198
[<0>] invoke_syscall+0x50/0x128
[<0>] el0_svc_common.constprop.0+0xc8/0xf0
[<0>] do_el0_svc+0x48/0x78
[<0>] el0_slow_syscall+0x44/0x1b8
[<0>] el0t_64_sync_handler+0x100/0x130
[<0>] el0t_64_sync+0x188/0x190
--- tid=549668 wchan=futex_wait_queue
[<0>] futex_wait_queue+0x78/0xb0
[<0>] futex_wait+0xe8/0x1d0
[<0>] do_futex+0xec/0x1a0
[<0>] __arm64_sys_futex+0x80/0x198
[<0>] invoke_syscall+0x50/0x128
[<0>] el0_svc_common.constprop.0+0xc8/0xf0
[<0>] do_el0_svc+0x48/0x78
[<0>] el0_slow_syscall+0x44/0x1b8
[<0>] el0t_64_sync_handler+0x100/0x130
[<0>] el0t_64_sync+0x188/0x190
--- tid=549669 wchan=ep_poll
[<0>] ep_poll+0x300/0x498
[<0>] do_epoll_wait+0x100/0x128
[<0>] do_epoll_pwait.part.0+0x1c/0xb8
[<0>] __arm64_sys_epoll_pwait+0x7c/0x128
[<0>] invoke_syscall+0x50/0x128
[<0>] el0_svc_common.constprop.0+0xc8/0xf0
[<0>] do_el0_svc+0x48/0x78
[<0>] el0_slow_syscall+0x44/0x1b8
[<0>] el0t_64_sync_handler+0x100/0x130
[<0>] el0t_64_sync+0x188/0x190
--- tid=549670 wchan=hrtimer_nanosleep
[<0>] hrtimer_nanosleep+0x80/0x100
[<0>] common_nsleep+0x4c/0x80
[<0>] __arm64_sys_clock_nanosleep+0xd4/0x158
[<0>] invoke_syscall+0x50/0x128
[<0>] el0_svc_common.constprop.0+0xc8/0xf0
[<0>] do_el0_svc+0x48/0x78
[<0>] el0_slow_syscall+0x44/0x1b8
[<0>] el0t_64_sync_handler+0x100/0x130
[<0>] el0t_64_sync+0x188/0x190
--- tid=549671 wchan=hrtimer_nanosleep
[<0>] hrtimer_nanosleep+0x80/0x100
[<0>] common_nsleep+0x4c/0x80
[<0>] __arm64_sys_clock_nanosleep+0xd4/0x158
[<0>] invoke_syscall+0x50/0x128
[<0>] el0_svc_common.constprop.0+0xc8/0xf0
[<0>] do_el0_svc+0x48/0x78
[<0>] el0_slow_syscall+0x44/0x1b8
[<0>] el0t_64_sync_handler+0x100/0x130
[<0>] el0t_64_sync+0x188/0x190
--- tid=549672 wchan=hrtimer_nanosleep
[<0>] hrtimer_nanosleep+0x80/0x100
[<0>] common_nsleep+0x4c/0x80
[<0>] __arm64_sys_clock_nanosleep+0xd4/0x158
[<0>] invoke_syscall+0x50/0x128
[<0>] el0_svc_common.constprop.0+0xc8/0xf0
[<0>] do_el0_svc+0x48/0x78
[<0>] el0_slow_syscall+0x44/0x1b8
[<0>] el0t_64_sync_handler+0x100/0x130
[<0>] el0t_64_sync+0x188/0x190
--- tid=549704 wchan=futex_wait_queue
[<0>] futex_wait_queue+0x78/0xb0
[<0>] futex_wait+0xe8/0x1d0
[<0>] do_futex+0xec/0x1a0
[<0>] __arm64_sys_futex+0x80/0x198
[<0>] invoke_syscall+0x50/0x128
[<0>] el0_svc_common.constprop.0+0xc8/0xf0
[<0>] do_el0_svc+0x48/0x78
[<0>] el0_slow_syscall+0x44/0x1b8
[<0>] el0t_64_sync_handler+0x100/0x130
[<0>] el0t_64_sync+0x188/0x190
--- tid=549705 wchan=futex_wait_queue
[<0>] futex_wait_queue+0x78/0xb0
[<0>] futex_wait+0xe8/0x1d0
[<0>] do_futex+0xec/0x1a0
[<0>] __arm64_sys_futex+0x80/0x198
[<0>] invoke_syscall+0x50/0x128
[<0>] el0_svc_common.constprop.0+0xc8/0xf0
[<0>] do_el0_svc+0x48/0x78
[<0>] el0_slow_syscall+0x44/0x1b8
[<0>] el0t_64_sync_handler+0x100/0x130
[<0>] el0t_64_sync+0x188/0x190
--- tid=549706 wchan=futex_wait_queue
[<0>] futex_wait_queue+0x78/0xb0
[<0>] futex_wait+0xe8/0x1d0
[<0>] do_futex+0xec/0x1a0
[<0>] __arm64_sys_futex+0x80/0x198
[<0>] invoke_syscall+0x50/0x128
[<0>] el0_svc_common.constprop.0+0xc8/0xf0
[<0>] do_el0_svc+0x48/0x78
[<0>] el0_slow_syscall+0x44/0x1b8
[<0>] el0t_64_sync_handler+0x100/0x130
[<0>] el0t_64_sync+0x188/0x190
--- tid=549707 wchan=futex_wait_queue
[<0>] futex_wait_queue+0x78/0xb0
[<0>] futex_wait+0xe8/0x1d0
[<0>] do_futex+0xec/0x1a0
[<0>] __arm64_sys_futex+0x80/0x198
[<0>] invoke_syscall+0x50/0x128
[<0>] el0_svc_common.constprop.0+0xc8/0xf0
[<0>] do_el0_svc+0x48/0x78
[<0>] el0_slow_syscall+0x44/0x1b8
[<0>] el0t_64_sync_handler+0x100/0x130
[<0>] el0t_64_sync+0x188/0x190
--- tid=549708 wchan=futex_wait_queue
[<0>] futex_wait_queue+0x78/0xb0
[<0>] futex_wait+0xe8/0x1d0
[<0>] do_futex+0xec/0x1a0
[<0>] __arm64_sys_futex+0x80/0x198
[<0>] invoke_syscall+0x50/0x128
[<0>] el0_svc_common.constprop.0+0xc8/0xf0
[<0>] do_el0_svc+0x48/0x78
[<0>] el0_slow_syscall+0x44/0x1b8
[<0>] el0t_64_sync_handler+0x100/0x130
[<0>] el0t_64_sync+0x188/0x190
--- tid=549709 wchan=futex_wait_queue
[<0>] futex_wait_queue+0x78/0xb0
[<0>] futex_wait+0xe8/0x1d0
[<0>] do_futex+0xec/0x1a0
[<0>] __arm64_sys_futex+0x80/0x198
[<0>] invoke_syscall+0x50/0x128
[<0>] el0_svc_common.constprop.0+0xc8/0xf0
[<0>] do_el0_svc+0x48/0x78
[<0>] el0_slow_syscall+0x44/0x1b8
[<0>] el0t_64_sync_handler+0x100/0x130
[<0>] el0t_64_sync+0x188/0x190
--- tid=549710 wchan=futex_wait_queue
[<0>] futex_wait_queue+0x78/0xb0
[<0>] futex_wait+0xe8/0x1d0
[<0>] do_futex+0xec/0x1a0
[<0>] __arm64_sys_futex+0x80/0x198
[<0>] invoke_syscall+0x50/0x128
[<0>] el0_svc_common.constprop.0+0xc8/0xf0
[<0>] do_el0_svc+0x48/0x78
[<0>] el0_slow_syscall+0x44/0x1b8
[<0>] el0t_64_sync_handler+0x100/0x130
[<0>] el0t_64_sync+0x188/0x190
--- tid=549711 wchan=futex_wait_queue
[<0>] futex_wait_queue+0x78/0xb0
[<0>] futex_wait+0xe8/0x1d0
[<0>] do_futex+0xec/0x1a0
[<0>] __arm64_sys_futex+0x80/0x198
[<0>] invoke_syscall+0x50/0x128
[<0>] el0_svc_common.constprop.0+0xc8/0xf0
[<0>] do_el0_svc+0x48/0x78
[<0>] el0_slow_syscall+0x44/0x1b8
[<0>] el0t_64_sync_handler+0x100/0x130
[<0>] el0t_64_sync+0x188/0x190
--- tid=549712 wchan=futex_wait_queue
[<0>] futex_wait_queue+0x78/0xb0
[<0>] futex_wait+0xe8/0x1d0
[<0>] do_futex+0xec/0x1a0
[<0>] __arm64_sys_futex+0x80/0x198
[<0>] invoke_syscall+0x50/0x128
[<0>] el0_svc_common.constprop.0+0xc8/0xf0
[<0>] do_el0_svc+0x48/0x78
[<0>] el0_slow_syscall+0x44/0x1b8
[<0>] el0t_64_sync_handler+0x100/0x130
[<0>] el0t_64_sync+0x188/0x190
--- tid=549729 wchan=ep_poll
[<0>] ep_poll+0x300/0x498
[<0>] do_epoll_wait+0x100/0x128
[<0>] do_epoll_pwait.part.0+0x1c/0xb8
[<0>] __arm64_sys_epoll_pwait+0x7c/0x128
[<0>] invoke_syscall+0x50/0x128
[<0>] el0_svc_common.constprop.0+0xc8/0xf0
[<0>] do_el0_svc+0x48/0x78
[<0>] el0_slow_syscall+0x44/0x1b8
[<0>] el0t_64_sync_handler+0x100/0x130
[<0>] el0t_64_sync+0x188/0x190
--- tid=549784 wchan=ep_poll
[<0>] ep_poll+0x300/0x498
[<0>] do_epoll_wait+0x100/0x128
[<0>] do_epoll_pwait.part.0+0x1c/0xb8
[<0>] __arm64_sys_epoll_pwait+0x7c/0x128
[<0>] invoke_syscall+0x50/0x128
[<0>] el0_svc_common.constprop.0+0xc8/0xf0
[<0>] do_el0_svc+0x48/0x78
[<0>] el0_slow_syscall+0x44/0x1b8
[<0>] el0t_64_sync_handler+0x100/0x130
[<0>] el0t_64_sync+0x188/0x190
--- tid=549785 wchan=futex_wait_queue
[<0>] futex_wait_queue+0x78/0xb0
[<0>] futex_wait+0xe8/0x1d0
[<0>] do_futex+0xec/0x1a0
[<0>] __arm64_sys_futex+0x80/0x198
[<0>] invoke_syscall+0x50/0x128
[<0>] el0_svc_common.constprop.0+0xc8/0xf0
[<0>] do_el0_svc+0x48/0x78
[<0>] el0_slow_syscall+0x44/0x1b8
[<0>] el0t_64_sync_handler+0x100/0x130
[<0>] el0t_64_sync+0x188/0x190
--- tid=549786 wchan=futex_wait_queue
[<0>] futex_wait_queue+0x78/0xb0
[<0>] futex_wait+0xe8/0x1d0
[<0>] do_futex+0xec/0x1a0
[<0>] __arm64_sys_futex+0x80/0x198
[<0>] invoke_syscall+0x50/0x128
[<0>] el0_svc_common.constprop.0+0xc8/0xf0
[<0>] do_el0_svc+0x48/0x78
[<0>] el0_slow_syscall+0x44/0x1b8
[<0>] el0t_64_sync_handler+0x100/0x130
[<0>] el0t_64_sync+0x188/0x190
--- tid=549787 wchan=ep_poll
[<0>] ep_poll+0x300/0x498
[<0>] do_epoll_wait+0x100/0x128
[<0>] do_epoll_pwait.part.0+0x1c/0xb8
[<0>] __arm64_sys_epoll_pwait+0x7c/0x128
[<0>] invoke_syscall+0x50/0x128
[<0>] el0_svc_common.constprop.0+0xc8/0xf0
[<0>] do_el0_svc+0x48/0x78
[<0>] el0_slow_syscall+0x44/0x1b8
[<0>] el0t_64_sync_handler+0x100/0x130
[<0>] el0t_64_sync+0x188/0x190
--- tid=549788 wchan=ep_poll
[<0>] ep_poll+0x300/0x498
[<0>] do_epoll_wait+0x100/0x128
[<0>] do_epoll_pwait.part.0+0x1c/0xb8
[<0>] __arm64_sys_epoll_pwait+0x7c/0x128
[<0>] invoke_syscall+0x50/0x128
[<0>] el0_svc_common.constprop.0+0xc8/0xf0
[<0>] do_el0_svc+0x48/0x78
[<0>] el0_slow_syscall+0x44/0x1b8
[<0>] el0t_64_sync_handler+0x100/0x130
[<0>] el0t_64_sync+0x188/0x190
--- tid=553204 wchan=ep_poll
[<0>] ep_poll+0x300/0x498
[<0>] do_epoll_wait+0x100/0x128
[<0>] do_epoll_pwait.part.0+0x1c/0xb8
[<0>] __arm64_sys_epoll_pwait+0x7c/0x128
[<0>] invoke_syscall+0x50/0x128
[<0>] el0_svc_common.constprop.0+0xc8/0xf0
[<0>] do_el0_svc+0x48/0x78
[<0>] el0_slow_syscall+0x44/0x1b8
[<0>] el0t_64_sync_handler+0x100/0x130
[<0>] el0t_64_sync+0x188/0x190
--- tid=553205 wchan=ep_poll
[<0>] ep_poll+0x300/0x498
[<0>] do_epoll_wait+0x100/0x128
[<0>] do_epoll_pwait.part.0+0x1c/0xb8
[<0>] __arm64_sys_epoll_pwait+0x7c/0x128
[<0>] invoke_syscall+0x50/0x128
[<0>] el0_svc_common.constprop.0+0xc8/0xf0
[<0>] do_el0_svc+0x48/0x78
[<0>] el0_slow_syscall+0x44/0x1b8
[<0>] el0t_64_sync_handler+0x100/0x130
[<0>] el0t_64_sync+0x188/0x190
--- tid=553217 wchan=ep_poll
[<0>] ep_poll+0x300/0x498
[<0>] do_epoll_wait+0x100/0x128
[<0>] do_epoll_pwait.part.0+0x1c/0xb8
[<0>] __arm64_sys_epoll_pwait+0x7c/0x128
[<0>] invoke_syscall+0x50/0x128
[<0>] el0_svc_common.constprop.0+0xc8/0xf0
[<0>] do_el0_svc+0x48/0x78
[<0>] el0_slow_syscall+0x44/0x1b8
[<0>] el0t_64_sync_handler+0x100/0x130
[<0>] el0t_64_sync+0x188/0x190
--- tid=553218 wchan=ep_poll
[<0>] ep_poll+0x300/0x498
[<0>] do_epoll_wait+0x100/0x128
[<0>] do_epoll_pwait.part.0+0x1c/0xb8
[<0>] __arm64_sys_epoll_pwait+0x7c/0x128
[<0>] invoke_syscall+0x50/0x128
[<0>] el0_svc_common.constprop.0+0xc8/0xf0
[<0>] do_el0_svc+0x48/0x78
[<0>] el0_slow_syscall+0x44/0x1b8
[<0>] el0t_64_sync_handler+0x100/0x130
[<0>] el0t_64_sync+0x188/0x190
--- tid=553225 wchan=ep_poll
[<0>] ep_poll+0x300/0x498
[<0>] do_epoll_wait+0x100/0x128
[<0>] do_epoll_pwait.part.0+0x1c/0xb8
[<0>] __arm64_sys_epoll_pwait+0x7c/0x128
[<0>] invoke_syscall+0x50/0x128
[<0>] el0_svc_common.constprop.0+0xc8/0xf0
[<0>] do_el0_svc+0x48/0x78
[<0>] el0_slow_syscall+0x44/0x1b8
[<0>] el0t_64_sync_handler+0x100/0x130
[<0>] el0t_64_sync+0x188/0x190
--- tid=553226 wchan=ep_poll
[<0>] ep_poll+0x300/0x498
[<0>] do_epoll_wait+0x100/0x128
[<0>] do_epoll_pwait.part.0+0x1c/0xb8
[<0>] __arm64_sys_epoll_pwait+0x7c/0x128
[<0>] invoke_syscall+0x50/0x128
[<0>] el0_svc_common.constprop.0+0xc8/0xf0
[<0>] do_el0_svc+0x48/0x78
[<0>] el0_slow_syscall+0x44/0x1b8
[<0>] el0t_64_sync_handler+0x100/0x130
[<0>] el0t_64_sync+0x188/0x190
--- tid=553233 wchan=ep_poll
[<0>] ep_poll+0x300/0x498
[<0>] do_epoll_wait+0x100/0x128
[<0>] do_epoll_pwait.part.0+0x1c/0xb8
[<0>] __arm64_sys_epoll_pwait+0x7c/0x128
[<0>] invoke_syscall+0x50/0x128
[<0>] el0_svc_common.constprop.0+0xc8/0xf0
[<0>] do_el0_svc+0x48/0x78
[<0>] el0_slow_syscall+0x44/0x1b8
[<0>] el0t_64_sync_handler+0x100/0x130
[<0>] el0t_64_sync+0x188/0x190
--- tid=553234 wchan=ep_poll
[<0>] ep_poll+0x300/0x498
[<0>] do_epoll_wait+0x100/0x128
[<0>] do_epoll_pwait.part.0+0x1c/0xb8
[<0>] __arm64_sys_epoll_pwait+0x7c/0x128
[<0>] invoke_syscall+0x50/0x128
[<0>] el0_svc_common.constprop.0+0xc8/0xf0
[<0>] do_el0_svc+0x48/0x78
[<0>] el0_slow_syscall+0x44/0x1b8
[<0>] el0t_64_sync_handler+0x100/0x130
[<0>] el0t_64_sync+0x188/0x190
--- tid=553241 wchan=ep_poll
[<0>] ep_poll+0x300/0x498
[<0>] do_epoll_wait+0x100/0x128
[<0>] do_epoll_pwait.part.0+0x1c/0xb8
[<0>] __arm64_sys_epoll_pwait+0x7c/0x128
[<0>] invoke_syscall+0x50/0x128
[<0>] el0_svc_common.constprop.0+0xc8/0xf0
[<0>] do_el0_svc+0x48/0x78
[<0>] el0_slow_syscall+0x44/0x1b8
[<0>] el0t_64_sync_handler+0x100/0x130
[<0>] el0t_64_sync+0x188/0x190
--- tid=553242 wchan=ep_poll
[<0>] ep_poll+0x300/0x498
[<0>] do_epoll_wait+0x100/0x128
[<0>] do_epoll_pwait.part.0+0x1c/0xb8
[<0>] __arm64_sys_epoll_pwait+0x7c/0x128
[<0>] invoke_syscall+0x50/0x128
[<0>] el0_svc_common.constprop.0+0xc8/0xf0
[<0>] do_el0_svc+0x48/0x78
[<0>] el0_slow_syscall+0x44/0x1b8
[<0>] el0t_64_sync_handler+0x100/0x130
[<0>] el0t_64_sync+0x188/0x190
--- tid=553250 wchan=ep_poll
[<0>] ep_poll+0x300/0x498
[<0>] do_epoll_wait+0x100/0x128
[<0>] do_epoll_pwait.part.0+0x1c/0xb8
[<0>] __arm64_sys_epoll_pwait+0x7c/0x128
[<0>] invoke_syscall+0x50/0x128
[<0>] el0_svc_common.constprop.0+0xc8/0xf0
[<0>] do_el0_svc+0x48/0x78
[<0>] el0_slow_syscall+0x44/0x1b8
[<0>] el0t_64_sync_handler+0x100/0x130
[<0>] el0t_64_sync+0x188/0x190
--- tid=553251 wchan=ep_poll
[<0>] ep_poll+0x300/0x498
[<0>] do_epoll_wait+0x100/0x128
[<0>] do_epoll_pwait.part.0+0x1c/0xb8
[<0>] __arm64_sys_epoll_pwait+0x7c/0x128
[<0>] invoke_syscall+0x50/0x128
[<0>] el0_svc_common.constprop.0+0xc8/0xf0
[<0>] do_el0_svc+0x48/0x78
[<0>] el0_slow_syscall+0x44/0x1b8
[<0>] el0t_64_sync_handler+0x100/0x130
[<0>] el0t_64_sync+0x188/0x190
--- tid=553258 wchan=ep_poll
[<0>] ep_poll+0x300/0x498
[<0>] do_epoll_wait+0x100/0x128
[<0>] do_epoll_pwait.part.0+0x1c/0xb8
[<0>] __arm64_sys_epoll_pwait+0x7c/0x128
[<0>] invoke_syscall+0x50/0x128
[<0>] el0_svc_common.constprop.0+0xc8/0xf0
[<0>] do_el0_svc+0x48/0x78
[<0>] el0_slow_syscall+0x44/0x1b8
[<0>] el0t_64_sync_handler+0x100/0x130
[<0>] el0t_64_sync+0x188/0x190
--- tid=553259 wchan=ep_poll
[<0>] ep_poll+0x300/0x498
[<0>] do_epoll_wait+0x100/0x128
[<0>] do_epoll_pwait.part.0+0x1c/0xb8
[<0>] __arm64_sys_epoll_pwait+0x7c/0x128
[<0>] invoke_syscall+0x50/0x128
[<0>] el0_svc_common.constprop.0+0xc8/0xf0
[<0>] do_el0_svc+0x48/0x78
[<0>] el0_slow_syscall+0x44/0x1b8
[<0>] el0t_64_sync_handler+0x100/0x130
[<0>] el0t_64_sync+0x188/0x190
--- tid=553269 wchan=ep_poll
[<0>] ep_poll+0x300/0x498
[<0>] do_epoll_wait+0x100/0x128
[<0>] do_epoll_pwait.part.0+0x1c/0xb8
[<0>] __arm64_sys_epoll_pwait+0x7c/0x128
[<0>] invoke_syscall+0x50/0x128
[<0>] el0_svc_common.constprop.0+0xc8/0xf0
[<0>] do_el0_svc+0x48/0x78
[<0>] el0_slow_syscall+0x44/0x1b8
[<0>] el0t_64_sync_handler+0x100/0x130
[<0>] el0t_64_sync+0x188/0x190
--- tid=553270 wchan=ep_poll
[<0>] ep_poll+0x300/0x498
[<0>] do_epoll_wait+0x100/0x128
[<0>] do_epoll_pwait.part.0+0x1c/0xb8
[<0>] __arm64_sys_epoll_pwait+0x7c/0x128
[<0>] invoke_syscall+0x50/0x128
[<0>] el0_svc_common.constprop.0+0xc8/0xf0
[<0>] do_el0_svc+0x48/0x78
[<0>] el0_slow_syscall+0x44/0x1b8
[<0>] el0t_64_sync_handler+0x100/0x130
[<0>] el0t_64_sync+0x188/0x190
--- tid=553271 wchan=do_poll.constprop.0
[<0>] do_poll.constprop.0+0x288/0x310
[<0>] do_sys_poll+0x234/0x308
[<0>] __arm64_sys_ppoll+0xa8/0x138
[<0>] invoke_syscall+0x50/0x128
[<0>] el0_svc_common.constprop.0+0xc8/0xf0
[<0>] do_el0_svc+0x48/0x78
[<0>] el0_slow_syscall+0x44/0x1b8
[<0>] el0t_64_sync_handler+0x100/0x130
[<0>] el0t_64_sync+0x188/0x190
--- tid=566208 wchan=futex_wait_queue
[<0>] futex_wait_queue+0x78/0xb0
[<0>] futex_wait+0xe8/0x1d0
[<0>] do_futex+0xec/0x1a0
[<0>] __arm64_sys_futex+0x80/0x198
[<0>] invoke_syscall+0x50/0x128
[<0>] el0_svc_common.constprop.0+0xc8/0xf0
[<0>] do_el0_svc+0x48/0x78
[<0>] el0_slow_syscall+0x44/0x1b8
[<0>] el0t_64_sync_handler+0x100/0x130
[<0>] el0t_64_sync+0x188/0x190
--- tid=566209 wchan=futex_wait_queue
[<0>] futex_wait_queue+0x78/0xb0
[<0>] futex_wait+0xe8/0x1d0
[<0>] do_futex+0xec/0x1a0
[<0>] __arm64_sys_futex+0x80/0x198
[<0>] invoke_syscall+0x50/0x128
[<0>] el0_svc_common.constprop.0+0xc8/0xf0
[<0>] do_el0_svc+0x48/0x78
[<0>] el0_slow_syscall+0x44/0x1b8
[<0>] el0t_64_sync_handler+0x100/0x130
[<0>] el0t_64_sync+0x188/0x190
--- tid=566210 wchan=futex_wait_queue
[<0>] futex_wait_queue+0x78/0xb0
[<0>] futex_wait+0xe8/0x1d0
[<0>] do_futex+0xec/0x1a0
[<0>] __arm64_sys_futex+0x80/0x198
[<0>] invoke_syscall+0x50/0x128
[<0>] el0_svc_common.constprop.0+0xc8/0xf0
[<0>] do_el0_svc+0x48/0x78
[<0>] el0_slow_syscall+0x44/0x1b8
[<0>] el0t_64_sync_handler+0x100/0x130
[<0>] el0t_64_sync+0x188/0x190
--- tid=566211 wchan=futex_wait_queue
[<0>] futex_wait_queue+0x78/0xb0
[<0>] futex_wait+0xe8/0x1d0
[<0>] do_futex+0xec/0x1a0
[<0>] __arm64_sys_futex+0x80/0x198
[<0>] invoke_syscall+0x50/0x128
[<0>] el0_svc_common.constprop.0+0xc8/0xf0
[<0>] do_el0_svc+0x48/0x78
[<0>] el0_slow_syscall+0x44/0x1b8
[<0>] el0t_64_sync_handler+0x100/0x130
[<0>] el0t_64_sync+0x188/0x190
--- tid=566212 wchan=futex_wait_queue
[<0>] futex_wait_queue+0x78/0xb0
[<0>] futex_wait+0xe8/0x1d0
[<0>] do_futex+0xec/0x1a0
[<0>] __arm64_sys_futex+0x80/0x198
[<0>] invoke_syscall+0x50/0x128
[<0>] el0_svc_common.constprop.0+0xc8/0xf0
[<0>] do_el0_svc+0x48/0x78
[<0>] el0_slow_syscall+0x44/0x1b8
[<0>] el0t_64_sync_handler+0x100/0x130
[<0>] el0t_64_sync+0x188/0x190
--- tid=566213 wchan=futex_wait_queue
[<0>] futex_wait_queue+0x78/0xb0
[<0>] futex_wait+0xe8/0x1d0
[<0>] do_futex+0xec/0x1a0
[<0>] __arm64_sys_futex+0x80/0x198
[<0>] invoke_syscall+0x50/0x128
[<0>] el0_svc_common.constprop.0+0xc8/0xf0
[<0>] do_el0_svc+0x48/0x78
[<0>] el0_slow_syscall+0x44/0x1b8
[<0>] el0t_64_sync_handler+0x100/0x130
[<0>] el0t_64_sync+0x188/0x190
--- tid=566214 wchan=futex_wait_queue
[<0>] futex_wait_queue+0x78/0xb0
[<0>] futex_wait+0xe8/0x1d0
[<0>] do_futex+0xec/0x1a0
[<0>] __arm64_sys_futex+0x80/0x198
[<0>] invoke_syscall+0x50/0x128
[<0>] el0_svc_common.constprop.0+0xc8/0xf0
[<0>] do_el0_svc+0x48/0x78
[<0>] el0_slow_syscall+0x44/0x1b8
[<0>] el0t_64_sync_handler+0x100/0x130
[<0>] el0t_64_sync+0x188/0x190
--- tid=566215 wchan=futex_wait_queue
[<0>] futex_wait_queue+0x78/0xb0
[<0>] futex_wait+0xe8/0x1d0
[<0>] do_futex+0xec/0x1a0
[<0>] __arm64_sys_futex+0x80/0x198
[<0>] invoke_syscall+0x50/0x128
[<0>] el0_svc_common.constprop.0+0xc8/0xf0
[<0>] do_el0_svc+0x48/0x78
[<0>] el0_slow_syscall+0x44/0x1b8
[<0>] el0t_64_sync_handler+0x100/0x130
[<0>] el0t_64_sync+0x188/0x190
--- tid=566216 wchan=futex_wait_queue
[<0>] futex_wait_queue+0x78/0xb0
[<0>] futex_wait+0xe8/0x1d0
[<0>] do_futex+0xec/0x1a0
[<0>] __arm64_sys_futex+0x80/0x198
[<0>] invoke_syscall+0x50/0x128
[<0>] el0_svc_common.constprop.0+0xc8/0xf0
[<0>] do_el0_svc+0x48/0x78
[<0>] el0_slow_syscall+0x44/0x1b8
[<0>] el0t_64_sync_handler+0x100/0x130
[<0>] el0t_64_sync+0x188/0x190
--- tid=566217 wchan=futex_wait_queue
[<0>] futex_wait_queue+0x78/0xb0
[<0>] futex_wait+0xe8/0x1d0
[<0>] do_futex+0xec/0x1a0
[<0>] __arm64_sys_futex+0x80/0x198
[<0>] invoke_syscall+0x50/0x128
[<0>] el0_svc_common.constprop.0+0xc8/0xf0
[<0>] do_el0_svc+0x48/0x78
[<0>] el0_slow_syscall+0x44/0x1b8
[<0>] el0t_64_sync_handler+0x100/0x130
[<0>] el0t_64_sync+0x188/0x190
--- tid=566218 wchan=futex_wait_queue
[<0>] futex_wait_queue+0x78/0xb0
[<0>] futex_wait+0xe8/0x1d0
[<0>] do_futex+0xec/0x1a0
[<0>] __arm64_sys_futex+0x80/0x198
[<0>] invoke_syscall+0x50/0x128
[<0>] el0_svc_common.constprop.0+0xc8/0xf0
[<0>] do_el0_svc+0x48/0x78
[<0>] el0_slow_syscall+0x44/0x1b8
[<0>] el0t_64_sync_handler+0x100/0x130
[<0>] el0t_64_sync+0x188/0x190
--- tid=566219 wchan=futex_wait_queue
[<0>] futex_wait_queue+0x78/0xb0
[<0>] futex_wait+0xe8/0x1d0
[<0>] do_futex+0xec/0x1a0
[<0>] __arm64_sys_futex+0x80/0x198
[<0>] invoke_syscall+0x50/0x128
[<0>] el0_svc_common.constprop.0+0xc8/0xf0
[<0>] do_el0_svc+0x48/0x78
[<0>] el0_slow_syscall+0x44/0x1b8
[<0>] el0t_64_sync_handler+0x100/0x130
[<0>] el0t_64_sync+0x188/0x190
--- tid=566220 wchan=futex_wait_queue
[<0>] futex_wait_queue+0x78/0xb0
[<0>] futex_wait+0xe8/0x1d0
[<0>] do_futex+0xec/0x1a0
[<0>] __arm64_sys_futex+0x80/0x198
[<0>] invoke_syscall+0x50/0x128
[<0>] el0_svc_common.constprop.0+0xc8/0xf0
[<0>] do_el0_svc+0x48/0x78
[<0>] el0_slow_syscall+0x44/0x1b8
[<0>] el0t_64_sync_handler+0x100/0x130
[<0>] el0t_64_sync+0x188/0x190
--- tid=566221 wchan=futex_wait_queue
[<0>] futex_wait_queue+0x78/0xb0
[<0>] futex_wait+0xe8/0x1d0
[<0>] do_futex+0xec/0x1a0
[<0>] __arm64_sys_futex+0x80/0x198
[<0>] invoke_syscall+0x50/0x128
[<0>] el0_svc_common.constprop.0+0xc8/0xf0
[<0>] do_el0_svc+0x48/0x78
[<0>] el0_slow_syscall+0x44/0x1b8
[<0>] el0t_64_sync_handler+0x100/0x130
[<0>] el0t_64_sync+0x188/0x190
--- tid=566222 wchan=futex_wait_queue
[<0>] futex_wait_queue+0x78/0xb0
[<0>] futex_wait+0xe8/0x1d0
[<0>] do_futex+0xec/0x1a0
[<0>] __arm64_sys_futex+0x80/0x198
[<0>] invoke_syscall+0x50/0x128
[<0>] el0_svc_common.constprop.0+0xc8/0xf0
[<0>] do_el0_svc+0x48/0x78
[<0>] el0_slow_syscall+0x44/0x1b8
[<0>] el0t_64_sync_handler+0x100/0x130
[<0>] el0t_64_sync+0x188/0x190
--- tid=566223 wchan=futex_wait_queue
[<0>] futex_wait_queue+0x78/0xb0
[<0>] futex_wait+0xe8/0x1d0
[<0>] do_futex+0xec/0x1a0
[<0>] __arm64_sys_futex+0x80/0x198
[<0>] invoke_syscall+0x50/0x128
[<0>] el0_svc_common.constprop.0+0xc8/0xf0
[<0>] do_el0_svc+0x48/0x78
[<0>] el0_slow_syscall+0x44/0x1b8
[<0>] el0t_64_sync_handler+0x100/0x130
[<0>] el0t_64_sync+0x188/0x190
--- tid=566224 wchan=futex_wait_queue
[<0>] futex_wait_queue+0x78/0xb0
[<0>] futex_wait+0xe8/0x1d0
[<0>] do_futex+0xec/0x1a0
[<0>] __arm64_sys_futex+0x80/0x198
[<0>] invoke_syscall+0x50/0x128
[<0>] el0_svc_common.constprop.0+0xc8/0xf0
[<0>] do_el0_svc+0x48/0x78
[<0>] el0_slow_syscall+0x44/0x1b8
[<0>] el0t_64_sync_handler+0x100/0x130
[<0>] el0t_64_sync+0x188/0x190
--- tid=566225 wchan=futex_wait_queue
[<0>] futex_wait_queue+0x78/0xb0
[<0>] futex_wait+0xe8/0x1d0
[<0>] do_futex+0xec/0x1a0
[<0>] __arm64_sys_futex+0x80/0x198
[<0>] invoke_syscall+0x50/0x128
[<0>] el0_svc_common.constprop.0+0xc8/0xf0
[<0>] do_el0_svc+0x48/0x78
[<0>] el0_slow_syscall+0x44/0x1b8
[<0>] el0t_64_sync_handler+0x100/0x130
[<0>] el0t_64_sync+0x188/0x190
--- tid=566226 wchan=do_poll.constprop.0
[<0>] do_poll.constprop.0+0x288/0x310
[<0>] do_sys_poll+0x234/0x308
[<0>] __arm64_sys_ppoll+0xa8/0x138
[<0>] invoke_syscall+0x50/0x128
[<0>] el0_svc_common.constprop.0+0xc8/0xf0
[<0>] do_el0_svc+0x48/0x78
[<0>] el0_slow_syscall+0x44/0x1b8
[<0>] el0t_64_sync_handler+0x100/0x130
[<0>] el0t_64_sync+0x188/0x190
--- tid=566227 wchan=futex_wait_queue
[<0>] futex_wait_queue+0x78/0xb0
[<0>] futex_wait+0xe8/0x1d0
[<0>] do_futex+0xec/0x1a0
[<0>] __arm64_sys_futex+0x80/0x198
[<0>] invoke_syscall+0x50/0x128
[<0>] el0_svc_common.constprop.0+0xc8/0xf0
[<0>] do_el0_svc+0x48/0x78
[<0>] el0_slow_syscall+0x44/0x1b8
[<0>] el0t_64_sync_handler+0x100/0x130
[<0>] el0t_64_sync+0x188/0x190
--- tid=566228 wchan=ep_poll
[<0>] ep_poll+0x300/0x498
[<0>] do_epoll_wait+0x100/0x128
[<0>] do_epoll_pwait.part.0+0x1c/0xb8
[<0>] __arm64_sys_epoll_pwait+0x7c/0x128
[<0>] invoke_syscall+0x50/0x128
[<0>] el0_svc_common.constprop.0+0xc8/0xf0
[<0>] do_el0_svc+0x48/0x78
[<0>] el0_slow_syscall+0x44/0x1b8
[<0>] el0t_64_sync_handler+0x100/0x130
[<0>] el0t_64_sync+0x188/0x190
--- tid=566229 wchan=ep_poll
[<0>] ep_poll+0x300/0x498
[<0>] do_epoll_wait+0x100/0x128
[<0>] do_epoll_pwait.part.0+0x1c/0xb8
[<0>] __arm64_sys_epoll_pwait+0x7c/0x128
[<0>] invoke_syscall+0x50/0x128
[<0>] el0_svc_common.constprop.0+0xc8/0xf0
[<0>] do_el0_svc+0x48/0x78
[<0>] el0_slow_syscall+0x44/0x1b8
[<0>] el0t_64_sync_handler+0x100/0x130
[<0>] el0t_64_sync+0x188/0x190
--- tid=566230 wchan=ep_poll
[<0>] ep_poll+0x300/0x498
[<0>] do_epoll_wait+0x100/0x128
[<0>] do_epoll_pwait.part.0+0x1c/0xb8
[<0>] __arm64_sys_epoll_pwait+0x7c/0x128
[<0>] invoke_syscall+0x50/0x128
[<0>] el0_svc_common.constprop.0+0xc8/0xf0
[<0>] do_el0_svc+0x48/0x78
[<0>] el0_slow_syscall+0x44/0x1b8
[<0>] el0t_64_sync_handler+0x100/0x130
[<0>] el0t_64_sync+0x188/0x190
--- tid=566231 wchan=ep_poll
[<0>] ep_poll+0x300/0x498
[<0>] do_epoll_wait+0x100/0x128
[<0>] do_epoll_pwait.part.0+0x1c/0xb8
[<0>] __arm64_sys_epoll_pwait+0x7c/0x128
[<0>] invoke_syscall+0x50/0x128
[<0>] el0_svc_common.constprop.0+0xc8/0xf0
[<0>] do_el0_svc+0x48/0x78
[<0>] el0_slow_syscall+0x44/0x1b8
[<0>] el0t_64_sync_handler+0x100/0x130
[<0>] el0t_64_sync+0x188/0x190
--- tid=566243 wchan=futex_wait_queue
[<0>] futex_wait_queue+0x78/0xb0
[<0>] futex_wait+0xe8/0x1d0
[<0>] do_futex+0xec/0x1a0
[<0>] __arm64_sys_futex+0x80/0x198
[<0>] invoke_syscall+0x50/0x128
[<0>] el0_svc_common.constprop.0+0xc8/0xf0
[<0>] do_el0_svc+0x48/0x78
[<0>] el0_slow_syscall+0x44/0x1b8
[<0>] el0t_64_sync_handler+0x100/0x130
[<0>] el0t_64_sync+0x188/0x190
  >>> sent SIGUSR1 to 549659 (Python stacks -> /home/g00619970/moeoffload_multi/log/model_2026_0814_0558_multimech.log)

================ pid=549789  comm=VLLM::Worker_DP ================
cmdline: VLLM::Worker_DP0_TP0_EP0                                                                                                                                  

State:	S (sleeping)
Threads:	124
--- tid=549789 wchan=hrtimer_nanosleep
[<0>] hrtimer_nanosleep+0x80/0x100
[<0>] common_nsleep+0x4c/0x80
[<0>] __arm64_sys_clock_nanosleep+0xd4/0x158
[<0>] invoke_syscall+0x50/0x128
[<0>] el0_svc_common.constprop.0+0xc8/0xf0
[<0>] do_el0_svc+0x48/0x78
[<0>] el0_slow_syscall+0x44/0x1b8
[<0>] el0t_64_sync_handler+0x100/0x130
[<0>] el0t_64_sync+0x188/0x190
--- tid=549797 wchan=futex_wait_queue
[<0>] futex_wait_queue+0x78/0xb0
[<0>] futex_wait+0xe8/0x1d0
[<0>] do_futex+0xec/0x1a0
[<0>] __arm64_sys_futex+0x80/0x198
[<0>] invoke_syscall+0x50/0x128
[<0>] el0_svc_common.constprop.0+0xc8/0xf0
[<0>] do_el0_svc+0x48/0x78
[<0>] el0_slow_syscall+0x44/0x1b8
[<0>] el0t_64_sync_handler+0x100/0x130
[<0>] el0t_64_sync+0x188/0x190
--- tid=549798 wchan=futex_wait_queue
[<0>] futex_wait_queue+0x78/0xb0
[<0>] futex_wait+0xe8/0x1d0
[<0>] do_futex+0xec/0x1a0
[<0>] __arm64_sys_futex+0x80/0x198
[<0>] invoke_syscall+0x50/0x128
[<0>] el0_svc_common.constprop.0+0xc8/0xf0
[<0>] do_el0_svc+0x48/0x78
[<0>] el0_slow_syscall+0x44/0x1b8
[<0>] el0t_64_sync_handler+0x100/0x130
[<0>] el0t_64_sync+0x188/0x190
--- tid=549799 wchan=futex_wait_queue
[<0>] futex_wait_queue+0x78/0xb0
[<0>] futex_wait+0xe8/0x1d0
[<0>] do_futex+0xec/0x1a0
[<0>] __arm64_sys_futex+0x80/0x198
[<0>] invoke_syscall+0x50/0x128
[<0>] el0_svc_common.constprop.0+0xc8/0xf0
[<0>] do_el0_svc+0x48/0x78
[<0>] el0_slow_syscall+0x44/0x1b8
[<0>] el0t_64_sync_handler+0x100/0x130
[<0>] el0t_64_sync+0x188/0x190
--- tid=549800 wchan=futex_wait_queue
[<0>] futex_wait_queue+0x78/0xb0
[<0>] futex_wait+0xe8/0x1d0
[<0>] do_futex+0xec/0x1a0
[<0>] __arm64_sys_futex+0x80/0x198
[<0>] invoke_syscall+0x50/0x128
[<0>] el0_svc_common.constprop.0+0xc8/0xf0
[<0>] do_el0_svc+0x48/0x78
[<0>] el0_slow_syscall+0x44/0x1b8
[<0>] el0t_64_sync_handler+0x100/0x130
[<0>] el0t_64_sync+0x188/0x190
--- tid=549801 wchan=futex_wait_queue
[<0>] futex_wait_queue+0x78/0xb0
[<0>] futex_wait+0xe8/0x1d0
[<0>] do_futex+0xec/0x1a0
[<0>] __arm64_sys_futex+0x80/0x198
[<0>] invoke_syscall+0x50/0x128
[<0>] el0_svc_common.constprop.0+0xc8/0xf0
[<0>] do_el0_svc+0x48/0x78
[<0>] el0_slow_syscall+0x44/0x1b8
[<0>] el0t_64_sync_handler+0x100/0x130
[<0>] el0t_64_sync+0x188/0x190
--- tid=549802 wchan=futex_wait_queue
[<0>] futex_wait_queue+0x78/0xb0
[<0>] futex_wait+0xe8/0x1d0
[<0>] do_futex+0xec/0x1a0
[<0>] __arm64_sys_futex+0x80/0x198
[<0>] invoke_syscall+0x50/0x128
[<0>] el0_svc_common.constprop.0+0xc8/0xf0
[<0>] do_el0_svc+0x48/0x78
[<0>] el0_slow_syscall+0x44/0x1b8
[<0>] el0t_64_sync_handler+0x100/0x130
[<0>] el0t_64_sync+0x188/0x190
--- tid=549803 wchan=futex_wait_queue
[<0>] futex_wait_queue+0x78/0xb0
[<0>] futex_wait+0xe8/0x1d0
[<0>] do_futex+0xec/0x1a0
[<0>] __arm64_sys_futex+0x80/0x198
[<0>] invoke_syscall+0x50/0x128
[<0>] el0_svc_common.constprop.0+0xc8/0xf0
[<0>] do_el0_svc+0x48/0x78
[<0>] el0_slow_syscall+0x44/0x1b8
[<0>] el0t_64_sync_handler+0x100/0x130
[<0>] el0t_64_sync+0x188/0x190
--- tid=549804 wchan=futex_wait_queue
[<0>] futex_wait_queue+0x78/0xb0
[<0>] futex_wait+0xe8/0x1d0
[<0>] do_futex+0xec/0x1a0
[<0>] __arm64_sys_futex+0x80/0x198
[<0>] invoke_syscall+0x50/0x128
[<0>] el0_svc_common.constprop.0+0xc8/0xf0
[<0>] do_el0_svc+0x48/0x78
[<0>] el0_slow_syscall+0x44/0x1b8
[<0>] el0t_64_sync_handler+0x100/0x130
[<0>] el0t_64_sync+0x188/0x190
--- tid=549806 wchan=futex_wait_queue
[<0>] futex_wait_queue+0x78/0xb0
[<0>] futex_wait+0xe8/0x1d0
[<0>] do_futex+0xec/0x1a0
[<0>] __arm64_sys_futex+0x80/0x198
[<0>] invoke_syscall+0x50/0x128
[<0>] el0_svc_common.constprop.0+0xc8/0xf0
[<0>] do_el0_svc+0x48/0x78
[<0>] el0_slow_syscall+0x44/0x1b8
[<0>] el0t_64_sync_handler+0x100/0x130
[<0>] el0t_64_sync+0x188/0x190
--- tid=549874 wchan=ep_poll
[<0>] ep_poll+0x300/0x498
[<0>] do_epoll_wait+0x100/0x128
[<0>] do_epoll_pwait.part.0+0x1c/0xb8
[<0>] __arm64_sys_epoll_pwait+0x7c/0x128
[<0>] invoke_syscall+0x50/0x128
[<0>] el0_svc_common.constprop.0+0xc8/0xf0
[<0>] do_el0_svc+0x48/0x78
[<0>] el0_slow_syscall+0x44/0x1b8
[<0>] el0t_64_sync_handler+0x100/0x130
[<0>] el0t_64_sync+0x188/0x190
--- tid=549876 wchan=hrtimer_nanosleep
[<0>] hrtimer_nanosleep+0x80/0x100
[<0>] common_nsleep+0x4c/0x80
[<0>] __arm64_sys_clock_nanosleep+0xd4/0x158
[<0>] invoke_syscall+0x50/0x128
[<0>] el0_svc_common.constprop.0+0xc8/0xf0
[<0>] do_el0_svc+0x48/0x78
[<0>] el0_slow_syscall+0x44/0x1b8
[<0>] el0t_64_sync_handler+0x100/0x130
[<0>] el0t_64_sync+0x188/0x190
--- tid=549878 wchan=hrtimer_nanosleep
[<0>] hrtimer_nanosleep+0x80/0x100
[<0>] common_nsleep+0x4c/0x80
[<0>] __arm64_sys_clock_nanosleep+0xd4/0x158
[<0>] invoke_syscall+0x50/0x128
[<0>] el0_svc_common.constprop.0+0xc8/0xf0
[<0>] do_el0_svc+0x48/0x78
[<0>] el0_slow_syscall+0x44/0x1b8
[<0>] el0t_64_sync_handler+0x100/0x130
[<0>] el0t_64_sync+0x188/0x190
--- tid=549880 wchan=hrtimer_nanosleep
[<0>] hrtimer_nanosleep+0x80/0x100
[<0>] common_nsleep+0x4c/0x80
[<0>] __arm64_sys_clock_nanosleep+0xd4/0x158
[<0>] invoke_syscall+0x50/0x128
[<0>] el0_svc_common.constprop.0+0xc8/0xf0
[<0>] do_el0_svc+0x48/0x78
[<0>] el0_slow_syscall+0x44/0x1b8
[<0>] el0t_64_sync_handler+0x100/0x130
[<0>] el0t_64_sync+0x188/0x190
--- tid=550084 wchan=futex_wait_queue
[<0>] futex_wait_queue+0x78/0xb0
[<0>] futex_wait+0xe8/0x1d0
[<0>] do_futex+0xec/0x1a0
[<0>] __arm64_sys_futex+0x80/0x198
[<0>] invoke_syscall+0x50/0x128
[<0>] el0_svc_common.constprop.0+0xc8/0xf0
[<0>] do_el0_svc+0x48/0x78
[<0>] el0_slow_syscall+0x44/0x1b8
[<0>] el0t_64_sync_handler+0x100/0x130
[<0>] el0t_64_sync+0x188/0x190
--- tid=550085 wchan=futex_wait_queue
[<0>] futex_wait_queue+0x78/0xb0
[<0>] futex_wait+0xe8/0x1d0
[<0>] do_futex+0xec/0x1a0
[<0>] __arm64_sys_futex+0x80/0x198
[<0>] invoke_syscall+0x50/0x128
[<0>] el0_svc_common.constprop.0+0xc8/0xf0
[<0>] do_el0_svc+0x48/0x78
[<0>] el0_slow_syscall+0x44/0x1b8
[<0>] el0t_64_sync_handler+0x100/0x130
[<0>] el0t_64_sync+0x188/0x190
--- tid=550086 wchan=futex_wait_queue
[<0>] futex_wait_queue+0x78/0xb0
[<0>] futex_wait+0xe8/0x1d0
[<0>] do_futex+0xec/0x1a0
[<0>] __arm64_sys_futex+0x80/0x198
[<0>] invoke_syscall+0x50/0x128
[<0>] el0_svc_common.constprop.0+0xc8/0xf0
[<0>] do_el0_svc+0x48/0x78
[<0>] el0_slow_syscall+0x44/0x1b8
[<0>] el0t_64_sync_handler+0x100/0x130
[<0>] el0t_64_sync+0x188/0x190
--- tid=550087 wchan=futex_wait_queue
[<0>] futex_wait_queue+0x78/0xb0
[<0>] futex_wait+0xe8/0x1d0
[<0>] do_futex+0xec/0x1a0
[<0>] __arm64_sys_futex+0x80/0x198
[<0>] invoke_syscall+0x50/0x128
[<0>] el0_svc_common.constprop.0+0xc8/0xf0
[<0>] do_el0_svc+0x48/0x78
[<0>] el0_slow_syscall+0x44/0x1b8
[<0>] el0t_64_sync_handler+0x100/0x130
[<0>] el0t_64_sync+0x188/0x190
--- tid=550088 wchan=futex_wait_queue
[<0>] futex_wait_queue+0x78/0xb0
[<0>] futex_wait+0xe8/0x1d0
[<0>] do_futex+0xec/0x1a0
[<0>] __arm64_sys_futex+0x80/0x198
[<0>] invoke_syscall+0x50/0x128
[<0>] el0_svc_common.constprop.0+0xc8/0xf0
[<0>] do_el0_svc+0x48/0x78
[<0>] el0_slow_syscall+0x44/0x1b8
[<0>] el0t_64_sync_handler+0x100/0x130
[<0>] el0t_64_sync+0x188/0x190
--- tid=550089 wchan=futex_wait_queue
[<0>] futex_wait_queue+0x78/0xb0
[<0>] futex_wait+0xe8/0x1d0
[<0>] do_futex+0xec/0x1a0
[<0>] __arm64_sys_futex+0x80/0x198
[<0>] invoke_syscall+0x50/0x128
[<0>] el0_svc_common.constprop.0+0xc8/0xf0
[<0>] do_el0_svc+0x48/0x78
[<0>] el0_slow_syscall+0x44/0x1b8
[<0>] el0t_64_sync_handler+0x100/0x130
[<0>] el0t_64_sync+0x188/0x190
--- tid=550090 wchan=futex_wait_queue
[<0>] futex_wait_queue+0x78/0xb0
[<0>] futex_wait+0xe8/0x1d0
[<0>] do_futex+0xec/0x1a0
[<0>] __arm64_sys_futex+0x80/0x198
[<0>] invoke_syscall+0x50/0x128
[<0>] el0_svc_common.constprop.0+0xc8/0xf0
[<0>] do_el0_svc+0x48/0x78
[<0>] el0_slow_syscall+0x44/0x1b8
[<0>] el0t_64_sync_handler+0x100/0x130
[<0>] el0t_64_sync+0x188/0x190
--- tid=550091 wchan=futex_wait_queue
[<0>] futex_wait_queue+0x78/0xb0
[<0>] futex_wait+0xe8/0x1d0
[<0>] do_futex+0xec/0x1a0
[<0>] __arm64_sys_futex+0x80/0x198
[<0>] invoke_syscall+0x50/0x128
[<0>] el0_svc_common.constprop.0+0xc8/0xf0
[<0>] do_el0_svc+0x48/0x78
[<0>] el0_slow_syscall+0x44/0x1b8
[<0>] el0t_64_sync_handler+0x100/0x130
[<0>] el0t_64_sync+0x188/0x190
--- tid=550092 wchan=futex_wait_queue
[<0>] futex_wait_queue+0x78/0xb0
[<0>] futex_wait+0xe8/0x1d0
[<0>] do_futex+0xec/0x1a0
[<0>] __arm64_sys_futex+0x80/0x198
[<0>] invoke_syscall+0x50/0x128
[<0>] el0_svc_common.constprop.0+0xc8/0xf0
[<0>] do_el0_svc+0x48/0x78
[<0>] el0_slow_syscall+0x44/0x1b8
[<0>] el0t_64_sync_handler+0x100/0x130
[<0>] el0t_64_sync+0x188/0x190
--- tid=550217 wchan=do_sigtimedwait
[<0>] do_sigtimedwait+0x1d4/0x2a8
[<0>] __se_sys_rt_sigtimedwait+0x94/0x160
[<0>] __arm64_sys_rt_sigtimedwait+0x24/0x38
[<0>] invoke_syscall+0x50/0x128
[<0>] el0_svc_common.constprop.0+0xc8/0xf0
[<0>] do_el0_svc+0x48/0x78
[<0>] el0_slow_syscall+0x44/0x1b8
[<0>] el0t_64_sync_handler+0x100/0x130
[<0>] el0t_64_sync+0x188/0x190
--- tid=550253 wchan=futex_wait_queue
[<0>] futex_wait_queue+0x78/0xb0
[<0>] futex_wait+0xe8/0x1d0
[<0>] do_futex+0xec/0x1a0
[<0>] __arm64_sys_futex+0x80/0x198
[<0>] invoke_syscall+0x50/0x128
[<0>] el0_svc_common.constprop.0+0xc8/0xf0
[<0>] do_el0_svc+0x48/0x78
[<0>] el0_slow_syscall+0x44/0x1b8
[<0>] el0t_64_sync_handler+0x100/0x130
[<0>] el0t_64_sync+0x188/0x190
--- tid=550254 wchan=futex_wait_queue
[<0>] futex_wait_queue+0x78/0xb0
[<0>] futex_wait+0xe8/0x1d0
[<0>] do_futex+0xec/0x1a0
[<0>] __arm64_sys_futex+0x80/0x198
[<0>] invoke_syscall+0x50/0x128
[<0>] el0_svc_common.constprop.0+0xc8/0xf0
[<0>] do_el0_svc+0x48/0x78
[<0>] el0_slow_syscall+0x44/0x1b8
[<0>] el0t_64_sync_handler+0x100/0x130
[<0>] el0t_64_sync+0x188/0x190
--- tid=550255 wchan=ep_poll
[<0>] ep_poll+0x300/0x498
[<0>] do_epoll_wait+0x100/0x128
[<0>] do_epoll_pwait.part.0+0x1c/0xb8
[<0>] __arm64_sys_epoll_pwait+0x7c/0x128
[<0>] invoke_syscall+0x50/0x128
[<0>] el0_svc_common.constprop.0+0xc8/0xf0
[<0>] do_el0_svc+0x48/0x78
[<0>] el0_slow_syscall+0x44/0x1b8
[<0>] el0t_64_sync_handler+0x100/0x130
[<0>] el0t_64_sync+0x188/0x190
--- tid=550256 wchan=hdcdrv_ub_cmd_wait_ctrl_msg
[<0>] hdcdrv_ub_cmd_wait_ctrl_msg+0x378/0x440 [drv_pcie_hdc_host]
[<0>] hdcdrv_ioctl+0x108/0x510 [drv_pcie_hdc_host]
[<0>] drv_ascend_intf_ioctl+0x7c/0x2b8 [asdrv_pbl]
[<0>] __arm64_sys_ioctl+0xb4/0x100
[<0>] invoke_syscall+0x50/0x128
[<0>] el0_svc_common.constprop.0+0xc8/0xf0
[<0>] do_el0_svc+0x48/0x78
[<0>] el0_slow_syscall+0x44/0x1b8
[<0>] el0t_64_sync_handler+0x100/0x130
[<0>] el0t_64_sync+0x188/0x190
--- tid=550257 wchan=ep_poll
[<0>] ep_poll+0x300/0x498
[<0>] do_epoll_wait+0x100/0x128
[<0>] do_epoll_pwait.part.0+0x1c/0xb8
[<0>] __arm64_sys_epoll_pwait+0x7c/0x128
[<0>] invoke_syscall+0x50/0x128
[<0>] el0_svc_common.constprop.0+0xc8/0xf0
[<0>] do_el0_svc+0x48/0x78
[<0>] el0_slow_syscall+0x44/0x1b8
[<0>] el0t_64_sync_handler+0x100/0x130
[<0>] el0t_64_sync+0x188/0x190
--- tid=550258 wchan=hdcdrv_ub_cmd_wait_ctrl_msg
[<0>] hdcdrv_ub_cmd_wait_ctrl_msg+0x378/0x440 [drv_pcie_hdc_host]
[<0>] hdcdrv_ioctl+0x108/0x510 [drv_pcie_hdc_host]
[<0>] drv_ascend_intf_ioctl+0x7c/0x2b8 [asdrv_pbl]
[<0>] __arm64_sys_ioctl+0xb4/0x100
[<0>] invoke_syscall+0x50/0x128
[<0>] el0_svc_common.constprop.0+0xc8/0xf0
[<0>] do_el0_svc+0x48/0x78
[<0>] el0_slow_syscall+0x44/0x1b8
[<0>] el0t_64_sync_handler+0x100/0x130
[<0>] el0t_64_sync+0x188/0x190
--- tid=550259 wchan=hdcdrv_ub_cmd_wait_ctrl_msg
[<0>] hdcdrv_ub_cmd_wait_ctrl_msg+0x378/0x440 [drv_pcie_hdc_host]
[<0>] hdcdrv_ioctl+0x108/0x510 [drv_pcie_hdc_host]
[<0>] drv_ascend_intf_ioctl+0x7c/0x2b8 [asdrv_pbl]
[<0>] __arm64_sys_ioctl+0xb4/0x100
[<0>] invoke_syscall+0x50/0x128
[<0>] el0_svc_common.constprop.0+0xc8/0xf0
[<0>] do_el0_svc+0x48/0x78
[<0>] el0_slow_syscall+0x44/0x1b8
[<0>] el0t_64_sync_handler+0x100/0x130
[<0>] el0t_64_sync+0x188/0x190
--- tid=550260 wchan=hdcdrv_ub_cmd_wait_ctrl_msg
[<0>] hdcdrv_ub_cmd_wait_ctrl_msg+0x378/0x440 [drv_pcie_hdc_host]
[<0>] hdcdrv_ioctl+0x108/0x510 [drv_pcie_hdc_host]
[<0>] drv_ascend_intf_ioctl+0x7c/0x2b8 [asdrv_pbl]
[<0>] __arm64_sys_ioctl+0xb4/0x100
[<0>] invoke_syscall+0x50/0x128
[<0>] el0_svc_common.constprop.0+0xc8/0xf0
[<0>] do_el0_svc+0x48/0x78
[<0>] el0_slow_syscall+0x44/0x1b8
[<0>] el0t_64_sync_handler+0x100/0x130
[<0>] el0t_64_sync+0x188/0x190
--- tid=550261 wchan=hdcdrv_ub_cmd_wait_ctrl_msg
[<0>] hdcdrv_ub_cmd_wait_ctrl_msg+0x378/0x440 [drv_pcie_hdc_host]
[<0>] hdcdrv_ioctl+0x108/0x510 [drv_pcie_hdc_host]
[<0>] drv_ascend_intf_ioctl+0x7c/0x2b8 [asdrv_pbl]
[<0>] __arm64_sys_ioctl+0xb4/0x100
[<0>] invoke_syscall+0x50/0x128
[<0>] el0_svc_common.constprop.0+0xc8/0xf0
[<0>] do_el0_svc+0x48/0x78
[<0>] el0_slow_syscall+0x44/0x1b8
[<0>] el0t_64_sync_handler+0x100/0x130
[<0>] el0t_64_sync+0x188/0x190
--- tid=550262 wchan=hdcdrv_ub_cmd_wait_ctrl_msg
[<0>] hdcdrv_ub_cmd_wait_ctrl_msg+0x378/0x440 [drv_pcie_hdc_host]
[<0>] hdcdrv_ioctl+0x108/0x510 [drv_pcie_hdc_host]
[<0>] drv_ascend_intf_ioctl+0x7c/0x2b8 [asdrv_pbl]
[<0>] __arm64_sys_ioctl+0xb4/0x100
[<0>] invoke_syscall+0x50/0x128
[<0>] el0_svc_common.constprop.0+0xc8/0xf0
[<0>] do_el0_svc+0x48/0x78
[<0>] el0_slow_syscall+0x44/0x1b8
[<0>] el0t_64_sync_handler+0x100/0x130
[<0>] el0t_64_sync+0x188/0x190
--- tid=550263 wchan=hdcdrv_ub_cmd_wait_ctrl_msg
[<0>] hdcdrv_ub_cmd_wait_ctrl_msg+0x378/0x440 [drv_pcie_hdc_host]
[<0>] hdcdrv_ioctl+0x108/0x510 [drv_pcie_hdc_host]
[<0>] drv_ascend_intf_ioctl+0x7c/0x2b8 [asdrv_pbl]
[<0>] __arm64_sys_ioctl+0xb4/0x100
[<0>] invoke_syscall+0x50/0x128
[<0>] el0_svc_common.constprop.0+0xc8/0xf0
[<0>] do_el0_svc+0x48/0x78
[<0>] el0_slow_syscall+0x44/0x1b8
[<0>] el0t_64_sync_handler+0x100/0x130
[<0>] el0t_64_sync+0x188/0x190
--- tid=550264 wchan=hdcdrv_ub_cmd_wait_ctrl_msg
[<0>] hdcdrv_ub_cmd_wait_ctrl_msg+0x378/0x440 [drv_pcie_hdc_host]
[<0>] hdcdrv_ioctl+0x108/0x510 [drv_pcie_hdc_host]
[<0>] drv_ascend_intf_ioctl+0x7c/0x2b8 [asdrv_pbl]
[<0>] __arm64_sys_ioctl+0xb4/0x100
[<0>] invoke_syscall+0x50/0x128
[<0>] el0_svc_common.constprop.0+0xc8/0xf0
[<0>] do_el0_svc+0x48/0x78
[<0>] el0_slow_syscall+0x44/0x1b8
[<0>] el0t_64_sync_handler+0x100/0x130
[<0>] el0t_64_sync+0x188/0x190
--- tid=550265 wchan=futex_wait_queue
[<0>] futex_wait_queue+0x78/0xb0
[<0>] futex_wait+0xe8/0x1d0
[<0>] do_futex+0xec/0x1a0
[<0>] __arm64_sys_futex+0x80/0x198
[<0>] invoke_syscall+0x50/0x128
[<0>] el0_svc_common.constprop.0+0xc8/0xf0
[<0>] do_el0_svc+0x48/0x78
[<0>] el0_slow_syscall+0x44/0x1b8
[<0>] el0t_64_sync_handler+0x100/0x130
[<0>] el0t_64_sync+0x188/0x190
--- tid=550267 wchan=futex_wait_queue
[<0>] futex_wait_queue+0x78/0xb0
[<0>] futex_wait+0xe8/0x1d0
[<0>] do_futex+0xec/0x1a0
[<0>] __arm64_sys_futex+0x80/0x198
[<0>] invoke_syscall+0x50/0x128
[<0>] el0_svc_common.constprop.0+0xc8/0xf0
[<0>] do_el0_svc+0x48/0x78
[<0>] el0_slow_syscall+0x44/0x1b8
[<0>] el0t_64_sync_handler+0x100/0x130
[<0>] el0t_64_sync+0x188/0x190
--- tid=550288 wchan=sched_wait_event
[<0>] sched_wait_event+0x6e0/0x2220 [asdrv_esched]
[<0>] sched_fop_wait_event+0x90/0x190 [asdrv_esched]
[<0>] _sched_fop_ioctl+0x58/0x198 [asdrv_esched]
[<0>] sched_fop_ioctl+0xc0/0x168 [asdrv_esched]
[<0>] drv_ascend_intf_ioctl+0x7c/0x2b8 [asdrv_pbl]
[<0>] __arm64_sys_ioctl+0xb4/0x100
[<0>] invoke_syscall+0x50/0x128
[<0>] el0_svc_common.constprop.0+0xc8/0xf0
[<0>] do_el0_svc+0x48/0x78
[<0>] el0_slow_syscall+0x44/0x1b8
[<0>] el0t_64_sync_handler+0x100/0x130
[<0>] el0t_64_sync+0x188/0x190
--- tid=550318 wchan=ep_poll
[<0>] ep_poll+0x300/0x498
[<0>] do_epoll_wait+0x100/0x128
[<0>] do_epoll_pwait.part.0+0x1c/0xb8
[<0>] __arm64_sys_epoll_pwait+0x7c/0x128
[<0>] invoke_syscall+0x50/0x128
[<0>] el0_svc_common.constprop.0+0xc8/0xf0
[<0>] do_el0_svc+0x48/0x78
[<0>] el0_slow_syscall+0x44/0x1b8
[<0>] el0t_64_sync_handler+0x100/0x130
[<0>] el0t_64_sync+0x188/0x190
--- tid=550348 wchan=hrtimer_nanosleep
[<0>] hrtimer_nanosleep+0x80/0x100
[<0>] common_nsleep+0x4c/0x80
[<0>] __arm64_sys_clock_nanosleep+0xd4/0x158
[<0>] invoke_syscall+0x50/0x128
[<0>] el0_svc_common.constprop.0+0xc8/0xf0
[<0>] do_el0_svc+0x48/0x78
[<0>] el0_slow_syscall+0x44/0x1b8
[<0>] el0t_64_sync_handler+0x100/0x130
[<0>] el0t_64_sync+0x188/0x190
--- tid=550349 wchan=dms_event_wait_interrupt
[<0>] dms_event_wait_interrupt+0xb8/0x230 [asdrv_fms]
[<0>] dms_event_get_exception+0x88/0x238 [asdrv_fms]
[<0>] dms_event_get_fault_event+0xd8/0x448 [asdrv_fms]
[<0>] urd_feature_handle+0x74/0x220 [asdrv_pbl]
[<0>] dms_feature_process+0xc0/0x390 [asdrv_pbl]
[<0>] dms_cmd_process+0x110/0x260 [asdrv_pbl]
[<0>] dms_ioctl+0x1b4/0x260 [asdrv_pbl]
[<0>] drv_ascend_intf_ioctl+0x7c/0x2b8 [asdrv_pbl]
[<0>] __arm64_sys_ioctl+0xb4/0x100
[<0>] invoke_syscall+0x50/0x128
[<0>] el0_svc_common.constprop.0+0xc8/0xf0
[<0>] do_el0_svc+0x48/0x78
--- tid=550350 wchan=0
[<0>] trs_proc_has_res+0x44/0x78 [asdrv_trs]
[<0>] trs_sqcq_query+0x4c/0x320 [asdrv_trs]
[<0>] ioctl_trs_sqcq_query+0x178/0x3d0 [asdrv_trs]
[<0>] trs_ioctl+0xa8/0x3e0 [asdrv_trs]
[<0>] drv_ascend_intf_ioctl+0x7c/0x2b8 [asdrv_pbl]
[<0>] __arm64_sys_ioctl+0xb4/0x100
[<0>] invoke_syscall+0x50/0x128
[<0>] el0_svc_common.constprop.0+0x60/0xf0
[<0>] do_el0_svc+0x48/0x78
[<0>] el0_slow_syscall+0x44/0x1b8
[<0>] el0t_64_sync_handler+0x100/0x130
[<0>] el0t_64_sync+0x188/0x190
--- tid=550353 wchan=do_wait_intr_irq
[<0>] do_wait_intr_irq+0x94/0x168
[<0>] eventfd_read+0xc0/0x2c8
[<0>] new_sync_read+0xac/0x148
[<0>] vfs_read+0x194/0x1e8
[<0>] ksys_read+0x78/0x118
[<0>] __arm64_sys_read+0x24/0x38
[<0>] invoke_syscall+0x50/0x128
[<0>] el0_svc_common.constprop.0+0xc8/0xf0
[<0>] do_el0_svc+0x48/0x78
[<0>] el0_slow_syscall+0x44/0x1b8
[<0>] el0t_64_sync_handler+0x100/0x130
[<0>] el0t_64_sync+0x188/0x190
--- tid=550354 wchan=do_select
[<0>] do_select+0x424/0x618
[<0>] core_sys_select+0x1dc/0x510
[<0>] __se_sys_pselect6+0x104/0x1c8
[<0>] __arm64_sys_pselect6+0x28/0x48
[<0>] invoke_syscall+0x50/0x128
[<0>] el0_svc_common.constprop.0+0xc8/0xf0
[<0>] do_el0_svc+0x48/0x78
[<0>] el0_slow_syscall+0x44/0x1b8
[<0>] el0t_64_sync_handler+0x100/0x130
[<0>] el0t_64_sync+0x188/0x190
--- tid=550355 wchan=futex_wait_queue
[<0>] futex_wait_queue+0x78/0xb0
[<0>] futex_wait+0xe8/0x1d0
[<0>] do_futex+0xec/0x1a0
[<0>] __arm64_sys_futex+0x80/0x198
[<0>] invoke_syscall+0x50/0x128
[<0>] el0_svc_common.constprop.0+0xc8/0xf0
[<0>] do_el0_svc+0x48/0x78
[<0>] el0_slow_syscall+0x44/0x1b8
[<0>] el0t_64_sync_handler+0x100/0x130
[<0>] el0t_64_sync+0x188/0x190
--- tid=550356 wchan=futex_wait_queue
[<0>] futex_wait_queue+0x78/0xb0
[<0>] futex_wait+0xe8/0x1d0
[<0>] do_futex+0xec/0x1a0
[<0>] __arm64_sys_futex+0x80/0x198
[<0>] invoke_syscall+0x50/0x128
[<0>] el0_svc_common.constprop.0+0xc8/0xf0
[<0>] do_el0_svc+0x48/0x78
[<0>] el0_slow_syscall+0x44/0x1b8
[<0>] el0t_64_sync_handler+0x100/0x130
[<0>] el0t_64_sync+0x188/0x190
--- tid=550357 wchan=futex_wait_queue
[<0>] futex_wait_queue+0x78/0xb0
[<0>] futex_wait+0xe8/0x1d0
[<0>] do_futex+0xec/0x1a0
[<0>] __arm64_sys_futex+0x80/0x198
[<0>] invoke_syscall+0x50/0x128
[<0>] el0_svc_common.constprop.0+0xc8/0xf0
[<0>] do_el0_svc+0x48/0x78
[<0>] el0_slow_syscall+0x44/0x1b8
[<0>] el0t_64_sync_handler+0x100/0x130
[<0>] el0t_64_sync+0x188/0x190
--- tid=550358 wchan=futex_wait_queue
[<0>] futex_wait_queue+0x78/0xb0
[<0>] futex_wait+0xe8/0x1d0
[<0>] do_futex+0xec/0x1a0
[<0>] __arm64_sys_futex+0x80/0x198
[<0>] invoke_syscall+0x50/0x128
[<0>] el0_svc_common.constprop.0+0xc8/0xf0
[<0>] do_el0_svc+0x48/0x78
[<0>] el0_slow_syscall+0x44/0x1b8
[<0>] el0t_64_sync_handler+0x100/0x130
[<0>] el0t_64_sync+0x188/0x190
--- tid=550359 wchan=futex_wait_queue
[<0>] futex_wait_queue+0x78/0xb0
[<0>] futex_wait+0xe8/0x1d0
[<0>] do_futex+0xec/0x1a0
[<0>] __arm64_sys_futex+0x80/0x198
[<0>] invoke_syscall+0x50/0x128
[<0>] el0_svc_common.constprop.0+0xc8/0xf0
[<0>] do_el0_svc+0x48/0x78
[<0>] el0_slow_syscall+0x44/0x1b8
[<0>] el0t_64_sync_handler+0x100/0x130
[<0>] el0t_64_sync+0x188/0x190
--- tid=550360 wchan=futex_wait_queue
[<0>] futex_wait_queue+0x78/0xb0
[<0>] futex_wait+0xe8/0x1d0
[<0>] do_futex+0xec/0x1a0
[<0>] __arm64_sys_futex+0x80/0x198
[<0>] invoke_syscall+0x50/0x128
[<0>] el0_svc_common.constprop.0+0xc8/0xf0
[<0>] do_el0_svc+0x48/0x78
[<0>] el0_slow_syscall+0x44/0x1b8
[<0>] el0t_64_sync_handler+0x100/0x130
[<0>] el0t_64_sync+0x188/0x190
--- tid=550361 wchan=futex_wait_queue
[<0>] futex_wait_queue+0x78/0xb0
[<0>] futex_wait+0xe8/0x1d0
[<0>] do_futex+0xec/0x1a0
[<0>] __arm64_sys_futex+0x80/0x198
[<0>] invoke_syscall+0x50/0x128
[<0>] el0_svc_common.constprop.0+0xc8/0xf0
[<0>] do_el0_svc+0x48/0x78
[<0>] el0_slow_syscall+0x44/0x1b8
[<0>] el0t_64_sync_handler+0x100/0x130
[<0>] el0t_64_sync+0x188/0x190
--- tid=550362 wchan=futex_wait_queue
[<0>] futex_wait_queue+0x78/0xb0
[<0>] futex_wait+0xe8/0x1d0
[<0>] do_futex+0xec/0x1a0
[<0>] __arm64_sys_futex+0x80/0x198
[<0>] invoke_syscall+0x50/0x128
[<0>] el0_svc_common.constprop.0+0xc8/0xf0
[<0>] do_el0_svc+0x48/0x78
[<0>] el0_slow_syscall+0x44/0x1b8
[<0>] el0t_64_sync_handler+0x100/0x130
[<0>] el0t_64_sync+0x188/0x190
--- tid=550363 wchan=futex_wait_queue
[<0>] futex_wait_queue+0x78/0xb0
[<0>] futex_wait+0xe8/0x1d0
[<0>] do_futex+0xec/0x1a0
[<0>] __arm64_sys_futex+0x80/0x198
[<0>] invoke_syscall+0x50/0x128
[<0>] el0_svc_common.constprop.0+0xc8/0xf0
[<0>] do_el0_svc+0x48/0x78
[<0>] el0_slow_syscall+0x44/0x1b8
[<0>] el0t_64_sync_handler+0x100/0x130
[<0>] el0t_64_sync+0x188/0x190
--- tid=550401 wchan=ep_poll
[<0>] ep_poll+0x300/0x498
[<0>] do_epoll_wait+0x100/0x128
[<0>] do_epoll_pwait.part.0+0x1c/0xb8
[<0>] __arm64_sys_epoll_pwait+0x7c/0x128
[<0>] invoke_syscall+0x50/0x128
[<0>] el0_svc_common.constprop.0+0xc8/0xf0
[<0>] do_el0_svc+0x48/0x78
[<0>] el0_slow_syscall+0x44/0x1b8
[<0>] el0t_64_sync_handler+0x100/0x130
[<0>] el0t_64_sync+0x188/0x190
--- tid=550574 wchan=futex_wait_queue
[<0>] futex_wait_queue+0x78/0xb0
[<0>] futex_wait+0xe8/0x1d0
[<0>] do_futex+0xec/0x1a0
[<0>] __arm64_sys_futex+0x80/0x198
[<0>] invoke_syscall+0x50/0x128
[<0>] el0_svc_common.constprop.0+0xc8/0xf0
[<0>] do_el0_svc+0x48/0x78
[<0>] el0_slow_syscall+0x44/0x1b8
[<0>] el0t_64_sync_handler+0x100/0x130
[<0>] el0t_64_sync+0x188/0x190
--- tid=550575 wchan=futex_wait_queue
[<0>] futex_wait_queue+0x78/0xb0
[<0>] futex_wait+0xe8/0x1d0
[<0>] do_futex+0xec/0x1a0
[<0>] __arm64_sys_futex+0x80/0x198
[<0>] invoke_syscall+0x50/0x128
[<0>] el0_svc_common.constprop.0+0xc8/0xf0
[<0>] do_el0_svc+0x48/0x78
[<0>] el0_slow_syscall+0x44/0x1b8
[<0>] el0t_64_sync_handler+0x100/0x130
[<0>] el0t_64_sync+0x188/0x190
--- tid=550576 wchan=ep_poll
[<0>] ep_poll+0x300/0x498
[<0>] do_epoll_wait+0x100/0x128
[<0>] do_epoll_pwait.part.0+0x1c/0xb8
[<0>] __arm64_sys_epoll_pwait+0x7c/0x128
[<0>] invoke_syscall+0x50/0x128
[<0>] el0_svc_common.constprop.0+0xc8/0xf0
[<0>] do_el0_svc+0x48/0x78
[<0>] el0_slow_syscall+0x44/0x1b8
[<0>] el0t_64_sync_handler+0x100/0x130
[<0>] el0t_64_sync+0x188/0x190
--- tid=550577 wchan=futex_wait_queue
[<0>] futex_wait_queue+0x78/0xb0
[<0>] futex_wait+0xe8/0x1d0
[<0>] do_futex+0xec/0x1a0
[<0>] __arm64_sys_futex+0x80/0x198
[<0>] invoke_syscall+0x50/0x128
[<0>] el0_svc_common.constprop.0+0xc8/0xf0
[<0>] do_el0_svc+0x48/0x78
[<0>] el0_slow_syscall+0x44/0x1b8
[<0>] el0t_64_sync_handler+0x100/0x130
[<0>] el0t_64_sync+0x188/0x190
--- tid=550578 wchan=futex_wait_queue
[<0>] futex_wait_queue+0x78/0xb0
[<0>] futex_wait+0xe8/0x1d0
[<0>] do_futex+0xec/0x1a0
[<0>] __arm64_sys_futex+0x80/0x198
[<0>] invoke_syscall+0x50/0x128
[<0>] el0_svc_common.constprop.0+0xc8/0xf0
[<0>] do_el0_svc+0x48/0x78
[<0>] el0_slow_syscall+0x44/0x1b8
[<0>] el0t_64_sync_handler+0x100/0x130
[<0>] el0t_64_sync+0x188/0x190
--- tid=550593 wchan=futex_wait_queue
[<0>] futex_wait_queue+0x78/0xb0
[<0>] futex_wait+0xe8/0x1d0
[<0>] do_futex+0xec/0x1a0
[<0>] __arm64_sys_futex+0x80/0x198
[<0>] invoke_syscall+0x50/0x128
[<0>] el0_svc_common.constprop.0+0xc8/0xf0
[<0>] do_el0_svc+0x48/0x78
[<0>] el0_slow_syscall+0x44/0x1b8
[<0>] el0t_64_sync_handler+0x100/0x130
[<0>] el0t_64_sync+0x188/0x190
--- tid=550602 wchan=ep_poll
[<0>] ep_poll+0x300/0x498
[<0>] do_epoll_wait+0x100/0x128
[<0>] do_epoll_pwait.part.0+0x1c/0xb8
[<0>] __arm64_sys_epoll_pwait+0x7c/0x128
[<0>] invoke_syscall+0x50/0x128
[<0>] el0_svc_common.constprop.0+0xc8/0xf0
[<0>] do_el0_svc+0x48/0x78
[<0>] el0_slow_syscall+0x44/0x1b8
[<0>] el0t_64_sync_handler+0x100/0x130
[<0>] el0t_64_sync+0x188/0x190
--- tid=550615 wchan=futex_wait_queue
[<0>] futex_wait_queue+0x78/0xb0
[<0>] futex_wait+0xe8/0x1d0
[<0>] do_futex+0xec/0x1a0
[<0>] __arm64_sys_futex+0x80/0x198
[<0>] invoke_syscall+0x50/0x128
[<0>] el0_svc_common.constprop.0+0xc8/0xf0
[<0>] do_el0_svc+0x48/0x78
[<0>] el0_slow_syscall+0x44/0x1b8
[<0>] el0t_64_sync_handler+0x100/0x130
[<0>] el0t_64_sync+0x188/0x190
--- tid=550616 wchan=futex_wait_queue
[<0>] futex_wait_queue+0x78/0xb0
[<0>] futex_wait+0xe8/0x1d0
[<0>] do_futex+0xec/0x1a0
[<0>] __arm64_sys_futex+0x80/0x198
[<0>] invoke_syscall+0x50/0x128
[<0>] el0_svc_common.constprop.0+0xc8/0xf0
[<0>] do_el0_svc+0x48/0x78
[<0>] el0_slow_syscall+0x44/0x1b8
[<0>] el0t_64_sync_handler+0x100/0x130
[<0>] el0t_64_sync+0x188/0x190
--- tid=550625 wchan=ep_poll
[<0>] ep_poll+0x300/0x498
[<0>] do_epoll_wait+0x100/0x128
[<0>] do_epoll_pwait.part.0+0x1c/0xb8
[<0>] __arm64_sys_epoll_pwait+0x7c/0x128
[<0>] invoke_syscall+0x50/0x128
[<0>] el0_svc_common.constprop.0+0xc8/0xf0
[<0>] do_el0_svc+0x48/0x78
[<0>] el0_slow_syscall+0x44/0x1b8
[<0>] el0t_64_sync_handler+0x100/0x130
[<0>] el0t_64_sync+0x188/0x190
--- tid=550626 wchan=ep_poll
[<0>] ep_poll+0x300/0x498
[<0>] do_epoll_wait+0x100/0x128
[<0>] do_epoll_pwait.part.0+0x1c/0xb8
[<0>] __arm64_sys_epoll_pwait+0x7c/0x128
[<0>] invoke_syscall+0x50/0x128
[<0>] el0_svc_common.constprop.0+0xc8/0xf0
[<0>] do_el0_svc+0x48/0x78
[<0>] el0_slow_syscall+0x44/0x1b8
[<0>] el0t_64_sync_handler+0x100/0x130
[<0>] el0t_64_sync+0x188/0x190
--- tid=550641 wchan=futex_wait_queue
[<0>] futex_wait_queue+0x78/0xb0
[<0>] futex_wait+0xe8/0x1d0
[<0>] do_futex+0xec/0x1a0
[<0>] __arm64_sys_futex+0x80/0x198
[<0>] invoke_syscall+0x50/0x128
[<0>] el0_svc_common.constprop.0+0xc8/0xf0
[<0>] do_el0_svc+0x48/0x78
[<0>] el0_slow_syscall+0x44/0x1b8
[<0>] el0t_64_sync_handler+0x100/0x130
[<0>] el0t_64_sync+0x188/0x190
--- tid=550649 wchan=ep_poll
[<0>] ep_poll+0x300/0x498
[<0>] do_epoll_wait+0x100/0x128
[<0>] do_epoll_pwait.part.0+0x1c/0xb8
[<0>] __arm64_sys_epoll_pwait+0x7c/0x128
[<0>] invoke_syscall+0x50/0x128
[<0>] el0_svc_common.constprop.0+0xc8/0xf0
[<0>] do_el0_svc+0x48/0x78
[<0>] el0_slow_syscall+0x44/0x1b8
[<0>] el0t_64_sync_handler+0x100/0x130
[<0>] el0t_64_sync+0x188/0x190
--- tid=550657 wchan=futex_wait_queue
[<0>] futex_wait_queue+0x78/0xb0
[<0>] futex_wait+0xe8/0x1d0
[<0>] do_futex+0xec/0x1a0
[<0>] __arm64_sys_futex+0x80/0x198
[<0>] invoke_syscall+0x50/0x128
[<0>] el0_svc_common.constprop.0+0xc8/0xf0
[<0>] do_el0_svc+0x48/0x78
[<0>] el0_slow_syscall+0x44/0x1b8
[<0>] el0t_64_sync_handler+0x100/0x130
[<0>] el0t_64_sync+0x188/0x190
--- tid=550665 wchan=futex_wait_queue
[<0>] futex_wait_queue+0x78/0xb0
[<0>] futex_wait+0xe8/0x1d0
[<0>] do_futex+0xec/0x1a0
[<0>] __arm64_sys_futex+0x80/0x198
[<0>] invoke_syscall+0x50/0x128
[<0>] el0_svc_common.constprop.0+0xc8/0xf0
[<0>] do_el0_svc+0x48/0x78
[<0>] el0_slow_syscall+0x44/0x1b8
[<0>] el0t_64_sync_handler+0x100/0x130
[<0>] el0t_64_sync+0x188/0x190
--- tid=550673 wchan=futex_wait_queue
[<0>] futex_wait_queue+0x78/0xb0
[<0>] futex_wait+0xe8/0x1d0
[<0>] do_futex+0xec/0x1a0
[<0>] __arm64_sys_futex+0x80/0x198
[<0>] invoke_syscall+0x50/0x128
[<0>] el0_svc_common.constprop.0+0xc8/0xf0
[<0>] do_el0_svc+0x48/0x78
[<0>] el0_slow_syscall+0x44/0x1b8
[<0>] el0t_64_sync_handler+0x100/0x130
[<0>] el0t_64_sync+0x188/0x190
--- tid=550681 wchan=ep_poll
[<0>] ep_poll+0x300/0x498
[<0>] do_epoll_wait+0x100/0x128
[<0>] do_epoll_pwait.part.0+0x1c/0xb8
[<0>] __arm64_sys_epoll_pwait+0x7c/0x128
[<0>] invoke_syscall+0x50/0x128
[<0>] el0_svc_common.constprop.0+0xc8/0xf0
[<0>] do_el0_svc+0x48/0x78
[<0>] el0_slow_syscall+0x44/0x1b8
[<0>] el0t_64_sync_handler+0x100/0x130
[<0>] el0t_64_sync+0x188/0x190
--- tid=550692 wchan=futex_wait_queue
[<0>] futex_wait_queue+0x78/0xb0
[<0>] futex_wait+0xe8/0x1d0
[<0>] do_futex+0xec/0x1a0
[<0>] __arm64_sys_futex+0x80/0x198
[<0>] invoke_syscall+0x50/0x128
[<0>] el0_svc_common.constprop.0+0xc8/0xf0
[<0>] do_el0_svc+0x48/0x78
[<0>] el0_slow_syscall+0x44/0x1b8
[<0>] el0t_64_sync_handler+0x100/0x130
[<0>] el0t_64_sync+0x188/0x190
--- tid=550703 wchan=futex_wait_queue
[<0>] futex_wait_queue+0x78/0xb0
[<0>] futex_wait+0xe8/0x1d0
[<0>] do_futex+0xec/0x1a0
[<0>] __arm64_sys_futex+0x80/0x198
[<0>] invoke_syscall+0x50/0x128
[<0>] el0_svc_common.constprop.0+0xc8/0xf0
[<0>] do_el0_svc+0x48/0x78
[<0>] el0_slow_syscall+0x44/0x1b8
[<0>] el0t_64_sync_handler+0x100/0x130
[<0>] el0t_64_sync+0x188/0x190
--- tid=550705 wchan=futex_wait_queue
[<0>] futex_wait_queue+0x78/0xb0
[<0>] futex_wait+0xe8/0x1d0
[<0>] do_futex+0xec/0x1a0
[<0>] __arm64_sys_futex+0x80/0x198
[<0>] invoke_syscall+0x50/0x128
[<0>] el0_svc_common.constprop.0+0xc8/0xf0
[<0>] do_el0_svc+0x48/0x78
[<0>] el0_slow_syscall+0x44/0x1b8
[<0>] el0t_64_sync_handler+0x100/0x130
[<0>] el0t_64_sync+0x188/0x190
--- tid=550714 wchan=ep_poll
[<0>] ep_poll+0x300/0x498
[<0>] do_epoll_wait+0x100/0x128
[<0>] do_epoll_pwait.part.0+0x1c/0xb8
[<0>] __arm64_sys_epoll_pwait+0x7c/0x128
[<0>] invoke_syscall+0x50/0x128
[<0>] el0_svc_common.constprop.0+0xc8/0xf0
[<0>] do_el0_svc+0x48/0x78
[<0>] el0_slow_syscall+0x44/0x1b8
[<0>] el0t_64_sync_handler+0x100/0x130
[<0>] el0t_64_sync+0x188/0x190
--- tid=550723 wchan=futex_wait_queue
[<0>] futex_wait_queue+0x78/0xb0
[<0>] futex_wait+0xe8/0x1d0
[<0>] do_futex+0xec/0x1a0
[<0>] __arm64_sys_futex+0x80/0x198
[<0>] invoke_syscall+0x50/0x128
[<0>] el0_svc_common.constprop.0+0xc8/0xf0
[<0>] do_el0_svc+0x48/0x78
[<0>] el0_slow_syscall+0x44/0x1b8
[<0>] el0t_64_sync_handler+0x100/0x130
[<0>] el0t_64_sync+0x188/0x190
--- tid=550733 wchan=futex_wait_queue
[<0>] futex_wait_queue+0x78/0xb0
[<0>] futex_wait+0xe8/0x1d0
[<0>] do_futex+0xec/0x1a0
[<0>] __arm64_sys_futex+0x80/0x198
[<0>] invoke_syscall+0x50/0x128
[<0>] el0_svc_common.constprop.0+0xc8/0xf0
[<0>] do_el0_svc+0x48/0x78
[<0>] el0_slow_syscall+0x44/0x1b8
[<0>] el0t_64_sync_handler+0x100/0x130
[<0>] el0t_64_sync+0x188/0x190
--- tid=550737 wchan=futex_wait_queue
[<0>] futex_wait_queue+0x78/0xb0
[<0>] futex_wait+0xe8/0x1d0
[<0>] do_futex+0xec/0x1a0
[<0>] __arm64_sys_futex+0x80/0x198
[<0>] invoke_syscall+0x50/0x128
[<0>] el0_svc_common.constprop.0+0xc8/0xf0
[<0>] do_el0_svc+0x48/0x78
[<0>] el0_slow_syscall+0x44/0x1b8
[<0>] el0t_64_sync_handler+0x100/0x130
[<0>] el0t_64_sync+0x188/0x190
--- tid=550746 wchan=ep_poll
[<0>] ep_poll+0x300/0x498
[<0>] do_epoll_wait+0x100/0x128
[<0>] do_epoll_pwait.part.0+0x1c/0xb8
[<0>] __arm64_sys_epoll_pwait+0x7c/0x128
[<0>] invoke_syscall+0x50/0x128
[<0>] el0_svc_common.constprop.0+0xc8/0xf0
[<0>] do_el0_svc+0x48/0x78
[<0>] el0_slow_syscall+0x44/0x1b8
[<0>] el0t_64_sync_handler+0x100/0x130
[<0>] el0t_64_sync+0x188/0x190
--- tid=550765 wchan=futex_wait_queue
[<0>] futex_wait_queue+0x78/0xb0
[<0>] futex_wait+0xe8/0x1d0
[<0>] do_futex+0xec/0x1a0
[<0>] __arm64_sys_futex+0x80/0x198
[<0>] invoke_syscall+0x50/0x128
[<0>] el0_svc_common.constprop.0+0xc8/0xf0
[<0>] do_el0_svc+0x48/0x78
[<0>] el0_slow_syscall+0x44/0x1b8
[<0>] el0t_64_sync_handler+0x100/0x130
[<0>] el0t_64_sync+0x188/0x190
--- tid=550768 wchan=futex_wait_queue
[<0>] futex_wait_queue+0x78/0xb0
[<0>] futex_wait+0xe8/0x1d0
[<0>] do_futex+0xec/0x1a0
[<0>] __arm64_sys_futex+0x80/0x198
[<0>] invoke_syscall+0x50/0x128
[<0>] el0_svc_common.constprop.0+0xc8/0xf0
[<0>] do_el0_svc+0x48/0x78
[<0>] el0_slow_syscall+0x44/0x1b8
[<0>] el0t_64_sync_handler+0x100/0x130
[<0>] el0t_64_sync+0x188/0x190
--- tid=550776 wchan=futex_wait_queue
[<0>] futex_wait_queue+0x78/0xb0
[<0>] futex_wait+0xe8/0x1d0
[<0>] do_futex+0xec/0x1a0
[<0>] __arm64_sys_futex+0x80/0x198
[<0>] invoke_syscall+0x50/0x128
[<0>] el0_svc_common.constprop.0+0xc8/0xf0
[<0>] do_el0_svc+0x48/0x78
[<0>] el0_slow_syscall+0x44/0x1b8
[<0>] el0t_64_sync_handler+0x100/0x130
[<0>] el0t_64_sync+0x188/0x190
--- tid=550784 wchan=ep_poll
[<0>] ep_poll+0x300/0x498
[<0>] do_epoll_wait+0x100/0x128
[<0>] do_epoll_pwait.part.0+0x1c/0xb8
[<0>] __arm64_sys_epoll_pwait+0x7c/0x128
[<0>] invoke_syscall+0x50/0x128
[<0>] el0_svc_common.constprop.0+0xc8/0xf0
[<0>] do_el0_svc+0x48/0x78
[<0>] el0_slow_syscall+0x44/0x1b8
[<0>] el0t_64_sync_handler+0x100/0x130
[<0>] el0t_64_sync+0x188/0x190
--- tid=550785 wchan=futex_wait_queue
[<0>] futex_wait_queue+0x78/0xb0
[<0>] futex_wait+0xe8/0x1d0
[<0>] do_futex+0xec/0x1a0
[<0>] __arm64_sys_futex+0x80/0x198
[<0>] invoke_syscall+0x50/0x128
[<0>] el0_svc_common.constprop.0+0xc8/0xf0
[<0>] do_el0_svc+0x48/0x78
[<0>] el0_slow_syscall+0x44/0x1b8
[<0>] el0t_64_sync_handler+0x100/0x130
[<0>] el0t_64_sync+0x188/0x190
--- tid=550786 wchan=futex_wait_queue
[<0>] futex_wait_queue+0x78/0xb0
[<0>] futex_wait+0xe8/0x1d0
[<0>] do_futex+0xec/0x1a0
[<0>] __arm64_sys_futex+0x80/0x198
[<0>] invoke_syscall+0x50/0x128
[<0>] el0_svc_common.constprop.0+0xc8/0xf0
[<0>] do_el0_svc+0x48/0x78
[<0>] el0_slow_syscall+0x44/0x1b8
[<0>] el0t_64_sync_handler+0x100/0x130
[<0>] el0t_64_sync+0x188/0x190
--- tid=550793 wchan=futex_wait_queue
[<0>] futex_wait_queue+0x78/0xb0
[<0>] futex_wait+0xe8/0x1d0
[<0>] do_futex+0xec/0x1a0
[<0>] __arm64_sys_futex+0x80/0x198
[<0>] invoke_syscall+0x50/0x128
[<0>] el0_svc_common.constprop.0+0xc8/0xf0
[<0>] do_el0_svc+0x48/0x78
[<0>] el0_slow_syscall+0x44/0x1b8
[<0>] el0t_64_sync_handler+0x100/0x130
[<0>] el0t_64_sync+0x188/0x190
--- tid=550810 wchan=ep_poll
[<0>] ep_poll+0x300/0x498
[<0>] do_epoll_wait+0x100/0x128
[<0>] do_epoll_pwait.part.0+0x1c/0xb8
[<0>] __arm64_sys_epoll_pwait+0x7c/0x128
[<0>] invoke_syscall+0x50/0x128
[<0>] el0_svc_common.constprop.0+0xc8/0xf0
[<0>] do_el0_svc+0x48/0x78
[<0>] el0_slow_syscall+0x44/0x1b8
[<0>] el0t_64_sync_handler+0x100/0x130
[<0>] el0t_64_sync+0x188/0x190
--- tid=550820 wchan=futex_wait_queue
[<0>] futex_wait_queue+0x78/0xb0
[<0>] futex_wait+0xe8/0x1d0
[<0>] do_futex+0xec/0x1a0
[<0>] __arm64_sys_futex+0x80/0x198
[<0>] invoke_syscall+0x50/0x128
[<0>] el0_svc_common.constprop.0+0xc8/0xf0
[<0>] do_el0_svc+0x48/0x78
[<0>] el0_slow_syscall+0x44/0x1b8
[<0>] el0t_64_sync_handler+0x100/0x130
[<0>] el0t_64_sync+0x188/0x190
--- tid=550822 wchan=futex_wait_queue
[<0>] futex_wait_queue+0x78/0xb0
[<0>] futex_wait+0xe8/0x1d0
[<0>] do_futex+0xec/0x1a0
[<0>] __arm64_sys_futex+0x80/0x198
[<0>] invoke_syscall+0x50/0x128
[<0>] el0_svc_common.constprop.0+0xc8/0xf0
[<0>] do_el0_svc+0x48/0x78
[<0>] el0_slow_syscall+0x44/0x1b8
[<0>] el0t_64_sync_handler+0x100/0x130
[<0>] el0t_64_sync+0x188/0x190
--- tid=550833 wchan=futex_wait_queue
[<0>] futex_wait_queue+0x78/0xb0
[<0>] futex_wait+0xe8/0x1d0
[<0>] do_futex+0xec/0x1a0
[<0>] __arm64_sys_futex+0x80/0x198
[<0>] invoke_syscall+0x50/0x128
[<0>] el0_svc_common.constprop.0+0xc8/0xf0
[<0>] do_el0_svc+0x48/0x78
[<0>] el0_slow_syscall+0x44/0x1b8
[<0>] el0t_64_sync_handler+0x100/0x130
[<0>] el0t_64_sync+0x188/0x190
--- tid=550844 wchan=futex_wait_queue
[<0>] futex_wait_queue+0x78/0xb0
[<0>] futex_wait+0xe8/0x1d0
[<0>] do_futex+0xec/0x1a0
[<0>] __arm64_sys_futex+0x80/0x198
[<0>] invoke_syscall+0x50/0x128
[<0>] el0_svc_common.constprop.0+0xc8/0xf0
[<0>] do_el0_svc+0x48/0x78
[<0>] el0_slow_syscall+0x44/0x1b8
[<0>] el0t_64_sync_handler+0x100/0x130
[<0>] el0t_64_sync+0x188/0x190
--- tid=550850 wchan=futex_wait_queue
[<0>] futex_wait_queue+0x78/0xb0
[<0>] futex_wait+0xe8/0x1d0
[<0>] do_futex+0xec/0x1a0
[<0>] __arm64_sys_futex+0x80/0x198
[<0>] invoke_syscall+0x50/0x128
[<0>] el0_svc_common.constprop.0+0xc8/0xf0
[<0>] do_el0_svc+0x48/0x78
[<0>] el0_slow_syscall+0x44/0x1b8
[<0>] el0t_64_sync_handler+0x100/0x130
[<0>] el0t_64_sync+0x188/0x190
--- tid=550855 wchan=futex_wait_queue
[<0>] futex_wait_queue+0x78/0xb0
[<0>] futex_wait+0xe8/0x1d0
[<0>] do_futex+0xec/0x1a0
[<0>] __arm64_sys_futex+0x80/0x198
[<0>] invoke_syscall+0x50/0x128
[<0>] el0_svc_common.constprop.0+0xc8/0xf0
[<0>] do_el0_svc+0x48/0x78
[<0>] el0_slow_syscall+0x44/0x1b8
[<0>] el0t_64_sync_handler+0x100/0x130
[<0>] el0t_64_sync+0x188/0x190
--- tid=550861 wchan=futex_wait_queue
[<0>] futex_wait_queue+0x78/0xb0
[<0>] futex_wait+0xe8/0x1d0
[<0>] do_futex+0xec/0x1a0
[<0>] __arm64_sys_futex+0x80/0x198
[<0>] invoke_syscall+0x50/0x128
[<0>] el0_svc_common.constprop.0+0xc8/0xf0
[<0>] do_el0_svc+0x48/0x78
[<0>] el0_slow_syscall+0x44/0x1b8
[<0>] el0t_64_sync_handler+0x100/0x130
[<0>] el0t_64_sync+0x188/0x190
--- tid=550868 wchan=futex_wait_queue
[<0>] futex_wait_queue+0x78/0xb0
[<0>] futex_wait+0xe8/0x1d0
[<0>] do_futex+0xec/0x1a0
[<0>] __arm64_sys_futex+0x80/0x198
[<0>] invoke_syscall+0x50/0x128
[<0>] el0_svc_common.constprop.0+0xc8/0xf0
[<0>] do_el0_svc+0x48/0x78
[<0>] el0_slow_syscall+0x44/0x1b8
[<0>] el0t_64_sync_handler+0x100/0x130
[<0>] el0t_64_sync+0x188/0x190
--- tid=550873 wchan=futex_wait_queue
[<0>] futex_wait_queue+0x78/0xb0
[<0>] futex_wait+0xe8/0x1d0
[<0>] do_futex+0xec/0x1a0
[<0>] __arm64_sys_futex+0x80/0x198
[<0>] invoke_syscall+0x50/0x128
[<0>] el0_svc_common.constprop.0+0xc8/0xf0
[<0>] do_el0_svc+0x48/0x78
[<0>] el0_slow_syscall+0x44/0x1b8
[<0>] el0t_64_sync_handler+0x100/0x130
[<0>] el0t_64_sync+0x188/0x190
--- tid=550880 wchan=futex_wait_queue
[<0>] futex_wait_queue+0x78/0xb0
[<0>] futex_wait+0xe8/0x1d0
[<0>] do_futex+0xec/0x1a0
[<0>] __arm64_sys_futex+0x80/0x198
[<0>] invoke_syscall+0x50/0x128
[<0>] el0_svc_common.constprop.0+0xc8/0xf0
[<0>] do_el0_svc+0x48/0x78
[<0>] el0_slow_syscall+0x44/0x1b8
[<0>] el0t_64_sync_handler+0x100/0x130
[<0>] el0t_64_sync+0x188/0x190
--- tid=550887 wchan=futex_wait_queue
[<0>] futex_wait_queue+0x78/0xb0
[<0>] futex_wait+0xe8/0x1d0
[<0>] do_futex+0xec/0x1a0
[<0>] __arm64_sys_futex+0x80/0x198
[<0>] invoke_syscall+0x50/0x128
[<0>] el0_svc_common.constprop.0+0xc8/0xf0
[<0>] do_el0_svc+0x48/0x78
[<0>] el0_slow_syscall+0x44/0x1b8
[<0>] el0t_64_sync_handler+0x100/0x130
[<0>] el0t_64_sync+0x188/0x190
--- tid=550914 wchan=futex_wait_queue
[<0>] futex_wait_queue+0x78/0xb0
[<0>] futex_wait+0xe8/0x1d0
[<0>] do_futex+0xec/0x1a0
[<0>] __arm64_sys_futex+0x80/0x198
[<0>] invoke_syscall+0x50/0x128
[<0>] el0_svc_common.constprop.0+0xc8/0xf0
[<0>] do_el0_svc+0x48/0x78
[<0>] el0_slow_syscall+0x44/0x1b8
[<0>] el0t_64_sync_handler+0x100/0x130
[<0>] el0t_64_sync+0x188/0x190
--- tid=550915 wchan=futex_wait_queue
[<0>] futex_wait_queue+0x78/0xb0
[<0>] futex_wait+0xe8/0x1d0
[<0>] do_futex+0xec/0x1a0
[<0>] __arm64_sys_futex+0x80/0x198
[<0>] invoke_syscall+0x50/0x128
[<0>] el0_svc_common.constprop.0+0xc8/0xf0
[<0>] do_el0_svc+0x48/0x78
[<0>] el0_slow_syscall+0x44/0x1b8
[<0>] el0t_64_sync_handler+0x100/0x130
[<0>] el0t_64_sync+0x188/0x190
--- tid=550916 wchan=futex_wait_queue
[<0>] futex_wait_queue+0x78/0xb0
[<0>] futex_wait+0xe8/0x1d0
[<0>] do_futex+0xec/0x1a0
[<0>] __arm64_sys_futex+0x80/0x198
[<0>] invoke_syscall+0x50/0x128
[<0>] el0_svc_common.constprop.0+0xc8/0xf0
[<0>] do_el0_svc+0x48/0x78
[<0>] el0_slow_syscall+0x44/0x1b8
[<0>] el0t_64_sync_handler+0x100/0x130
[<0>] el0t_64_sync+0x188/0x190
--- tid=550917 wchan=futex_wait_queue
[<0>] futex_wait_queue+0x78/0xb0
[<0>] futex_wait+0xe8/0x1d0
[<0>] do_futex+0xec/0x1a0
[<0>] __arm64_sys_futex+0x80/0x198
[<0>] invoke_syscall+0x50/0x128
[<0>] el0_svc_common.constprop.0+0xc8/0xf0
[<0>] do_el0_svc+0x48/0x78
[<0>] el0_slow_syscall+0x44/0x1b8
[<0>] el0t_64_sync_handler+0x100/0x130
[<0>] el0t_64_sync+0x188/0x190
--- tid=550918 wchan=futex_wait_queue
[<0>] futex_wait_queue+0x78/0xb0
[<0>] futex_wait+0xe8/0x1d0
[<0>] do_futex+0xec/0x1a0
[<0>] __arm64_sys_futex+0x80/0x198
[<0>] invoke_syscall+0x50/0x128
[<0>] el0_svc_common.constprop.0+0xc8/0xf0
[<0>] do_el0_svc+0x48/0x78
[<0>] el0_slow_syscall+0x44/0x1b8
[<0>] el0t_64_sync_handler+0x100/0x130
[<0>] el0t_64_sync+0x188/0x190
--- tid=550920 wchan=futex_wait_queue
[<0>] futex_wait_queue+0x78/0xb0
[<0>] futex_wait+0xe8/0x1d0
[<0>] do_futex+0xec/0x1a0
[<0>] __arm64_sys_futex+0x80/0x198
[<0>] invoke_syscall+0x50/0x128
[<0>] el0_svc_common.constprop.0+0xc8/0xf0
[<0>] do_el0_svc+0x48/0x78
[<0>] el0_slow_syscall+0x44/0x1b8
[<0>] el0t_64_sync_handler+0x100/0x130
[<0>] el0t_64_sync+0x188/0x190
--- tid=550921 wchan=futex_wait_queue
[<0>] futex_wait_queue+0x78/0xb0
[<0>] futex_wait+0xe8/0x1d0
[<0>] do_futex+0xec/0x1a0
[<0>] __arm64_sys_futex+0x80/0x198
[<0>] invoke_syscall+0x50/0x128
[<0>] el0_svc_common.constprop.0+0xc8/0xf0
[<0>] do_el0_svc+0x48/0x78
[<0>] el0_slow_syscall+0x44/0x1b8
[<0>] el0t_64_sync_handler+0x100/0x130
[<0>] el0t_64_sync+0x188/0x190
--- tid=550923 wchan=futex_wait_queue
[<0>] futex_wait_queue+0x78/0xb0
[<0>] futex_wait+0xe8/0x1d0
[<0>] do_futex+0xec/0x1a0
[<0>] __arm64_sys_futex+0x80/0x198
[<0>] invoke_syscall+0x50/0x128
[<0>] el0_svc_common.constprop.0+0xc8/0xf0
[<0>] do_el0_svc+0x48/0x78
[<0>] el0_slow_syscall+0x44/0x1b8
[<0>] el0t_64_sync_handler+0x100/0x130
[<0>] el0t_64_sync+0x188/0x190
--- tid=550925 wchan=futex_wait_queue
[<0>] futex_wait_queue+0x78/0xb0
[<0>] futex_wait+0xe8/0x1d0
[<0>] do_futex+0xec/0x1a0
[<0>] __arm64_sys_futex+0x80/0x198
[<0>] invoke_syscall+0x50/0x128
[<0>] el0_svc_common.constprop.0+0xc8/0xf0
[<0>] do_el0_svc+0x48/0x78
[<0>] el0_slow_syscall+0x44/0x1b8
[<0>] el0t_64_sync_handler+0x100/0x130
[<0>] el0t_64_sync+0x188/0x190
--- tid=550989 wchan=hrtimer_nanosleep
[<0>] hrtimer_nanosleep+0x80/0x100
[<0>] common_nsleep_timens+0x70/0xa8
[<0>] __arm64_sys_clock_nanosleep+0xd4/0x158
[<0>] invoke_syscall+0x50/0x128
[<0>] el0_svc_common.constprop.0+0xc8/0xf0
[<0>] do_el0_svc+0x48/0x78
[<0>] el0_slow_syscall+0x44/0x1b8
[<0>] el0t_64_sync_handler+0x100/0x130
[<0>] el0t_64_sync+0x188/0x190
--- tid=551017 wchan=hrtimer_nanosleep
[<0>] hrtimer_nanosleep+0x80/0x100
[<0>] common_nsleep+0x4c/0x80
[<0>] __arm64_sys_clock_nanosleep+0xd4/0x158
[<0>] invoke_syscall+0x50/0x128
[<0>] el0_svc_common.constprop.0+0xc8/0xf0
[<0>] do_el0_svc+0x48/0x78
[<0>] el0_slow_syscall+0x44/0x1b8
[<0>] el0t_64_sync_handler+0x100/0x130
[<0>] el0t_64_sync+0x188/0x190
--- tid=553252 wchan=0
[<0>] 0x8
--- tid=553253 wchan=ep_poll
[<0>] ep_poll+0x300/0x498
[<0>] do_epoll_wait+0x100/0x128
[<0>] do_epoll_pwait.part.0+0x1c/0xb8
[<0>] __arm64_sys_epoll_pwait+0x7c/0x128
[<0>] invoke_syscall+0x50/0x128
[<0>] el0_svc_common.constprop.0+0xc8/0xf0
[<0>] do_el0_svc+0x48/0x78
[<0>] el0_slow_syscall+0x44/0x1b8
[<0>] el0t_64_sync_handler+0x100/0x130
[<0>] el0t_64_sync+0x188/0x190
--- tid=553254 wchan=ep_poll
[<0>] ep_poll+0x300/0x498
[<0>] do_epoll_wait+0x100/0x128
[<0>] do_epoll_pwait.part.0+0x1c/0xb8
[<0>] __arm64_sys_epoll_pwait+0x7c/0x128
[<0>] invoke_syscall+0x50/0x128
[<0>] el0_svc_common.constprop.0+0xc8/0xf0
[<0>] do_el0_svc+0x48/0x78
[<0>] el0_slow_syscall+0x44/0x1b8
[<0>] el0t_64_sync_handler+0x100/0x130
[<0>] el0t_64_sync+0x188/0x190
--- tid=553255 wchan=ep_poll
[<0>] ep_poll+0x300/0x498
[<0>] do_epoll_wait+0x100/0x128
[<0>] do_epoll_pwait.part.0+0x1c/0xb8
[<0>] __arm64_sys_epoll_pwait+0x7c/0x128
[<0>] invoke_syscall+0x50/0x128
[<0>] el0_svc_common.constprop.0+0xc8/0xf0
[<0>] do_el0_svc+0x48/0x78
[<0>] el0_slow_syscall+0x44/0x1b8
[<0>] el0t_64_sync_handler+0x100/0x130
[<0>] el0t_64_sync+0x188/0x190
--- tid=553256 wchan=ep_poll
[<0>] ep_poll+0x300/0x498
[<0>] do_epoll_wait+0x100/0x128
[<0>] do_epoll_pwait.part.0+0x1c/0xb8
[<0>] __arm64_sys_epoll_pwait+0x7c/0x128
[<0>] invoke_syscall+0x50/0x128
[<0>] el0_svc_common.constprop.0+0xc8/0xf0
[<0>] do_el0_svc+0x48/0x78
[<0>] el0_slow_syscall+0x44/0x1b8
[<0>] el0t_64_sync_handler+0x100/0x130
[<0>] el0t_64_sync+0x188/0x190
--- tid=553257 wchan=pipe_read
[<0>] pipe_read+0x360/0x400
[<0>] new_sync_read+0x130/0x148
[<0>] vfs_read+0x194/0x1e8
[<0>] ksys_read+0xf4/0x118
[<0>] __arm64_sys_read+0x24/0x38
[<0>] invoke_syscall+0x50/0x128
[<0>] el0_svc_common.constprop.0+0xc8/0xf0
[<0>] do_el0_svc+0x48/0x78
[<0>] el0_slow_syscall+0x44/0x1b8
[<0>] el0t_64_sync_handler+0x100/0x130
[<0>] el0t_64_sync+0x188/0x190
--- tid=553325 wchan=futex_wait_queue
[<0>] futex_wait_queue+0x78/0xb0
[<0>] futex_wait+0xe8/0x1d0
[<0>] do_futex+0xec/0x1a0
[<0>] __arm64_sys_futex+0x80/0x198
[<0>] invoke_syscall+0x50/0x128
[<0>] el0_svc_common.constprop.0+0xc8/0xf0
[<0>] do_el0_svc+0x48/0x78
[<0>] el0_slow_syscall+0x44/0x1b8
[<0>] el0t_64_sync_handler+0x100/0x130
[<0>] el0t_64_sync+0x188/0x190
--- tid=553326 wchan=futex_wait_queue
[<0>] futex_wait_queue+0x78/0xb0
[<0>] futex_wait+0xe8/0x1d0
[<0>] do_futex+0xec/0x1a0
[<0>] __arm64_sys_futex+0x80/0x198
[<0>] invoke_syscall+0x50/0x128
[<0>] el0_svc_common.constprop.0+0xc8/0xf0
[<0>] do_el0_svc+0x48/0x78
[<0>] el0_slow_syscall+0x44/0x1b8
[<0>] el0t_64_sync_handler+0x100/0x130
[<0>] el0t_64_sync+0x188/0x190
--- tid=553327 wchan=futex_wait_queue
[<0>] futex_wait_queue+0x78/0xb0
[<0>] futex_wait+0xe8/0x1d0
[<0>] do_futex+0xec/0x1a0
[<0>] __arm64_sys_futex+0x80/0x198
[<0>] invoke_syscall+0x50/0x128
[<0>] el0_svc_common.constprop.0+0xc8/0xf0
[<0>] do_el0_svc+0x48/0x78
[<0>] el0_slow_syscall+0x44/0x1b8
[<0>] el0t_64_sync_handler+0x100/0x130
[<0>] el0t_64_sync+0x188/0x190
--- tid=553328 wchan=futex_wait_queue
[<0>] futex_wait_queue+0x78/0xb0
[<0>] futex_wait+0xe8/0x1d0
[<0>] do_futex+0xec/0x1a0
[<0>] __arm64_sys_futex+0x80/0x198
[<0>] invoke_syscall+0x50/0x128
[<0>] el0_svc_common.constprop.0+0xc8/0xf0
[<0>] do_el0_svc+0x48/0x78
[<0>] el0_slow_syscall+0x44/0x1b8
[<0>] el0t_64_sync_handler+0x100/0x130
[<0>] el0t_64_sync+0x188/0x190
--- tid=553329 wchan=futex_wait_queue
[<0>] futex_wait_queue+0x78/0xb0
[<0>] futex_wait+0xe8/0x1d0
[<0>] do_futex+0xec/0x1a0
[<0>] __arm64_sys_futex+0x80/0x198
[<0>] invoke_syscall+0x50/0x128
[<0>] el0_svc_common.constprop.0+0xc8/0xf0
[<0>] do_el0_svc+0x48/0x78
[<0>] el0_slow_syscall+0x44/0x1b8
[<0>] el0t_64_sync_handler+0x100/0x130
[<0>] el0t_64_sync+0x188/0x190
--- tid=553385 wchan=hrtimer_nanosleep
[<0>] hrtimer_nanosleep+0x80/0x100
[<0>] common_nsleep+0x4c/0x80
[<0>] __arm64_sys_clock_nanosleep+0xd4/0x158
[<0>] invoke_syscall+0x50/0x128
[<0>] el0_svc_common.constprop.0+0xc8/0xf0
[<0>] do_el0_svc+0x48/0x78
[<0>] el0_slow_syscall+0x44/0x1b8
[<0>] el0t_64_sync_handler+0x100/0x130
[<0>] el0t_64_sync+0x188/0x190
--- tid=553392 wchan=hrtimer_nanosleep
[<0>] hrtimer_nanosleep+0x80/0x100
[<0>] common_nsleep+0x4c/0x80
[<0>] __arm64_sys_clock_nanosleep+0xd4/0x158
[<0>] invoke_syscall+0x50/0x128
[<0>] el0_svc_common.constprop.0+0xc8/0xf0
[<0>] do_el0_svc+0x48/0x78
[<0>] el0_slow_syscall+0x44/0x1b8
[<0>] el0t_64_sync_handler+0x100/0x130
[<0>] el0t_64_sync+0x188/0x190
--- tid=565764 wchan=futex_wait_queue
[<0>] futex_wait_queue+0x78/0xb0
[<0>] futex_wait+0xe8/0x1d0
[<0>] do_futex+0xec/0x1a0
[<0>] __arm64_sys_futex+0x80/0x198
[<0>] invoke_syscall+0x50/0x128
[<0>] el0_svc_common.constprop.0+0xc8/0xf0
[<0>] do_el0_svc+0x48/0x78
[<0>] el0_slow_syscall+0x44/0x1b8
[<0>] el0t_64_sync_handler+0x100/0x130
[<0>] el0t_64_sync+0x188/0x190
  >>> sent SIGUSR1 to 549789 (Python stacks -> /home/g00619970/moeoffload_multi/log/model_2026_0814_0558_multimech.log)

================ pid=549790  comm=VLLM::Worker_DP ================
cmdline: VLLM::Worker_DP0_TP1_EP1                                                                                                                                  

State:	S (sleeping)
Threads:	122
--- tid=549790 wchan=hrtimer_nanosleep
[<0>] hrtimer_nanosleep+0x80/0x100
[<0>] common_nsleep+0x4c/0x80
[<0>] __arm64_sys_clock_nanosleep+0xd4/0x158
[<0>] invoke_syscall+0x50/0x128
[<0>] el0_svc_common.constprop.0+0xc8/0xf0
[<0>] do_el0_svc+0x48/0x78
[<0>] el0_slow_syscall+0x44/0x1b8
[<0>] el0t_64_sync_handler+0x100/0x130
[<0>] el0t_64_sync+0x188/0x190
--- tid=549805 wchan=futex_wait_queue
[<0>] futex_wait_queue+0x78/0xb0
[<0>] futex_wait+0xe8/0x1d0
[<0>] do_futex+0xec/0x1a0
[<0>] __arm64_sys_futex+0x80/0x198
[<0>] invoke_syscall+0x50/0x128
[<0>] el0_svc_common.constprop.0+0xc8/0xf0
[<0>] do_el0_svc+0x48/0x78
[<0>] el0_slow_syscall+0x44/0x1b8
[<0>] el0t_64_sync_handler+0x100/0x130
[<0>] el0t_64_sync+0x188/0x190
--- tid=549807 wchan=futex_wait_queue
[<0>] futex_wait_queue+0x78/0xb0
[<0>] futex_wait+0xe8/0x1d0
[<0>] do_futex+0xec/0x1a0
[<0>] __arm64_sys_futex+0x80/0x198
[<0>] invoke_syscall+0x50/0x128
[<0>] el0_svc_common.constprop.0+0xc8/0xf0
[<0>] do_el0_svc+0x48/0x78
[<0>] el0_slow_syscall+0x44/0x1b8
[<0>] el0t_64_sync_handler+0x100/0x130
[<0>] el0t_64_sync+0x188/0x190
--- tid=549808 wchan=futex_wait_queue
[<0>] futex_wait_queue+0x78/0xb0
[<0>] futex_wait+0xe8/0x1d0
[<0>] do_futex+0xec/0x1a0
[<0>] __arm64_sys_futex+0x80/0x198
[<0>] invoke_syscall+0x50/0x128
[<0>] el0_svc_common.constprop.0+0xc8/0xf0
[<0>] do_el0_svc+0x48/0x78
[<0>] el0_slow_syscall+0x44/0x1b8
[<0>] el0t_64_sync_handler+0x100/0x130
[<0>] el0t_64_sync+0x188/0x190
--- tid=549809 wchan=futex_wait_queue
[<0>] futex_wait_queue+0x78/0xb0
[<0>] futex_wait+0xe8/0x1d0
[<0>] do_futex+0xec/0x1a0
[<0>] __arm64_sys_futex+0x80/0x198
[<0>] invoke_syscall+0x50/0x128
[<0>] el0_svc_common.constprop.0+0xc8/0xf0
[<0>] do_el0_svc+0x48/0x78
[<0>] el0_slow_syscall+0x44/0x1b8
[<0>] el0t_64_sync_handler+0x100/0x130
[<0>] el0t_64_sync+0x188/0x190
--- tid=549810 wchan=futex_wait_queue
[<0>] futex_wait_queue+0x78/0xb0
[<0>] futex_wait+0xe8/0x1d0
[<0>] do_futex+0xec/0x1a0
[<0>] __arm64_sys_futex+0x80/0x198
[<0>] invoke_syscall+0x50/0x128
[<0>] el0_svc_common.constprop.0+0xc8/0xf0
[<0>] do_el0_svc+0x48/0x78
[<0>] el0_slow_syscall+0x44/0x1b8
[<0>] el0t_64_sync_handler+0x100/0x130
[<0>] el0t_64_sync+0x188/0x190
--- tid=549811 wchan=futex_wait_queue
[<0>] futex_wait_queue+0x78/0xb0
[<0>] futex_wait+0xe8/0x1d0
[<0>] do_futex+0xec/0x1a0
[<0>] __arm64_sys_futex+0x80/0x198
[<0>] invoke_syscall+0x50/0x128
[<0>] el0_svc_common.constprop.0+0xc8/0xf0
[<0>] do_el0_svc+0x48/0x78
[<0>] el0_slow_syscall+0x44/0x1b8
[<0>] el0t_64_sync_handler+0x100/0x130
[<0>] el0t_64_sync+0x188/0x190
--- tid=549812 wchan=futex_wait_queue
[<0>] futex_wait_queue+0x78/0xb0
[<0>] futex_wait+0xe8/0x1d0
[<0>] do_futex+0xec/0x1a0
[<0>] __arm64_sys_futex+0x80/0x198
[<0>] invoke_syscall+0x50/0x128
[<0>] el0_svc_common.constprop.0+0xc8/0xf0
[<0>] do_el0_svc+0x48/0x78
[<0>] el0_slow_syscall+0x44/0x1b8
[<0>] el0t_64_sync_handler+0x100/0x130
[<0>] el0t_64_sync+0x188/0x190
--- tid=549813 wchan=futex_wait_queue
[<0>] futex_wait_queue+0x78/0xb0
[<0>] futex_wait+0xe8/0x1d0
[<0>] do_futex+0xec/0x1a0
[<0>] __arm64_sys_futex+0x80/0x198
[<0>] invoke_syscall+0x50/0x128
[<0>] el0_svc_common.constprop.0+0xc8/0xf0
[<0>] do_el0_svc+0x48/0x78
[<0>] el0_slow_syscall+0x44/0x1b8
[<0>] el0t_64_sync_handler+0x100/0x130
[<0>] el0t_64_sync+0x188/0x190
--- tid=549814 wchan=futex_wait_queue
[<0>] futex_wait_queue+0x78/0xb0
[<0>] futex_wait+0xe8/0x1d0
[<0>] do_futex+0xec/0x1a0
[<0>] __arm64_sys_futex+0x80/0x198
[<0>] invoke_syscall+0x50/0x128
[<0>] el0_svc_common.constprop.0+0xc8/0xf0
[<0>] do_el0_svc+0x48/0x78
[<0>] el0_slow_syscall+0x44/0x1b8
[<0>] el0t_64_sync_handler+0x100/0x130
[<0>] el0t_64_sync+0x188/0x190
--- tid=549875 wchan=ep_poll
[<0>] ep_poll+0x300/0x498
[<0>] do_epoll_wait+0x100/0x128
[<0>] do_epoll_pwait.part.0+0x1c/0xb8
[<0>] __arm64_sys_epoll_pwait+0x7c/0x128
[<0>] invoke_syscall+0x50/0x128
[<0>] el0_svc_common.constprop.0+0xc8/0xf0
[<0>] do_el0_svc+0x48/0x78
[<0>] el0_slow_syscall+0x44/0x1b8
[<0>] el0t_64_sync_handler+0x100/0x130
[<0>] el0t_64_sync+0x188/0x190
--- tid=549877 wchan=hrtimer_nanosleep
[<0>] hrtimer_nanosleep+0x80/0x100
[<0>] common_nsleep+0x4c/0x80
[<0>] __arm64_sys_clock_nanosleep+0xd4/0x158
[<0>] invoke_syscall+0x50/0x128
[<0>] el0_svc_common.constprop.0+0xc8/0xf0
[<0>] do_el0_svc+0x48/0x78
[<0>] el0_slow_syscall+0x44/0x1b8
[<0>] el0t_64_sync_handler+0x100/0x130
[<0>] el0t_64_sync+0x188/0x190
--- tid=549879 wchan=hrtimer_nanosleep
[<0>] hrtimer_nanosleep+0x80/0x100
[<0>] common_nsleep+0x4c/0x80
[<0>] __arm64_sys_clock_nanosleep+0xd4/0x158
[<0>] invoke_syscall+0x50/0x128
[<0>] el0_svc_common.constprop.0+0xc8/0xf0
[<0>] do_el0_svc+0x48/0x78
[<0>] el0_slow_syscall+0x44/0x1b8
[<0>] el0t_64_sync_handler+0x100/0x130
[<0>] el0t_64_sync+0x188/0x190
--- tid=549881 wchan=hrtimer_nanosleep
[<0>] hrtimer_nanosleep+0x80/0x100
[<0>] common_nsleep+0x4c/0x80
[<0>] __arm64_sys_clock_nanosleep+0xd4/0x158
[<0>] invoke_syscall+0x50/0x128
[<0>] el0_svc_common.constprop.0+0xc8/0xf0
[<0>] do_el0_svc+0x48/0x78
[<0>] el0_slow_syscall+0x44/0x1b8
[<0>] el0t_64_sync_handler+0x100/0x130
[<0>] el0t_64_sync+0x188/0x190
--- tid=550118 wchan=futex_wait_queue
[<0>] futex_wait_queue+0x78/0xb0
[<0>] futex_wait+0xe8/0x1d0
[<0>] do_futex+0xec/0x1a0
[<0>] __arm64_sys_futex+0x80/0x198
[<0>] invoke_syscall+0x50/0x128
[<0>] el0_svc_common.constprop.0+0xc8/0xf0
[<0>] do_el0_svc+0x48/0x78
[<0>] el0_slow_syscall+0x44/0x1b8
[<0>] el0t_64_sync_handler+0x100/0x130
[<0>] el0t_64_sync+0x188/0x190
--- tid=550119 wchan=futex_wait_queue
[<0>] futex_wait_queue+0x78/0xb0
[<0>] futex_wait+0xe8/0x1d0
[<0>] do_futex+0xec/0x1a0
[<0>] __arm64_sys_futex+0x80/0x198
[<0>] invoke_syscall+0x50/0x128
[<0>] el0_svc_common.constprop.0+0xc8/0xf0
[<0>] do_el0_svc+0x48/0x78
[<0>] el0_slow_syscall+0x44/0x1b8
[<0>] el0t_64_sync_handler+0x100/0x130
[<0>] el0t_64_sync+0x188/0x190
--- tid=550120 wchan=futex_wait_queue
[<0>] futex_wait_queue+0x78/0xb0
[<0>] futex_wait+0xe8/0x1d0
[<0>] do_futex+0xec/0x1a0
[<0>] __arm64_sys_futex+0x80/0x198
[<0>] invoke_syscall+0x50/0x128
[<0>] el0_svc_common.constprop.0+0xc8/0xf0
[<0>] do_el0_svc+0x48/0x78
[<0>] el0_slow_syscall+0x44/0x1b8
[<0>] el0t_64_sync_handler+0x100/0x130
[<0>] el0t_64_sync+0x188/0x190
--- tid=550121 wchan=futex_wait_queue
[<0>] futex_wait_queue+0x78/0xb0
[<0>] futex_wait+0xe8/0x1d0
[<0>] do_futex+0xec/0x1a0
[<0>] __arm64_sys_futex+0x80/0x198
[<0>] invoke_syscall+0x50/0x128
[<0>] el0_svc_common.constprop.0+0xc8/0xf0
[<0>] do_el0_svc+0x48/0x78
[<0>] el0_slow_syscall+0x44/0x1b8
[<0>] el0t_64_sync_handler+0x100/0x130
[<0>] el0t_64_sync+0x188/0x190
--- tid=550122 wchan=futex_wait_queue
[<0>] futex_wait_queue+0x78/0xb0
[<0>] futex_wait+0xe8/0x1d0
[<0>] do_futex+0xec/0x1a0
[<0>] __arm64_sys_futex+0x80/0x198
[<0>] invoke_syscall+0x50/0x128
[<0>] el0_svc_common.constprop.0+0xc8/0xf0
[<0>] do_el0_svc+0x48/0x78
[<0>] el0_slow_syscall+0x44/0x1b8
[<0>] el0t_64_sync_handler+0x100/0x130
[<0>] el0t_64_sync+0x188/0x190
--- tid=550123 wchan=futex_wait_queue
[<0>] futex_wait_queue+0x78/0xb0
[<0>] futex_wait+0xe8/0x1d0
[<0>] do_futex+0xec/0x1a0
[<0>] __arm64_sys_futex+0x80/0x198
[<0>] invoke_syscall+0x50/0x128
[<0>] el0_svc_common.constprop.0+0xc8/0xf0
[<0>] do_el0_svc+0x48/0x78
[<0>] el0_slow_syscall+0x44/0x1b8
[<0>] el0t_64_sync_handler+0x100/0x130
[<0>] el0t_64_sync+0x188/0x190
--- tid=550124 wchan=futex_wait_queue
[<0>] futex_wait_queue+0x78/0xb0
[<0>] futex_wait+0xe8/0x1d0
[<0>] do_futex+0xec/0x1a0
[<0>] __arm64_sys_futex+0x80/0x198
[<0>] invoke_syscall+0x50/0x128
[<0>] el0_svc_common.constprop.0+0xc8/0xf0
[<0>] do_el0_svc+0x48/0x78
[<0>] el0_slow_syscall+0x44/0x1b8
[<0>] el0t_64_sync_handler+0x100/0x130
[<0>] el0t_64_sync+0x188/0x190
--- tid=550125 wchan=futex_wait_queue
[<0>] futex_wait_queue+0x78/0xb0
[<0>] futex_wait+0xe8/0x1d0
[<0>] do_futex+0xec/0x1a0
[<0>] __arm64_sys_futex+0x80/0x198
[<0>] invoke_syscall+0x50/0x128
[<0>] el0_svc_common.constprop.0+0xc8/0xf0
[<0>] do_el0_svc+0x48/0x78
[<0>] el0_slow_syscall+0x44/0x1b8
[<0>] el0t_64_sync_handler+0x100/0x130
[<0>] el0t_64_sync+0x188/0x190
--- tid=550126 wchan=futex_wait_queue
[<0>] futex_wait_queue+0x78/0xb0
[<0>] futex_wait+0xe8/0x1d0
[<0>] do_futex+0xec/0x1a0
[<0>] __arm64_sys_futex+0x80/0x198
[<0>] invoke_syscall+0x50/0x128
[<0>] el0_svc_common.constprop.0+0xc8/0xf0
[<0>] do_el0_svc+0x48/0x78
[<0>] el0_slow_syscall+0x44/0x1b8
[<0>] el0t_64_sync_handler+0x100/0x130
[<0>] el0t_64_sync+0x188/0x190
--- tid=550235 wchan=do_sigtimedwait
[<0>] do_sigtimedwait+0x1d4/0x2a8
[<0>] __se_sys_rt_sigtimedwait+0x94/0x160
[<0>] __arm64_sys_rt_sigtimedwait+0x24/0x38
[<0>] invoke_syscall+0x50/0x128
[<0>] el0_svc_common.constprop.0+0xc8/0xf0
[<0>] do_el0_svc+0x48/0x78
[<0>] el0_slow_syscall+0x44/0x1b8
[<0>] el0t_64_sync_handler+0x100/0x130
[<0>] el0t_64_sync+0x188/0x190
--- tid=550302 wchan=futex_wait_queue
[<0>] futex_wait_queue+0x78/0xb0
[<0>] futex_wait+0xe8/0x1d0
[<0>] do_futex+0xec/0x1a0
[<0>] __arm64_sys_futex+0x80/0x198
[<0>] invoke_syscall+0x50/0x128
[<0>] el0_svc_common.constprop.0+0xc8/0xf0
[<0>] do_el0_svc+0x48/0x78
[<0>] el0_slow_syscall+0x44/0x1b8
[<0>] el0t_64_sync_handler+0x100/0x130
[<0>] el0t_64_sync+0x188/0x190
--- tid=550303 wchan=futex_wait_queue
[<0>] futex_wait_queue+0x78/0xb0
[<0>] futex_wait+0xe8/0x1d0
[<0>] do_futex+0xec/0x1a0
[<0>] __arm64_sys_futex+0x80/0x198
[<0>] invoke_syscall+0x50/0x128
[<0>] el0_svc_common.constprop.0+0xc8/0xf0
[<0>] do_el0_svc+0x48/0x78
[<0>] el0_slow_syscall+0x44/0x1b8
[<0>] el0t_64_sync_handler+0x100/0x130
[<0>] el0t_64_sync+0x188/0x190
--- tid=550304 wchan=ep_poll
[<0>] ep_poll+0x300/0x498
[<0>] do_epoll_wait+0x100/0x128
[<0>] do_epoll_pwait.part.0+0x1c/0xb8
[<0>] __arm64_sys_epoll_pwait+0x7c/0x128
[<0>] invoke_syscall+0x50/0x128
[<0>] el0_svc_common.constprop.0+0xc8/0xf0
[<0>] do_el0_svc+0x48/0x78
[<0>] el0_slow_syscall+0x44/0x1b8
[<0>] el0t_64_sync_handler+0x100/0x130
[<0>] el0t_64_sync+0x188/0x190
--- tid=550305 wchan=hdcdrv_ub_cmd_wait_ctrl_msg
[<0>] hdcdrv_ub_cmd_wait_ctrl_msg+0x378/0x440 [drv_pcie_hdc_host]
[<0>] hdcdrv_ioctl+0x108/0x510 [drv_pcie_hdc_host]
[<0>] drv_ascend_intf_ioctl+0x7c/0x2b8 [asdrv_pbl]
[<0>] __arm64_sys_ioctl+0xb4/0x100
[<0>] invoke_syscall+0x50/0x128
[<0>] el0_svc_common.constprop.0+0xc8/0xf0
[<0>] do_el0_svc+0x48/0x78
[<0>] el0_slow_syscall+0x44/0x1b8
[<0>] el0t_64_sync_handler+0x100/0x130
[<0>] el0t_64_sync+0x188/0x190
--- tid=550306 wchan=ep_poll
[<0>] ep_poll+0x300/0x498
[<0>] do_epoll_wait+0x100/0x128
[<0>] do_epoll_pwait.part.0+0x1c/0xb8
[<0>] __arm64_sys_epoll_pwait+0x7c/0x128
[<0>] invoke_syscall+0x50/0x128
[<0>] el0_svc_common.constprop.0+0xc8/0xf0
[<0>] do_el0_svc+0x48/0x78
[<0>] el0_slow_syscall+0x44/0x1b8
[<0>] el0t_64_sync_handler+0x100/0x130
[<0>] el0t_64_sync+0x188/0x190
--- tid=550307 wchan=hdcdrv_ub_cmd_wait_ctrl_msg
[<0>] hdcdrv_ub_cmd_wait_ctrl_msg+0x378/0x440 [drv_pcie_hdc_host]
[<0>] hdcdrv_ioctl+0x108/0x510 [drv_pcie_hdc_host]
[<0>] drv_ascend_intf_ioctl+0x7c/0x2b8 [asdrv_pbl]
[<0>] __arm64_sys_ioctl+0xb4/0x100
[<0>] invoke_syscall+0x50/0x128
[<0>] el0_svc_common.constprop.0+0xc8/0xf0
[<0>] do_el0_svc+0x48/0x78
[<0>] el0_slow_syscall+0x44/0x1b8
[<0>] el0t_64_sync_handler+0x100/0x130
[<0>] el0t_64_sync+0x188/0x190
--- tid=550308 wchan=hdcdrv_ub_cmd_wait_ctrl_msg
[<0>] hdcdrv_ub_cmd_wait_ctrl_msg+0x378/0x440 [drv_pcie_hdc_host]
[<0>] hdcdrv_ioctl+0x108/0x510 [drv_pcie_hdc_host]
[<0>] drv_ascend_intf_ioctl+0x7c/0x2b8 [asdrv_pbl]
[<0>] __arm64_sys_ioctl+0xb4/0x100
[<0>] invoke_syscall+0x50/0x128
[<0>] el0_svc_common.constprop.0+0xc8/0xf0
[<0>] do_el0_svc+0x48/0x78
[<0>] el0_slow_syscall+0x44/0x1b8
[<0>] el0t_64_sync_handler+0x100/0x130
[<0>] el0t_64_sync+0x188/0x190
--- tid=550309 wchan=hdcdrv_ub_cmd_wait_ctrl_msg
[<0>] hdcdrv_ub_cmd_wait_ctrl_msg+0x378/0x440 [drv_pcie_hdc_host]
[<0>] hdcdrv_ioctl+0x108/0x510 [drv_pcie_hdc_host]
[<0>] drv_ascend_intf_ioctl+0x7c/0x2b8 [asdrv_pbl]
[<0>] __arm64_sys_ioctl+0xb4/0x100
[<0>] invoke_syscall+0x50/0x128
[<0>] el0_svc_common.constprop.0+0xc8/0xf0
[<0>] do_el0_svc+0x48/0x78
[<0>] el0_slow_syscall+0x44/0x1b8
[<0>] el0t_64_sync_handler+0x100/0x130
[<0>] el0t_64_sync+0x188/0x190
--- tid=550310 wchan=hdcdrv_ub_cmd_wait_ctrl_msg
[<0>] hdcdrv_ub_cmd_wait_ctrl_msg+0x378/0x440 [drv_pcie_hdc_host]
[<0>] hdcdrv_ioctl+0x108/0x510 [drv_pcie_hdc_host]
[<0>] drv_ascend_intf_ioctl+0x7c/0x2b8 [asdrv_pbl]
[<0>] __arm64_sys_ioctl+0xb4/0x100
[<0>] invoke_syscall+0x50/0x128
[<0>] el0_svc_common.constprop.0+0xc8/0xf0
[<0>] do_el0_svc+0x48/0x78
[<0>] el0_slow_syscall+0x44/0x1b8
[<0>] el0t_64_sync_handler+0x100/0x130
[<0>] el0t_64_sync+0x188/0x190
--- tid=550311 wchan=hdcdrv_ub_cmd_wait_ctrl_msg
[<0>] hdcdrv_ub_cmd_wait_ctrl_msg+0x378/0x440 [drv_pcie_hdc_host]
[<0>] hdcdrv_ioctl+0x108/0x510 [drv_pcie_hdc_host]
[<0>] drv_ascend_intf_ioctl+0x7c/0x2b8 [asdrv_pbl]
[<0>] __arm64_sys_ioctl+0xb4/0x100
[<0>] invoke_syscall+0x50/0x128
[<0>] el0_svc_common.constprop.0+0xc8/0xf0
[<0>] do_el0_svc+0x48/0x78
[<0>] el0_slow_syscall+0x44/0x1b8
[<0>] el0t_64_sync_handler+0x100/0x130
[<0>] el0t_64_sync+0x188/0x190
--- tid=550312 wchan=hdcdrv_ub_cmd_wait_ctrl_msg
[<0>] hdcdrv_ub_cmd_wait_ctrl_msg+0x378/0x440 [drv_pcie_hdc_host]
[<0>] hdcdrv_ioctl+0x108/0x510 [drv_pcie_hdc_host]
[<0>] drv_ascend_intf_ioctl+0x7c/0x2b8 [asdrv_pbl]
[<0>] __arm64_sys_ioctl+0xb4/0x100
[<0>] invoke_syscall+0x50/0x128
[<0>] el0_svc_common.constprop.0+0xc8/0xf0
[<0>] do_el0_svc+0x48/0x78
[<0>] el0_slow_syscall+0x44/0x1b8
[<0>] el0t_64_sync_handler+0x100/0x130
[<0>] el0t_64_sync+0x188/0x190
--- tid=550313 wchan=hdcdrv_ub_cmd_wait_ctrl_msg
[<0>] hdcdrv_ub_cmd_wait_ctrl_msg+0x378/0x440 [drv_pcie_hdc_host]
[<0>] hdcdrv_ioctl+0x108/0x510 [drv_pcie_hdc_host]
[<0>] drv_ascend_intf_ioctl+0x7c/0x2b8 [asdrv_pbl]
[<0>] __arm64_sys_ioctl+0xb4/0x100
[<0>] invoke_syscall+0x50/0x128
[<0>] el0_svc_common.constprop.0+0xc8/0xf0
[<0>] do_el0_svc+0x48/0x78
[<0>] el0_slow_syscall+0x44/0x1b8
[<0>] el0t_64_sync_handler+0x100/0x130
[<0>] el0t_64_sync+0x188/0x190
--- tid=550315 wchan=futex_wait_queue
[<0>] futex_wait_queue+0x78/0xb0
[<0>] futex_wait+0xe8/0x1d0
[<0>] do_futex+0xec/0x1a0
[<0>] __arm64_sys_futex+0x80/0x198
[<0>] invoke_syscall+0x50/0x128
[<0>] el0_svc_common.constprop.0+0xc8/0xf0
[<0>] do_el0_svc+0x48/0x78
[<0>] el0_slow_syscall+0x44/0x1b8
[<0>] el0t_64_sync_handler+0x100/0x130
[<0>] el0t_64_sync+0x188/0x190
--- tid=550317 wchan=futex_wait_queue
[<0>] futex_wait_queue+0x78/0xb0
[<0>] futex_wait+0xe8/0x1d0
[<0>] do_futex+0xec/0x1a0
[<0>] __arm64_sys_futex+0x80/0x198
[<0>] invoke_syscall+0x50/0x128
[<0>] el0_svc_common.constprop.0+0xc8/0xf0
[<0>] do_el0_svc+0x48/0x78
[<0>] el0_slow_syscall+0x44/0x1b8
[<0>] el0t_64_sync_handler+0x100/0x130
[<0>] el0t_64_sync+0x188/0x190
--- tid=550402 wchan=sched_wait_event
[<0>] sched_wait_event+0x6e0/0x2220 [asdrv_esched]
[<0>] sched_fop_wait_event+0x90/0x190 [asdrv_esched]
[<0>] _sched_fop_ioctl+0x58/0x198 [asdrv_esched]
[<0>] sched_fop_ioctl+0xc0/0x168 [asdrv_esched]
[<0>] drv_ascend_intf_ioctl+0x7c/0x2b8 [asdrv_pbl]
[<0>] __arm64_sys_ioctl+0xb4/0x100
[<0>] invoke_syscall+0x50/0x128
[<0>] el0_svc_common.constprop.0+0xc8/0xf0
[<0>] do_el0_svc+0x48/0x78
[<0>] el0_slow_syscall+0x44/0x1b8
[<0>] el0t_64_sync_handler+0x100/0x130
[<0>] el0t_64_sync+0x188/0x190
--- tid=550415 wchan=ep_poll
[<0>] ep_poll+0x300/0x498
[<0>] do_epoll_wait+0x100/0x128
[<0>] do_epoll_pwait.part.0+0x1c/0xb8
[<0>] __arm64_sys_epoll_pwait+0x7c/0x128
[<0>] invoke_syscall+0x50/0x128
[<0>] el0_svc_common.constprop.0+0xc8/0xf0
[<0>] do_el0_svc+0x48/0x78
[<0>] el0_slow_syscall+0x44/0x1b8
[<0>] el0t_64_sync_handler+0x100/0x130
[<0>] el0t_64_sync+0x188/0x190
--- tid=550425 wchan=hrtimer_nanosleep
[<0>] hrtimer_nanosleep+0x80/0x100
[<0>] common_nsleep+0x4c/0x80
[<0>] __arm64_sys_clock_nanosleep+0xd4/0x158
[<0>] invoke_syscall+0x50/0x128
[<0>] el0_svc_common.constprop.0+0xc8/0xf0
[<0>] do_el0_svc+0x48/0x78
[<0>] el0_slow_syscall+0x44/0x1b8
[<0>] el0t_64_sync_handler+0x100/0x130
[<0>] el0t_64_sync+0x188/0x190
--- tid=550426 wchan=dms_event_wait_interrupt
[<0>] dms_event_wait_interrupt+0xb8/0x230 [asdrv_fms]
[<0>] dms_event_get_exception+0x88/0x238 [asdrv_fms]
[<0>] dms_event_get_fault_event+0xd8/0x448 [asdrv_fms]
[<0>] urd_feature_handle+0x74/0x220 [asdrv_pbl]
[<0>] dms_feature_process+0xc0/0x390 [asdrv_pbl]
[<0>] dms_cmd_process+0x110/0x260 [asdrv_pbl]
[<0>] dms_ioctl+0x1b4/0x260 [asdrv_pbl]
[<0>] drv_ascend_intf_ioctl+0x7c/0x2b8 [asdrv_pbl]
[<0>] __arm64_sys_ioctl+0xb4/0x100
[<0>] invoke_syscall+0x50/0x128
[<0>] el0_svc_common.constprop.0+0xc8/0xf0
[<0>] do_el0_svc+0x48/0x78
--- tid=550427 wchan=futex_wait_queue
[<0>] futex_wait_queue+0x78/0xb0
[<0>] futex_wait+0xe8/0x1d0
[<0>] do_futex+0xec/0x1a0
[<0>] __arm64_sys_futex+0x80/0x198
[<0>] invoke_syscall+0x50/0x128
[<0>] el0_svc_common.constprop.0+0xc8/0xf0
[<0>] do_el0_svc+0x48/0x78
[<0>] el0_slow_syscall+0x44/0x1b8
[<0>] el0t_64_sync_handler+0x100/0x130
[<0>] el0t_64_sync+0x188/0x190
--- tid=550438 wchan=do_wait_intr_irq
[<0>] do_wait_intr_irq+0x94/0x168
[<0>] eventfd_read+0xc0/0x2c8
[<0>] new_sync_read+0xac/0x148
[<0>] vfs_read+0x194/0x1e8
[<0>] ksys_read+0x78/0x118
[<0>] __arm64_sys_read+0x24/0x38
[<0>] invoke_syscall+0x50/0x128
[<0>] el0_svc_common.constprop.0+0xc8/0xf0
[<0>] do_el0_svc+0x48/0x78
[<0>] el0_slow_syscall+0x44/0x1b8
[<0>] el0t_64_sync_handler+0x100/0x130
[<0>] el0t_64_sync+0x188/0x190
--- tid=550439 wchan=do_select
[<0>] do_select+0x424/0x618
[<0>] core_sys_select+0x1dc/0x510
[<0>] __se_sys_pselect6+0x104/0x1c8
[<0>] __arm64_sys_pselect6+0x28/0x48
[<0>] invoke_syscall+0x50/0x128
[<0>] el0_svc_common.constprop.0+0xc8/0xf0
[<0>] do_el0_svc+0x48/0x78
[<0>] el0_slow_syscall+0x44/0x1b8
[<0>] el0t_64_sync_handler+0x100/0x130
[<0>] el0t_64_sync+0x188/0x190
--- tid=550440 wchan=futex_wait_queue
[<0>] futex_wait_queue+0x78/0xb0
[<0>] futex_wait+0xe8/0x1d0
[<0>] do_futex+0xec/0x1a0
[<0>] __arm64_sys_futex+0x80/0x198
[<0>] invoke_syscall+0x50/0x128
[<0>] el0_svc_common.constprop.0+0xc8/0xf0
[<0>] do_el0_svc+0x48/0x78
[<0>] el0_slow_syscall+0x44/0x1b8
[<0>] el0t_64_sync_handler+0x100/0x130
[<0>] el0t_64_sync+0x188/0x190
--- tid=550441 wchan=futex_wait_queue
[<0>] futex_wait_queue+0x78/0xb0
[<0>] futex_wait+0xe8/0x1d0
[<0>] do_futex+0xec/0x1a0
[<0>] __arm64_sys_futex+0x80/0x198
[<0>] invoke_syscall+0x50/0x128
[<0>] el0_svc_common.constprop.0+0xc8/0xf0
[<0>] do_el0_svc+0x48/0x78
[<0>] el0_slow_syscall+0x44/0x1b8
[<0>] el0t_64_sync_handler+0x100/0x130
[<0>] el0t_64_sync+0x188/0x190
--- tid=550442 wchan=futex_wait_queue
[<0>] futex_wait_queue+0x78/0xb0
[<0>] futex_wait+0xe8/0x1d0
[<0>] do_futex+0xec/0x1a0
[<0>] __arm64_sys_futex+0x80/0x198
[<0>] invoke_syscall+0x50/0x128
[<0>] el0_svc_common.constprop.0+0xc8/0xf0
[<0>] do_el0_svc+0x48/0x78
[<0>] el0_slow_syscall+0x44/0x1b8
[<0>] el0t_64_sync_handler+0x100/0x130
[<0>] el0t_64_sync+0x188/0x190
--- tid=550443 wchan=futex_wait_queue
[<0>] futex_wait_queue+0x78/0xb0
[<0>] futex_wait+0xe8/0x1d0
[<0>] do_futex+0xec/0x1a0
[<0>] __arm64_sys_futex+0x80/0x198
[<0>] invoke_syscall+0x50/0x128
[<0>] el0_svc_common.constprop.0+0xc8/0xf0
[<0>] do_el0_svc+0x48/0x78
[<0>] el0_slow_syscall+0x44/0x1b8
[<0>] el0t_64_sync_handler+0x100/0x130
[<0>] el0t_64_sync+0x188/0x190
--- tid=550444 wchan=futex_wait_queue
[<0>] futex_wait_queue+0x78/0xb0
[<0>] futex_wait+0xe8/0x1d0
[<0>] do_futex+0xec/0x1a0
[<0>] __arm64_sys_futex+0x80/0x198
[<0>] invoke_syscall+0x50/0x128
[<0>] el0_svc_common.constprop.0+0xc8/0xf0
[<0>] do_el0_svc+0x48/0x78
[<0>] el0_slow_syscall+0x44/0x1b8
[<0>] el0t_64_sync_handler+0x100/0x130
[<0>] el0t_64_sync+0x188/0x190
--- tid=550445 wchan=futex_wait_queue
[<0>] futex_wait_queue+0x78/0xb0
[<0>] futex_wait+0xe8/0x1d0
[<0>] do_futex+0xec/0x1a0
[<0>] __arm64_sys_futex+0x80/0x198
[<0>] invoke_syscall+0x50/0x128
[<0>] el0_svc_common.constprop.0+0xc8/0xf0
[<0>] do_el0_svc+0x48/0x78
[<0>] el0_slow_syscall+0x44/0x1b8
[<0>] el0t_64_sync_handler+0x100/0x130
[<0>] el0t_64_sync+0x188/0x190
--- tid=550446 wchan=futex_wait_queue
[<0>] futex_wait_queue+0x78/0xb0
[<0>] futex_wait+0xe8/0x1d0
[<0>] do_futex+0xec/0x1a0
[<0>] __arm64_sys_futex+0x80/0x198
[<0>] invoke_syscall+0x50/0x128
[<0>] el0_svc_common.constprop.0+0xc8/0xf0
[<0>] do_el0_svc+0x48/0x78
[<0>] el0_slow_syscall+0x44/0x1b8
[<0>] el0t_64_sync_handler+0x100/0x130
[<0>] el0t_64_sync+0x188/0x190
--- tid=550447 wchan=futex_wait_queue
[<0>] futex_wait_queue+0x78/0xb0
[<0>] futex_wait+0xe8/0x1d0
[<0>] do_futex+0xec/0x1a0
[<0>] __arm64_sys_futex+0x80/0x198
[<0>] invoke_syscall+0x50/0x128
[<0>] el0_svc_common.constprop.0+0xc8/0xf0
[<0>] do_el0_svc+0x48/0x78
[<0>] el0_slow_syscall+0x44/0x1b8
[<0>] el0t_64_sync_handler+0x100/0x130
[<0>] el0t_64_sync+0x188/0x190
--- tid=550448 wchan=futex_wait_queue
[<0>] futex_wait_queue+0x78/0xb0
[<0>] futex_wait+0xe8/0x1d0
[<0>] do_futex+0xec/0x1a0
[<0>] __arm64_sys_futex+0x80/0x198
[<0>] invoke_syscall+0x50/0x128
[<0>] el0_svc_common.constprop.0+0xc8/0xf0
[<0>] do_el0_svc+0x48/0x78
[<0>] el0_slow_syscall+0x44/0x1b8
[<0>] el0t_64_sync_handler+0x100/0x130
[<0>] el0t_64_sync+0x188/0x190
--- tid=550465 wchan=futex_wait_queue
[<0>] futex_wait_queue+0x78/0xb0
[<0>] futex_wait+0xe8/0x1d0
[<0>] do_futex+0xec/0x1a0
[<0>] __arm64_sys_futex+0x80/0x198
[<0>] invoke_syscall+0x50/0x128
[<0>] el0_svc_common.constprop.0+0xc8/0xf0
[<0>] do_el0_svc+0x48/0x78
[<0>] el0_slow_syscall+0x44/0x1b8
[<0>] el0t_64_sync_handler+0x100/0x130
[<0>] el0t_64_sync+0x188/0x190
--- tid=550466 wchan=futex_wait_queue
[<0>] futex_wait_queue+0x78/0xb0
[<0>] futex_wait+0xe8/0x1d0
[<0>] do_futex+0xec/0x1a0
[<0>] __arm64_sys_futex+0x80/0x198
[<0>] invoke_syscall+0x50/0x128
[<0>] el0_svc_common.constprop.0+0xc8/0xf0
[<0>] do_el0_svc+0x48/0x78
[<0>] el0_slow_syscall+0x44/0x1b8
[<0>] el0t_64_sync_handler+0x100/0x130
[<0>] el0t_64_sync+0x188/0x190
--- tid=550467 wchan=ep_poll
[<0>] ep_poll+0x300/0x498
[<0>] do_epoll_wait+0x100/0x128
[<0>] do_epoll_pwait.part.0+0x1c/0xb8
[<0>] __arm64_sys_epoll_pwait+0x7c/0x128
[<0>] invoke_syscall+0x50/0x128
[<0>] el0_svc_common.constprop.0+0xc8/0xf0
[<0>] do_el0_svc+0x48/0x78
[<0>] el0_slow_syscall+0x44/0x1b8
[<0>] el0t_64_sync_handler+0x100/0x130
[<0>] el0t_64_sync+0x188/0x190
--- tid=550580 wchan=futex_wait_queue
[<0>] futex_wait_queue+0x78/0xb0
[<0>] futex_wait+0xe8/0x1d0
[<0>] do_futex+0xec/0x1a0
[<0>] __arm64_sys_futex+0x80/0x198
[<0>] invoke_syscall+0x50/0x128
[<0>] el0_svc_common.constprop.0+0xc8/0xf0
[<0>] do_el0_svc+0x48/0x78
[<0>] el0_slow_syscall+0x44/0x1b8
[<0>] el0t_64_sync_handler+0x100/0x130
[<0>] el0t_64_sync+0x188/0x190
--- tid=550584 wchan=futex_wait_queue
[<0>] futex_wait_queue+0x78/0xb0
[<0>] futex_wait+0xe8/0x1d0
[<0>] do_futex+0xec/0x1a0
[<0>] __arm64_sys_futex+0x80/0x198
[<0>] invoke_syscall+0x50/0x128
[<0>] el0_svc_common.constprop.0+0xc8/0xf0
[<0>] do_el0_svc+0x48/0x78
[<0>] el0_slow_syscall+0x44/0x1b8
[<0>] el0t_64_sync_handler+0x100/0x130
[<0>] el0t_64_sync+0x188/0x190
--- tid=550594 wchan=futex_wait_queue
[<0>] futex_wait_queue+0x78/0xb0
[<0>] futex_wait+0xe8/0x1d0
[<0>] do_futex+0xec/0x1a0
[<0>] __arm64_sys_futex+0x80/0x198
[<0>] invoke_syscall+0x50/0x128
[<0>] el0_svc_common.constprop.0+0xc8/0xf0
[<0>] do_el0_svc+0x48/0x78
[<0>] el0_slow_syscall+0x44/0x1b8
[<0>] el0t_64_sync_handler+0x100/0x130
[<0>] el0t_64_sync+0x188/0x190
--- tid=550603 wchan=ep_poll
[<0>] ep_poll+0x300/0x498
[<0>] do_epoll_wait+0x100/0x128
[<0>] do_epoll_pwait.part.0+0x1c/0xb8
[<0>] __arm64_sys_epoll_pwait+0x7c/0x128
[<0>] invoke_syscall+0x50/0x128
[<0>] el0_svc_common.constprop.0+0xc8/0xf0
[<0>] do_el0_svc+0x48/0x78
[<0>] el0_slow_syscall+0x44/0x1b8
[<0>] el0t_64_sync_handler+0x100/0x130
[<0>] el0t_64_sync+0x188/0x190
--- tid=550617 wchan=futex_wait_queue
[<0>] futex_wait_queue+0x78/0xb0
[<0>] futex_wait+0xe8/0x1d0
[<0>] do_futex+0xec/0x1a0
[<0>] __arm64_sys_futex+0x80/0x198
[<0>] invoke_syscall+0x50/0x128
[<0>] el0_svc_common.constprop.0+0xc8/0xf0
[<0>] do_el0_svc+0x48/0x78
[<0>] el0_slow_syscall+0x44/0x1b8
[<0>] el0t_64_sync_handler+0x100/0x130
[<0>] el0t_64_sync+0x188/0x190
--- tid=550619 wchan=futex_wait_queue
[<0>] futex_wait_queue+0x78/0xb0
[<0>] futex_wait+0xe8/0x1d0
[<0>] do_futex+0xec/0x1a0
[<0>] __arm64_sys_futex+0x80/0x198
[<0>] invoke_syscall+0x50/0x128
[<0>] el0_svc_common.constprop.0+0xc8/0xf0
[<0>] do_el0_svc+0x48/0x78
[<0>] el0_slow_syscall+0x44/0x1b8
[<0>] el0t_64_sync_handler+0x100/0x130
[<0>] el0t_64_sync+0x188/0x190
--- tid=550627 wchan=ep_poll
[<0>] ep_poll+0x300/0x498
[<0>] do_epoll_wait+0x100/0x128
[<0>] do_epoll_pwait.part.0+0x1c/0xb8
[<0>] __arm64_sys_epoll_pwait+0x7c/0x128
[<0>] invoke_syscall+0x50/0x128
[<0>] el0_svc_common.constprop.0+0xc8/0xf0
[<0>] do_el0_svc+0x48/0x78
[<0>] el0_slow_syscall+0x44/0x1b8
[<0>] el0t_64_sync_handler+0x100/0x130
[<0>] el0t_64_sync+0x188/0x190
--- tid=550634 wchan=ep_poll
[<0>] ep_poll+0x300/0x498
[<0>] do_epoll_wait+0x100/0x128
[<0>] do_epoll_pwait.part.0+0x1c/0xb8
[<0>] __arm64_sys_epoll_pwait+0x7c/0x128
[<0>] invoke_syscall+0x50/0x128
[<0>] el0_svc_common.constprop.0+0xc8/0xf0
[<0>] do_el0_svc+0x48/0x78
[<0>] el0_slow_syscall+0x44/0x1b8
[<0>] el0t_64_sync_handler+0x100/0x130
[<0>] el0t_64_sync+0x188/0x190
--- tid=550642 wchan=futex_wait_queue
[<0>] futex_wait_queue+0x78/0xb0
[<0>] futex_wait+0xe8/0x1d0
[<0>] do_futex+0xec/0x1a0
[<0>] __arm64_sys_futex+0x80/0x198
[<0>] invoke_syscall+0x50/0x128
[<0>] el0_svc_common.constprop.0+0xc8/0xf0
[<0>] do_el0_svc+0x48/0x78
[<0>] el0_slow_syscall+0x44/0x1b8
[<0>] el0t_64_sync_handler+0x100/0x130
[<0>] el0t_64_sync+0x188/0x190
--- tid=550650 wchan=ep_poll
[<0>] ep_poll+0x300/0x498
[<0>] do_epoll_wait+0x100/0x128
[<0>] do_epoll_pwait.part.0+0x1c/0xb8
[<0>] __arm64_sys_epoll_pwait+0x7c/0x128
[<0>] invoke_syscall+0x50/0x128
[<0>] el0_svc_common.constprop.0+0xc8/0xf0
[<0>] do_el0_svc+0x48/0x78
[<0>] el0_slow_syscall+0x44/0x1b8
[<0>] el0t_64_sync_handler+0x100/0x130
[<0>] el0t_64_sync+0x188/0x190
--- tid=550661 wchan=futex_wait_queue
[<0>] futex_wait_queue+0x78/0xb0
[<0>] futex_wait+0xe8/0x1d0
[<0>] do_futex+0xec/0x1a0
[<0>] __arm64_sys_futex+0x80/0x198
[<0>] invoke_syscall+0x50/0x128
[<0>] el0_svc_common.constprop.0+0xc8/0xf0
[<0>] do_el0_svc+0x48/0x78
[<0>] el0_slow_syscall+0x44/0x1b8
[<0>] el0t_64_sync_handler+0x100/0x130
[<0>] el0t_64_sync+0x188/0x190
--- tid=550668 wchan=futex_wait_queue
[<0>] futex_wait_queue+0x78/0xb0
[<0>] futex_wait+0xe8/0x1d0
[<0>] do_futex+0xec/0x1a0
[<0>] __arm64_sys_futex+0x80/0x198
[<0>] invoke_syscall+0x50/0x128
[<0>] el0_svc_common.constprop.0+0xc8/0xf0
[<0>] do_el0_svc+0x48/0x78
[<0>] el0_slow_syscall+0x44/0x1b8
[<0>] el0t_64_sync_handler+0x100/0x130
[<0>] el0t_64_sync+0x188/0x190
--- tid=550678 wchan=futex_wait_queue
[<0>] futex_wait_queue+0x78/0xb0
[<0>] futex_wait+0xe8/0x1d0
[<0>] do_futex+0xec/0x1a0
[<0>] __arm64_sys_futex+0x80/0x198
[<0>] invoke_syscall+0x50/0x128
[<0>] el0_svc_common.constprop.0+0xc8/0xf0
[<0>] do_el0_svc+0x48/0x78
[<0>] el0_slow_syscall+0x44/0x1b8
[<0>] el0t_64_sync_handler+0x100/0x130
[<0>] el0t_64_sync+0x188/0x190
--- tid=550688 wchan=ep_poll
[<0>] ep_poll+0x300/0x498
[<0>] do_epoll_wait+0x100/0x128
[<0>] do_epoll_pwait.part.0+0x1c/0xb8
[<0>] __arm64_sys_epoll_pwait+0x7c/0x128
[<0>] invoke_syscall+0x50/0x128
[<0>] el0_svc_common.constprop.0+0xc8/0xf0
[<0>] do_el0_svc+0x48/0x78
[<0>] el0_slow_syscall+0x44/0x1b8
[<0>] el0t_64_sync_handler+0x100/0x130
[<0>] el0t_64_sync+0x188/0x190
--- tid=550694 wchan=futex_wait_queue
[<0>] futex_wait_queue+0x78/0xb0
[<0>] futex_wait+0xe8/0x1d0
[<0>] do_futex+0xec/0x1a0
[<0>] __arm64_sys_futex+0x80/0x198
[<0>] invoke_syscall+0x50/0x128
[<0>] el0_svc_common.constprop.0+0xc8/0xf0
[<0>] do_el0_svc+0x48/0x78
[<0>] el0_slow_syscall+0x44/0x1b8
[<0>] el0t_64_sync_handler+0x100/0x130
[<0>] el0t_64_sync+0x188/0x190
--- tid=550700 wchan=futex_wait_queue
[<0>] futex_wait_queue+0x78/0xb0
[<0>] futex_wait+0xe8/0x1d0
[<0>] do_futex+0xec/0x1a0
[<0>] __arm64_sys_futex+0x80/0x198
[<0>] invoke_syscall+0x50/0x128
[<0>] el0_svc_common.constprop.0+0xc8/0xf0
[<0>] do_el0_svc+0x48/0x78
[<0>] el0_slow_syscall+0x44/0x1b8
[<0>] el0t_64_sync_handler+0x100/0x130
[<0>] el0t_64_sync+0x188/0x190
--- tid=550710 wchan=futex_wait_queue
[<0>] futex_wait_queue+0x78/0xb0
[<0>] futex_wait+0xe8/0x1d0
[<0>] do_futex+0xec/0x1a0
[<0>] __arm64_sys_futex+0x80/0x198
[<0>] invoke_syscall+0x50/0x128
[<0>] el0_svc_common.constprop.0+0xc8/0xf0
[<0>] do_el0_svc+0x48/0x78
[<0>] el0_slow_syscall+0x44/0x1b8
[<0>] el0t_64_sync_handler+0x100/0x130
[<0>] el0t_64_sync+0x188/0x190
--- tid=550716 wchan=ep_poll
[<0>] ep_poll+0x300/0x498
[<0>] do_epoll_wait+0x100/0x128
[<0>] do_epoll_pwait.part.0+0x1c/0xb8
[<0>] __arm64_sys_epoll_pwait+0x7c/0x128
[<0>] invoke_syscall+0x50/0x128
[<0>] el0_svc_common.constprop.0+0xc8/0xf0
[<0>] do_el0_svc+0x48/0x78
[<0>] el0_slow_syscall+0x44/0x1b8
[<0>] el0t_64_sync_handler+0x100/0x130
[<0>] el0t_64_sync+0x188/0x190
--- tid=550725 wchan=futex_wait_queue
[<0>] futex_wait_queue+0x78/0xb0
[<0>] futex_wait+0xe8/0x1d0
[<0>] do_futex+0xec/0x1a0
[<0>] __arm64_sys_futex+0x80/0x198
[<0>] invoke_syscall+0x50/0x128
[<0>] el0_svc_common.constprop.0+0xc8/0xf0
[<0>] do_el0_svc+0x48/0x78
[<0>] el0_slow_syscall+0x44/0x1b8
[<0>] el0t_64_sync_handler+0x100/0x130
[<0>] el0t_64_sync+0x188/0x190
--- tid=550730 wchan=futex_wait_queue
[<0>] futex_wait_queue+0x78/0xb0
[<0>] futex_wait+0xe8/0x1d0
[<0>] do_futex+0xec/0x1a0
[<0>] __arm64_sys_futex+0x80/0x198
[<0>] invoke_syscall+0x50/0x128
[<0>] el0_svc_common.constprop.0+0xc8/0xf0
[<0>] do_el0_svc+0x48/0x78
[<0>] el0_slow_syscall+0x44/0x1b8
[<0>] el0t_64_sync_handler+0x100/0x130
[<0>] el0t_64_sync+0x188/0x190
--- tid=550741 wchan=futex_wait_queue
[<0>] futex_wait_queue+0x78/0xb0
[<0>] futex_wait+0xe8/0x1d0
[<0>] do_futex+0xec/0x1a0
[<0>] __arm64_sys_futex+0x80/0x198
[<0>] invoke_syscall+0x50/0x128
[<0>] el0_svc_common.constprop.0+0xc8/0xf0
[<0>] do_el0_svc+0x48/0x78
[<0>] el0_slow_syscall+0x44/0x1b8
[<0>] el0t_64_sync_handler+0x100/0x130
[<0>] el0t_64_sync+0x188/0x190
--- tid=550751 wchan=ep_poll
[<0>] ep_poll+0x300/0x498
[<0>] do_epoll_wait+0x100/0x128
[<0>] do_epoll_pwait.part.0+0x1c/0xb8
[<0>] __arm64_sys_epoll_pwait+0x7c/0x128
[<0>] invoke_syscall+0x50/0x128
[<0>] el0_svc_common.constprop.0+0xc8/0xf0
[<0>] do_el0_svc+0x48/0x78
[<0>] el0_slow_syscall+0x44/0x1b8
[<0>] el0t_64_sync_handler+0x100/0x130
[<0>] el0t_64_sync+0x188/0x190
--- tid=550761 wchan=futex_wait_queue
[<0>] futex_wait_queue+0x78/0xb0
[<0>] futex_wait+0xe8/0x1d0
[<0>] do_futex+0xec/0x1a0
[<0>] __arm64_sys_futex+0x80/0x198
[<0>] invoke_syscall+0x50/0x128
[<0>] el0_svc_common.constprop.0+0xc8/0xf0
[<0>] do_el0_svc+0x48/0x78
[<0>] el0_slow_syscall+0x44/0x1b8
[<0>] el0t_64_sync_handler+0x100/0x130
[<0>] el0t_64_sync+0x188/0x190
--- tid=550766 wchan=futex_wait_queue
[<0>] futex_wait_queue+0x78/0xb0
[<0>] futex_wait+0xe8/0x1d0
[<0>] do_futex+0xec/0x1a0
[<0>] __arm64_sys_futex+0x80/0x198
[<0>] invoke_syscall+0x50/0x128
[<0>] el0_svc_common.constprop.0+0xc8/0xf0
[<0>] do_el0_svc+0x48/0x78
[<0>] el0_slow_syscall+0x44/0x1b8
[<0>] el0t_64_sync_handler+0x100/0x130
[<0>] el0t_64_sync+0x188/0x190
--- tid=550775 wchan=futex_wait_queue
[<0>] futex_wait_queue+0x78/0xb0
[<0>] futex_wait+0xe8/0x1d0
[<0>] do_futex+0xec/0x1a0
[<0>] __arm64_sys_futex+0x80/0x198
[<0>] invoke_syscall+0x50/0x128
[<0>] el0_svc_common.constprop.0+0xc8/0xf0
[<0>] do_el0_svc+0x48/0x78
[<0>] el0_slow_syscall+0x44/0x1b8
[<0>] el0t_64_sync_handler+0x100/0x130
[<0>] el0t_64_sync+0x188/0x190
--- tid=550783 wchan=ep_poll
[<0>] ep_poll+0x300/0x498
[<0>] do_epoll_wait+0x100/0x128
[<0>] do_epoll_pwait.part.0+0x1c/0xb8
[<0>] __arm64_sys_epoll_pwait+0x7c/0x128
[<0>] invoke_syscall+0x50/0x128
[<0>] el0_svc_common.constprop.0+0xc8/0xf0
[<0>] do_el0_svc+0x48/0x78
[<0>] el0_slow_syscall+0x44/0x1b8
[<0>] el0t_64_sync_handler+0x100/0x130
[<0>] el0t_64_sync+0x188/0x190
--- tid=550787 wchan=futex_wait_queue
[<0>] futex_wait_queue+0x78/0xb0
[<0>] futex_wait+0xe8/0x1d0
[<0>] do_futex+0xec/0x1a0
[<0>] __arm64_sys_futex+0x80/0x198
[<0>] invoke_syscall+0x50/0x128
[<0>] el0_svc_common.constprop.0+0xc8/0xf0
[<0>] do_el0_svc+0x48/0x78
[<0>] el0_slow_syscall+0x44/0x1b8
[<0>] el0t_64_sync_handler+0x100/0x130
[<0>] el0t_64_sync+0x188/0x190
--- tid=550788 wchan=futex_wait_queue
[<0>] futex_wait_queue+0x78/0xb0
[<0>] futex_wait+0xe8/0x1d0
[<0>] do_futex+0xec/0x1a0
[<0>] __arm64_sys_futex+0x80/0x198
[<0>] invoke_syscall+0x50/0x128
[<0>] el0_svc_common.constprop.0+0xc8/0xf0
[<0>] do_el0_svc+0x48/0x78
[<0>] el0_slow_syscall+0x44/0x1b8
[<0>] el0t_64_sync_handler+0x100/0x130
[<0>] el0t_64_sync+0x188/0x190
--- tid=550794 wchan=futex_wait_queue
[<0>] futex_wait_queue+0x78/0xb0
[<0>] futex_wait+0xe8/0x1d0
[<0>] do_futex+0xec/0x1a0
[<0>] __arm64_sys_futex+0x80/0x198
[<0>] invoke_syscall+0x50/0x128
[<0>] el0_svc_common.constprop.0+0xc8/0xf0
[<0>] do_el0_svc+0x48/0x78
[<0>] el0_slow_syscall+0x44/0x1b8
[<0>] el0t_64_sync_handler+0x100/0x130
[<0>] el0t_64_sync+0x188/0x190
--- tid=550809 wchan=ep_poll
[<0>] ep_poll+0x300/0x498
[<0>] do_epoll_wait+0x100/0x128
[<0>] do_epoll_pwait.part.0+0x1c/0xb8
[<0>] __arm64_sys_epoll_pwait+0x7c/0x128
[<0>] invoke_syscall+0x50/0x128
[<0>] el0_svc_common.constprop.0+0xc8/0xf0
[<0>] do_el0_svc+0x48/0x78
[<0>] el0_slow_syscall+0x44/0x1b8
[<0>] el0t_64_sync_handler+0x100/0x130
[<0>] el0t_64_sync+0x188/0x190
--- tid=550817 wchan=futex_wait_queue
[<0>] futex_wait_queue+0x78/0xb0
[<0>] futex_wait+0xe8/0x1d0
[<0>] do_futex+0xec/0x1a0
[<0>] __arm64_sys_futex+0x80/0x198
[<0>] invoke_syscall+0x50/0x128
[<0>] el0_svc_common.constprop.0+0xc8/0xf0
[<0>] do_el0_svc+0x48/0x78
[<0>] el0_slow_syscall+0x44/0x1b8
[<0>] el0t_64_sync_handler+0x100/0x130
[<0>] el0t_64_sync+0x188/0x190
--- tid=550818 wchan=futex_wait_queue
[<0>] futex_wait_queue+0x78/0xb0
[<0>] futex_wait+0xe8/0x1d0
[<0>] do_futex+0xec/0x1a0
[<0>] __arm64_sys_futex+0x80/0x198
[<0>] invoke_syscall+0x50/0x128
[<0>] el0_svc_common.constprop.0+0xc8/0xf0
[<0>] do_el0_svc+0x48/0x78
[<0>] el0_slow_syscall+0x44/0x1b8
[<0>] el0t_64_sync_handler+0x100/0x130
[<0>] el0t_64_sync+0x188/0x190
--- tid=550836 wchan=futex_wait_queue
[<0>] futex_wait_queue+0x78/0xb0
[<0>] futex_wait+0xe8/0x1d0
[<0>] do_futex+0xec/0x1a0
[<0>] __arm64_sys_futex+0x80/0x198
[<0>] invoke_syscall+0x50/0x128
[<0>] el0_svc_common.constprop.0+0xc8/0xf0
[<0>] do_el0_svc+0x48/0x78
[<0>] el0_slow_syscall+0x44/0x1b8
[<0>] el0t_64_sync_handler+0x100/0x130
[<0>] el0t_64_sync+0x188/0x190
--- tid=550843 wchan=futex_wait_queue
[<0>] futex_wait_queue+0x78/0xb0
[<0>] futex_wait+0xe8/0x1d0
[<0>] do_futex+0xec/0x1a0
[<0>] __arm64_sys_futex+0x80/0x198
[<0>] invoke_syscall+0x50/0x128
[<0>] el0_svc_common.constprop.0+0xc8/0xf0
[<0>] do_el0_svc+0x48/0x78
[<0>] el0_slow_syscall+0x44/0x1b8
[<0>] el0t_64_sync_handler+0x100/0x130
[<0>] el0t_64_sync+0x188/0x190
--- tid=550845 wchan=futex_wait_queue
[<0>] futex_wait_queue+0x78/0xb0
[<0>] futex_wait+0xe8/0x1d0
[<0>] do_futex+0xec/0x1a0
[<0>] __arm64_sys_futex+0x80/0x198
[<0>] invoke_syscall+0x50/0x128
[<0>] el0_svc_common.constprop.0+0xc8/0xf0
[<0>] do_el0_svc+0x48/0x78
[<0>] el0_slow_syscall+0x44/0x1b8
[<0>] el0t_64_sync_handler+0x100/0x130
[<0>] el0t_64_sync+0x188/0x190
--- tid=550851 wchan=futex_wait_queue
[<0>] futex_wait_queue+0x78/0xb0
[<0>] futex_wait+0xe8/0x1d0
[<0>] do_futex+0xec/0x1a0
[<0>] __arm64_sys_futex+0x80/0x198
[<0>] invoke_syscall+0x50/0x128
[<0>] el0_svc_common.constprop.0+0xc8/0xf0
[<0>] do_el0_svc+0x48/0x78
[<0>] el0_slow_syscall+0x44/0x1b8
[<0>] el0t_64_sync_handler+0x100/0x130
[<0>] el0t_64_sync+0x188/0x190
--- tid=550859 wchan=futex_wait_queue
[<0>] futex_wait_queue+0x78/0xb0
[<0>] futex_wait+0xe8/0x1d0
[<0>] do_futex+0xec/0x1a0
[<0>] __arm64_sys_futex+0x80/0x198
[<0>] invoke_syscall+0x50/0x128
[<0>] el0_svc_common.constprop.0+0xc8/0xf0
[<0>] do_el0_svc+0x48/0x78
[<0>] el0_slow_syscall+0x44/0x1b8
[<0>] el0t_64_sync_handler+0x100/0x130
[<0>] el0t_64_sync+0x188/0x190
--- tid=550863 wchan=futex_wait_queue
[<0>] futex_wait_queue+0x78/0xb0
[<0>] futex_wait+0xe8/0x1d0
[<0>] do_futex+0xec/0x1a0
[<0>] __arm64_sys_futex+0x80/0x198
[<0>] invoke_syscall+0x50/0x128
[<0>] el0_svc_common.constprop.0+0xc8/0xf0
[<0>] do_el0_svc+0x48/0x78
[<0>] el0_slow_syscall+0x44/0x1b8
[<0>] el0t_64_sync_handler+0x100/0x130
[<0>] el0t_64_sync+0x188/0x190
--- tid=550872 wchan=futex_wait_queue
[<0>] futex_wait_queue+0x78/0xb0
[<0>] futex_wait+0xe8/0x1d0
[<0>] do_futex+0xec/0x1a0
[<0>] __arm64_sys_futex+0x80/0x198
[<0>] invoke_syscall+0x50/0x128
[<0>] el0_svc_common.constprop.0+0xc8/0xf0
[<0>] do_el0_svc+0x48/0x78
[<0>] el0_slow_syscall+0x44/0x1b8
[<0>] el0t_64_sync_handler+0x100/0x130
[<0>] el0t_64_sync+0x188/0x190
--- tid=550879 wchan=futex_wait_queue
[<0>] futex_wait_queue+0x78/0xb0
[<0>] futex_wait+0xe8/0x1d0
[<0>] do_futex+0xec/0x1a0
[<0>] __arm64_sys_futex+0x80/0x198
[<0>] invoke_syscall+0x50/0x128
[<0>] el0_svc_common.constprop.0+0xc8/0xf0
[<0>] do_el0_svc+0x48/0x78
[<0>] el0_slow_syscall+0x44/0x1b8
[<0>] el0t_64_sync_handler+0x100/0x130
[<0>] el0t_64_sync+0x188/0x190
--- tid=550885 wchan=futex_wait_queue
[<0>] futex_wait_queue+0x78/0xb0
[<0>] futex_wait+0xe8/0x1d0
[<0>] do_futex+0xec/0x1a0
[<0>] __arm64_sys_futex+0x80/0x198
[<0>] invoke_syscall+0x50/0x128
[<0>] el0_svc_common.constprop.0+0xc8/0xf0
[<0>] do_el0_svc+0x48/0x78
[<0>] el0_slow_syscall+0x44/0x1b8
[<0>] el0t_64_sync_handler+0x100/0x130
[<0>] el0t_64_sync+0x188/0x190
--- tid=550968 wchan=futex_wait_queue
[<0>] futex_wait_queue+0x78/0xb0
[<0>] futex_wait+0xe8/0x1d0
[<0>] do_futex+0xec/0x1a0
[<0>] __arm64_sys_futex+0x80/0x198
[<0>] invoke_syscall+0x50/0x128
[<0>] el0_svc_common.constprop.0+0xc8/0xf0
[<0>] do_el0_svc+0x48/0x78
[<0>] el0_slow_syscall+0x44/0x1b8
[<0>] el0t_64_sync_handler+0x100/0x130
[<0>] el0t_64_sync+0x188/0x190
--- tid=550969 wchan=futex_wait_queue
[<0>] futex_wait_queue+0x78/0xb0
[<0>] futex_wait+0xe8/0x1d0
[<0>] do_futex+0xec/0x1a0
[<0>] __arm64_sys_futex+0x80/0x198
[<0>] invoke_syscall+0x50/0x128
[<0>] el0_svc_common.constprop.0+0xc8/0xf0
[<0>] do_el0_svc+0x48/0x78
[<0>] el0_slow_syscall+0x44/0x1b8
[<0>] el0t_64_sync_handler+0x100/0x130
[<0>] el0t_64_sync+0x188/0x190
--- tid=550970 wchan=futex_wait_queue
[<0>] futex_wait_queue+0x78/0xb0
[<0>] futex_wait+0xe8/0x1d0
[<0>] do_futex+0xec/0x1a0
[<0>] __arm64_sys_futex+0x80/0x198
[<0>] invoke_syscall+0x50/0x128
[<0>] el0_svc_common.constprop.0+0xc8/0xf0
[<0>] do_el0_svc+0x48/0x78
[<0>] el0_slow_syscall+0x44/0x1b8
[<0>] el0t_64_sync_handler+0x100/0x130
[<0>] el0t_64_sync+0x188/0x190
--- tid=550971 wchan=futex_wait_queue
[<0>] futex_wait_queue+0x78/0xb0
[<0>] futex_wait+0xe8/0x1d0
[<0>] do_futex+0xec/0x1a0
[<0>] __arm64_sys_futex+0x80/0x198
[<0>] invoke_syscall+0x50/0x128
[<0>] el0_svc_common.constprop.0+0xc8/0xf0
[<0>] do_el0_svc+0x48/0x78
[<0>] el0_slow_syscall+0x44/0x1b8
[<0>] el0t_64_sync_handler+0x100/0x130
[<0>] el0t_64_sync+0x188/0x190
--- tid=550972 wchan=futex_wait_queue
[<0>] futex_wait_queue+0x78/0xb0
[<0>] futex_wait+0xe8/0x1d0
[<0>] do_futex+0xec/0x1a0
[<0>] __arm64_sys_futex+0x80/0x198
[<0>] invoke_syscall+0x50/0x128
[<0>] el0_svc_common.constprop.0+0xc8/0xf0
[<0>] do_el0_svc+0x48/0x78
[<0>] el0_slow_syscall+0x44/0x1b8
[<0>] el0t_64_sync_handler+0x100/0x130
[<0>] el0t_64_sync+0x188/0x190
--- tid=550973 wchan=futex_wait_queue
[<0>] futex_wait_queue+0x78/0xb0
[<0>] futex_wait+0xe8/0x1d0
[<0>] do_futex+0xec/0x1a0
[<0>] __arm64_sys_futex+0x80/0x198
[<0>] invoke_syscall+0x50/0x128
[<0>] el0_svc_common.constprop.0+0xc8/0xf0
[<0>] do_el0_svc+0x48/0x78
[<0>] el0_slow_syscall+0x44/0x1b8
[<0>] el0t_64_sync_handler+0x100/0x130
[<0>] el0t_64_sync+0x188/0x190
--- tid=550974 wchan=futex_wait_queue
[<0>] futex_wait_queue+0x78/0xb0
[<0>] futex_wait+0xe8/0x1d0
[<0>] do_futex+0xec/0x1a0
[<0>] __arm64_sys_futex+0x80/0x198
[<0>] invoke_syscall+0x50/0x128
[<0>] el0_svc_common.constprop.0+0xc8/0xf0
[<0>] do_el0_svc+0x48/0x78
[<0>] el0_slow_syscall+0x44/0x1b8
[<0>] el0t_64_sync_handler+0x100/0x130
[<0>] el0t_64_sync+0x188/0x190
--- tid=550975 wchan=futex_wait_queue
[<0>] futex_wait_queue+0x78/0xb0
[<0>] futex_wait+0xe8/0x1d0
[<0>] do_futex+0xec/0x1a0
[<0>] __arm64_sys_futex+0x80/0x198
[<0>] invoke_syscall+0x50/0x128
[<0>] el0_svc_common.constprop.0+0xc8/0xf0
[<0>] do_el0_svc+0x48/0x78
[<0>] el0_slow_syscall+0x44/0x1b8
[<0>] el0t_64_sync_handler+0x100/0x130
[<0>] el0t_64_sync+0x188/0x190
--- tid=550976 wchan=futex_wait_queue
[<0>] futex_wait_queue+0x78/0xb0
[<0>] futex_wait+0xe8/0x1d0
[<0>] do_futex+0xec/0x1a0
[<0>] __arm64_sys_futex+0x80/0x198
[<0>] invoke_syscall+0x50/0x128
[<0>] el0_svc_common.constprop.0+0xc8/0xf0
[<0>] do_el0_svc+0x48/0x78
[<0>] el0_slow_syscall+0x44/0x1b8
[<0>] el0t_64_sync_handler+0x100/0x130
[<0>] el0t_64_sync+0x188/0x190
--- tid=551015 wchan=hrtimer_nanosleep
[<0>] hrtimer_nanosleep+0x80/0x100
[<0>] common_nsleep+0x4c/0x80
[<0>] __arm64_sys_clock_nanosleep+0xd4/0x158
[<0>] invoke_syscall+0x50/0x128
[<0>] el0_svc_common.constprop.0+0xc8/0xf0
[<0>] do_el0_svc+0x48/0x78
[<0>] el0_slow_syscall+0x44/0x1b8
[<0>] el0t_64_sync_handler+0x100/0x130
[<0>] el0t_64_sync+0x188/0x190
--- tid=553219 wchan=futex_wait_queue
[<0>] futex_wait_queue+0x78/0xb0
[<0>] futex_wait+0xe8/0x1d0
[<0>] do_futex+0xec/0x1a0
[<0>] __arm64_sys_futex+0x80/0x198
[<0>] invoke_syscall+0x50/0x128
[<0>] el0_svc_common.constprop.0+0xc8/0xf0
[<0>] do_el0_svc+0x48/0x78
[<0>] el0_slow_syscall+0x44/0x1b8
[<0>] el0t_64_sync_handler+0x100/0x130
[<0>] el0t_64_sync+0x188/0x190
--- tid=553220 wchan=ep_poll
[<0>] ep_poll+0x300/0x498
[<0>] do_epoll_wait+0x100/0x128
[<0>] do_epoll_pwait.part.0+0x1c/0xb8
[<0>] __arm64_sys_epoll_pwait+0x7c/0x128
[<0>] invoke_syscall+0x50/0x128
[<0>] el0_svc_common.constprop.0+0xc8/0xf0
[<0>] do_el0_svc+0x48/0x78
[<0>] el0_slow_syscall+0x44/0x1b8
[<0>] el0t_64_sync_handler+0x100/0x130
[<0>] el0t_64_sync+0x188/0x190
--- tid=553221 wchan=ep_poll
[<0>] ep_poll+0x300/0x498
[<0>] do_epoll_wait+0x100/0x128
[<0>] do_epoll_pwait.part.0+0x1c/0xb8
[<0>] __arm64_sys_epoll_pwait+0x7c/0x128
[<0>] invoke_syscall+0x50/0x128
[<0>] el0_svc_common.constprop.0+0xc8/0xf0
[<0>] do_el0_svc+0x48/0x78
[<0>] el0_slow_syscall+0x44/0x1b8
[<0>] el0t_64_sync_handler+0x100/0x130
[<0>] el0t_64_sync+0x188/0x190
--- tid=553222 wchan=ep_poll
[<0>] ep_poll+0x300/0x498
[<0>] do_epoll_wait+0x100/0x128
[<0>] do_epoll_pwait.part.0+0x1c/0xb8
[<0>] __arm64_sys_epoll_pwait+0x7c/0x128
[<0>] invoke_syscall+0x50/0x128
[<0>] el0_svc_common.constprop.0+0xc8/0xf0
[<0>] do_el0_svc+0x48/0x78
[<0>] el0_slow_syscall+0x44/0x1b8
[<0>] el0t_64_sync_handler+0x100/0x130
[<0>] el0t_64_sync+0x188/0x190
--- tid=553223 wchan=ep_poll
[<0>] ep_poll+0x300/0x498
[<0>] do_epoll_wait+0x100/0x128
[<0>] do_epoll_pwait.part.0+0x1c/0xb8
[<0>] __arm64_sys_epoll_pwait+0x7c/0x128
[<0>] invoke_syscall+0x50/0x128
[<0>] el0_svc_common.constprop.0+0xc8/0xf0
[<0>] do_el0_svc+0x48/0x78
[<0>] el0_slow_syscall+0x44/0x1b8
[<0>] el0t_64_sync_handler+0x100/0x130
[<0>] el0t_64_sync+0x188/0x190
--- tid=553224 wchan=pipe_read
[<0>] pipe_read+0x360/0x400
[<0>] new_sync_read+0x130/0x148
[<0>] vfs_read+0x194/0x1e8
[<0>] ksys_read+0xf4/0x118
[<0>] __arm64_sys_read+0x24/0x38
[<0>] invoke_syscall+0x50/0x128
[<0>] el0_svc_common.constprop.0+0xc8/0xf0
[<0>] do_el0_svc+0x48/0x78
[<0>] el0_slow_syscall+0x44/0x1b8
[<0>] el0t_64_sync_handler+0x100/0x130
[<0>] el0t_64_sync+0x188/0x190
--- tid=553315 wchan=futex_wait_queue
[<0>] futex_wait_queue+0x78/0xb0
[<0>] futex_wait+0xe8/0x1d0
[<0>] do_futex+0xec/0x1a0
[<0>] __arm64_sys_futex+0x80/0x198
[<0>] invoke_syscall+0x50/0x128
[<0>] el0_svc_common.constprop.0+0xc8/0xf0
[<0>] do_el0_svc+0x48/0x78
[<0>] el0_slow_syscall+0x44/0x1b8
[<0>] el0t_64_sync_handler+0x100/0x130
[<0>] el0t_64_sync+0x188/0x190
--- tid=553316 wchan=futex_wait_queue
[<0>] futex_wait_queue+0x78/0xb0
[<0>] futex_wait+0xe8/0x1d0
[<0>] do_futex+0xec/0x1a0
[<0>] __arm64_sys_futex+0x80/0x198
[<0>] invoke_syscall+0x50/0x128
[<0>] el0_svc_common.constprop.0+0xc8/0xf0
[<0>] do_el0_svc+0x48/0x78
[<0>] el0_slow_syscall+0x44/0x1b8
[<0>] el0t_64_sync_handler+0x100/0x130
[<0>] el0t_64_sync+0x188/0x190
--- tid=553317 wchan=futex_wait_queue
[<0>] futex_wait_queue+0x78/0xb0
[<0>] futex_wait+0xe8/0x1d0
[<0>] do_futex+0xec/0x1a0
[<0>] __arm64_sys_futex+0x80/0x198
[<0>] invoke_syscall+0x50/0x128
[<0>] el0_svc_common.constprop.0+0xc8/0xf0
[<0>] do_el0_svc+0x48/0x78
[<0>] el0_slow_syscall+0x44/0x1b8
[<0>] el0t_64_sync_handler+0x100/0x130
[<0>] el0t_64_sync+0x188/0x190
--- tid=553318 wchan=futex_wait_queue
[<0>] futex_wait_queue+0x78/0xb0
[<0>] futex_wait+0xe8/0x1d0
[<0>] do_futex+0xec/0x1a0
[<0>] __arm64_sys_futex+0x80/0x198
[<0>] invoke_syscall+0x50/0x128
[<0>] el0_svc_common.constprop.0+0xc8/0xf0
[<0>] do_el0_svc+0x48/0x78
[<0>] el0_slow_syscall+0x44/0x1b8
[<0>] el0t_64_sync_handler+0x100/0x130
[<0>] el0t_64_sync+0x188/0x190
--- tid=553319 wchan=futex_wait_queue
[<0>] futex_wait_queue+0x78/0xb0
[<0>] futex_wait+0xe8/0x1d0
[<0>] do_futex+0xec/0x1a0
[<0>] __arm64_sys_futex+0x80/0x198
[<0>] invoke_syscall+0x50/0x128
[<0>] el0_svc_common.constprop.0+0xc8/0xf0
[<0>] do_el0_svc+0x48/0x78
[<0>] el0_slow_syscall+0x44/0x1b8
[<0>] el0t_64_sync_handler+0x100/0x130
[<0>] el0t_64_sync+0x188/0x190
--- tid=553379 wchan=hrtimer_nanosleep
[<0>] hrtimer_nanosleep+0x80/0x100
[<0>] common_nsleep+0x4c/0x80
[<0>] __arm64_sys_clock_nanosleep+0xd4/0x158
[<0>] invoke_syscall+0x50/0x128
[<0>] el0_svc_common.constprop.0+0xc8/0xf0
[<0>] do_el0_svc+0x48/0x78
[<0>] el0_slow_syscall+0x44/0x1b8
[<0>] el0t_64_sync_handler+0x100/0x130
[<0>] el0t_64_sync+0x188/0x190
--- tid=553393 wchan=hrtimer_nanosleep
[<0>] hrtimer_nanosleep+0x80/0x100
[<0>] common_nsleep+0x4c/0x80
[<0>] __arm64_sys_clock_nanosleep+0xd4/0x158
[<0>] invoke_syscall+0x50/0x128
[<0>] el0_svc_common.constprop.0+0xc8/0xf0
[<0>] do_el0_svc+0x48/0x78
[<0>] el0_slow_syscall+0x44/0x1b8
[<0>] el0t_64_sync_handler+0x100/0x130
[<0>] el0t_64_sync+0x188/0x190
--- tid=565767 wchan=futex_wait_queue
[<0>] futex_wait_queue+0x78/0xb0
[<0>] futex_wait+0xe8/0x1d0
[<0>] do_futex+0xec/0x1a0
[<0>] __arm64_sys_futex+0x80/0x198
[<0>] invoke_syscall+0x50/0x128
[<0>] el0_svc_common.constprop.0+0xc8/0xf0
[<0>] do_el0_svc+0x48/0x78
[<0>] el0_slow_syscall+0x44/0x1b8
[<0>] el0t_64_sync_handler+0x100/0x130
[<0>] el0t_64_sync+0x188/0x190
  >>> sent SIGUSR1 to 549790 (Python stacks -> /home/g00619970/moeoffload_multi/log/model_2026_0814_0558_multimech.log)

================ pid=549791  comm=VLLM::Worker_DP ================
cmdline: VLLM::Worker_DP0_TP2_EP2                                                                                                                                  

State:	S (sleeping)
Threads:	122
--- tid=549791 wchan=hrtimer_nanosleep
[<0>] hrtimer_nanosleep+0x80/0x100
[<0>] common_nsleep+0x4c/0x80
[<0>] __arm64_sys_clock_nanosleep+0xd4/0x158
[<0>] invoke_syscall+0x50/0x128
[<0>] el0_svc_common.constprop.0+0xc8/0xf0
[<0>] do_el0_svc+0x48/0x78
[<0>] el0_slow_syscall+0x44/0x1b8
[<0>] el0t_64_sync_handler+0x100/0x130
[<0>] el0t_64_sync+0x188/0x190
--- tid=549815 wchan=futex_wait_queue
[<0>] futex_wait_queue+0x78/0xb0
[<0>] futex_wait+0xe8/0x1d0
[<0>] do_futex+0xec/0x1a0
[<0>] __arm64_sys_futex+0x80/0x198
[<0>] invoke_syscall+0x50/0x128
[<0>] el0_svc_common.constprop.0+0xc8/0xf0
[<0>] do_el0_svc+0x48/0x78
[<0>] el0_slow_syscall+0x44/0x1b8
[<0>] el0t_64_sync_handler+0x100/0x130
[<0>] el0t_64_sync+0x188/0x190
--- tid=549816 wchan=futex_wait_queue
[<0>] futex_wait_queue+0x78/0xb0
[<0>] futex_wait+0xe8/0x1d0
[<0>] do_futex+0xec/0x1a0
[<0>] __arm64_sys_futex+0x80/0x198
[<0>] invoke_syscall+0x50/0x128
[<0>] el0_svc_common.constprop.0+0xc8/0xf0
[<0>] do_el0_svc+0x48/0x78
[<0>] el0_slow_syscall+0x44/0x1b8
[<0>] el0t_64_sync_handler+0x100/0x130
[<0>] el0t_64_sync+0x188/0x190
--- tid=549817 wchan=futex_wait_queue
[<0>] futex_wait_queue+0x78/0xb0
[<0>] futex_wait+0xe8/0x1d0
[<0>] do_futex+0xec/0x1a0
[<0>] __arm64_sys_futex+0x80/0x198
[<0>] invoke_syscall+0x50/0x128
[<0>] el0_svc_common.constprop.0+0xc8/0xf0
[<0>] do_el0_svc+0x48/0x78
[<0>] el0_slow_syscall+0x44/0x1b8
[<0>] el0t_64_sync_handler+0x100/0x130
[<0>] el0t_64_sync+0x188/0x190
--- tid=549818 wchan=futex_wait_queue
[<0>] futex_wait_queue+0x78/0xb0
[<0>] futex_wait+0xe8/0x1d0
[<0>] do_futex+0xec/0x1a0
[<0>] __arm64_sys_futex+0x80/0x198
[<0>] invoke_syscall+0x50/0x128
[<0>] el0_svc_common.constprop.0+0xc8/0xf0
[<0>] do_el0_svc+0x48/0x78
[<0>] el0_slow_syscall+0x44/0x1b8
[<0>] el0t_64_sync_handler+0x100/0x130
[<0>] el0t_64_sync+0x188/0x190
--- tid=549819 wchan=futex_wait_queue
[<0>] futex_wait_queue+0x78/0xb0
[<0>] futex_wait+0xe8/0x1d0
[<0>] do_futex+0xec/0x1a0
[<0>] __arm64_sys_futex+0x80/0x198
[<0>] invoke_syscall+0x50/0x128
[<0>] el0_svc_common.constprop.0+0xc8/0xf0
[<0>] do_el0_svc+0x48/0x78
[<0>] el0_slow_syscall+0x44/0x1b8
[<0>] el0t_64_sync_handler+0x100/0x130
[<0>] el0t_64_sync+0x188/0x190
--- tid=549820 wchan=futex_wait_queue
[<0>] futex_wait_queue+0x78/0xb0
[<0>] futex_wait+0xe8/0x1d0
[<0>] do_futex+0xec/0x1a0
[<0>] __arm64_sys_futex+0x80/0x198
[<0>] invoke_syscall+0x50/0x128
[<0>] el0_svc_common.constprop.0+0xc8/0xf0
[<0>] do_el0_svc+0x48/0x78
[<0>] el0_slow_syscall+0x44/0x1b8
[<0>] el0t_64_sync_handler+0x100/0x130
[<0>] el0t_64_sync+0x188/0x190
--- tid=549821 wchan=futex_wait_queue
[<0>] futex_wait_queue+0x78/0xb0
[<0>] futex_wait+0xe8/0x1d0
[<0>] do_futex+0xec/0x1a0
[<0>] __arm64_sys_futex+0x80/0x198
[<0>] invoke_syscall+0x50/0x128
[<0>] el0_svc_common.constprop.0+0xc8/0xf0
[<0>] do_el0_svc+0x48/0x78
[<0>] el0_slow_syscall+0x44/0x1b8
[<0>] el0t_64_sync_handler+0x100/0x130
[<0>] el0t_64_sync+0x188/0x190
--- tid=549822 wchan=futex_wait_queue
[<0>] futex_wait_queue+0x78/0xb0
[<0>] futex_wait+0xe8/0x1d0
[<0>] do_futex+0xec/0x1a0
[<0>] __arm64_sys_futex+0x80/0x198
[<0>] invoke_syscall+0x50/0x128
[<0>] el0_svc_common.constprop.0+0xc8/0xf0
[<0>] do_el0_svc+0x48/0x78
[<0>] el0_slow_syscall+0x44/0x1b8
[<0>] el0t_64_sync_handler+0x100/0x130
[<0>] el0t_64_sync+0x188/0x190
--- tid=549823 wchan=futex_wait_queue
[<0>] futex_wait_queue+0x78/0xb0
[<0>] futex_wait+0xe8/0x1d0
[<0>] do_futex+0xec/0x1a0
[<0>] __arm64_sys_futex+0x80/0x198
[<0>] invoke_syscall+0x50/0x128
[<0>] el0_svc_common.constprop.0+0xc8/0xf0
[<0>] do_el0_svc+0x48/0x78
[<0>] el0_slow_syscall+0x44/0x1b8
[<0>] el0t_64_sync_handler+0x100/0x130
[<0>] el0t_64_sync+0x188/0x190
--- tid=549886 wchan=ep_poll
[<0>] ep_poll+0x300/0x498
[<0>] do_epoll_wait+0x100/0x128
[<0>] do_epoll_pwait.part.0+0x1c/0xb8
[<0>] __arm64_sys_epoll_pwait+0x7c/0x128
[<0>] invoke_syscall+0x50/0x128
[<0>] el0_svc_common.constprop.0+0xc8/0xf0
[<0>] do_el0_svc+0x48/0x78
[<0>] el0_slow_syscall+0x44/0x1b8
[<0>] el0t_64_sync_handler+0x100/0x130
[<0>] el0t_64_sync+0x188/0x190
--- tid=549894 wchan=hrtimer_nanosleep
[<0>] hrtimer_nanosleep+0x80/0x100
[<0>] common_nsleep+0x4c/0x80
[<0>] __arm64_sys_clock_nanosleep+0xd4/0x158
[<0>] invoke_syscall+0x50/0x128
[<0>] el0_svc_common.constprop.0+0xc8/0xf0
[<0>] do_el0_svc+0x48/0x78
[<0>] el0_slow_syscall+0x44/0x1b8
[<0>] el0t_64_sync_handler+0x100/0x130
[<0>] el0t_64_sync+0x188/0x190
--- tid=549899 wchan=hrtimer_nanosleep
[<0>] hrtimer_nanosleep+0x80/0x100
[<0>] common_nsleep+0x4c/0x80
[<0>] __arm64_sys_clock_nanosleep+0xd4/0x158
[<0>] invoke_syscall+0x50/0x128
[<0>] el0_svc_common.constprop.0+0xc8/0xf0
[<0>] do_el0_svc+0x48/0x78
[<0>] el0_slow_syscall+0x44/0x1b8
[<0>] el0t_64_sync_handler+0x100/0x130
[<0>] el0t_64_sync+0x188/0x190
--- tid=549904 wchan=hrtimer_nanosleep
[<0>] hrtimer_nanosleep+0x80/0x100
[<0>] common_nsleep+0x4c/0x80
[<0>] __arm64_sys_clock_nanosleep+0xd4/0x158
[<0>] invoke_syscall+0x50/0x128
[<0>] el0_svc_common.constprop.0+0xc8/0xf0
[<0>] do_el0_svc+0x48/0x78
[<0>] el0_slow_syscall+0x44/0x1b8
[<0>] el0t_64_sync_handler+0x100/0x130
[<0>] el0t_64_sync+0x188/0x190
--- tid=550136 wchan=futex_wait_queue
[<0>] futex_wait_queue+0x78/0xb0
[<0>] futex_wait+0xe8/0x1d0
[<0>] do_futex+0xec/0x1a0
[<0>] __arm64_sys_futex+0x80/0x198
[<0>] invoke_syscall+0x50/0x128
[<0>] el0_svc_common.constprop.0+0xc8/0xf0
[<0>] do_el0_svc+0x48/0x78
[<0>] el0_slow_syscall+0x44/0x1b8
[<0>] el0t_64_sync_handler+0x100/0x130
[<0>] el0t_64_sync+0x188/0x190
--- tid=550137 wchan=futex_wait_queue
[<0>] futex_wait_queue+0x78/0xb0
[<0>] futex_wait+0xe8/0x1d0
[<0>] do_futex+0xec/0x1a0
[<0>] __arm64_sys_futex+0x80/0x198
[<0>] invoke_syscall+0x50/0x128
[<0>] el0_svc_common.constprop.0+0xc8/0xf0
[<0>] do_el0_svc+0x48/0x78
[<0>] el0_slow_syscall+0x44/0x1b8
[<0>] el0t_64_sync_handler+0x100/0x130
[<0>] el0t_64_sync+0x188/0x190
--- tid=550138 wchan=futex_wait_queue
[<0>] futex_wait_queue+0x78/0xb0
[<0>] futex_wait+0xe8/0x1d0
[<0>] do_futex+0xec/0x1a0
[<0>] __arm64_sys_futex+0x80/0x198
[<0>] invoke_syscall+0x50/0x128
[<0>] el0_svc_common.constprop.0+0xc8/0xf0
[<0>] do_el0_svc+0x48/0x78
[<0>] el0_slow_syscall+0x44/0x1b8
[<0>] el0t_64_sync_handler+0x100/0x130
[<0>] el0t_64_sync+0x188/0x190
--- tid=550139 wchan=futex_wait_queue
[<0>] futex_wait_queue+0x78/0xb0
[<0>] futex_wait+0xe8/0x1d0
[<0>] do_futex+0xec/0x1a0
[<0>] __arm64_sys_futex+0x80/0x198
[<0>] invoke_syscall+0x50/0x128
[<0>] el0_svc_common.constprop.0+0xc8/0xf0
[<0>] do_el0_svc+0x48/0x78
[<0>] el0_slow_syscall+0x44/0x1b8
[<0>] el0t_64_sync_handler+0x100/0x130
[<0>] el0t_64_sync+0x188/0x190
--- tid=550140 wchan=futex_wait_queue
[<0>] futex_wait_queue+0x78/0xb0
[<0>] futex_wait+0xe8/0x1d0
[<0>] do_futex+0xec/0x1a0
[<0>] __arm64_sys_futex+0x80/0x198
[<0>] invoke_syscall+0x50/0x128
[<0>] el0_svc_common.constprop.0+0xc8/0xf0
[<0>] do_el0_svc+0x48/0x78
[<0>] el0_slow_syscall+0x44/0x1b8
[<0>] el0t_64_sync_handler+0x100/0x130
[<0>] el0t_64_sync+0x188/0x190
--- tid=550141 wchan=futex_wait_queue
[<0>] futex_wait_queue+0x78/0xb0
[<0>] futex_wait+0xe8/0x1d0
[<0>] do_futex+0xec/0x1a0
[<0>] __arm64_sys_futex+0x80/0x198
[<0>] invoke_syscall+0x50/0x128
[<0>] el0_svc_common.constprop.0+0xc8/0xf0
[<0>] do_el0_svc+0x48/0x78
[<0>] el0_slow_syscall+0x44/0x1b8
[<0>] el0t_64_sync_handler+0x100/0x130
[<0>] el0t_64_sync+0x188/0x190
--- tid=550142 wchan=futex_wait_queue
[<0>] futex_wait_queue+0x78/0xb0
[<0>] futex_wait+0xe8/0x1d0
[<0>] do_futex+0xec/0x1a0
[<0>] __arm64_sys_futex+0x80/0x198
[<0>] invoke_syscall+0x50/0x128
[<0>] el0_svc_common.constprop.0+0xc8/0xf0
[<0>] do_el0_svc+0x48/0x78
[<0>] el0_slow_syscall+0x44/0x1b8
[<0>] el0t_64_sync_handler+0x100/0x130
[<0>] el0t_64_sync+0x188/0x190
--- tid=550143 wchan=futex_wait_queue
[<0>] futex_wait_queue+0x78/0xb0
[<0>] futex_wait+0xe8/0x1d0
[<0>] do_futex+0xec/0x1a0
[<0>] __arm64_sys_futex+0x80/0x198
[<0>] invoke_syscall+0x50/0x128
[<0>] el0_svc_common.constprop.0+0xc8/0xf0
[<0>] do_el0_svc+0x48/0x78
[<0>] el0_slow_syscall+0x44/0x1b8
[<0>] el0t_64_sync_handler+0x100/0x130
[<0>] el0t_64_sync+0x188/0x190
--- tid=550144 wchan=futex_wait_queue
[<0>] futex_wait_queue+0x78/0xb0
[<0>] futex_wait+0xe8/0x1d0
[<0>] do_futex+0xec/0x1a0
[<0>] __arm64_sys_futex+0x80/0x198
[<0>] invoke_syscall+0x50/0x128
[<0>] el0_svc_common.constprop.0+0xc8/0xf0
[<0>] do_el0_svc+0x48/0x78
[<0>] el0_slow_syscall+0x44/0x1b8
[<0>] el0t_64_sync_handler+0x100/0x130
[<0>] el0t_64_sync+0x188/0x190
--- tid=550252 wchan=do_sigtimedwait
[<0>] do_sigtimedwait+0x1d4/0x2a8
[<0>] __se_sys_rt_sigtimedwait+0x94/0x160
[<0>] __arm64_sys_rt_sigtimedwait+0x24/0x38
[<0>] invoke_syscall+0x50/0x128
[<0>] el0_svc_common.constprop.0+0xc8/0xf0
[<0>] do_el0_svc+0x48/0x78
[<0>] el0_slow_syscall+0x44/0x1b8
[<0>] el0t_64_sync_handler+0x100/0x130
[<0>] el0t_64_sync+0x188/0x190
--- tid=550379 wchan=futex_wait_queue
[<0>] futex_wait_queue+0x78/0xb0
[<0>] futex_wait+0xe8/0x1d0
[<0>] do_futex+0xec/0x1a0
[<0>] __arm64_sys_futex+0x80/0x198
[<0>] invoke_syscall+0x50/0x128
[<0>] el0_svc_common.constprop.0+0xc8/0xf0
[<0>] do_el0_svc+0x48/0x78
[<0>] el0_slow_syscall+0x44/0x1b8
[<0>] el0t_64_sync_handler+0x100/0x130
[<0>] el0t_64_sync+0x188/0x190
--- tid=550380 wchan=futex_wait_queue
[<0>] futex_wait_queue+0x78/0xb0
[<0>] futex_wait+0xe8/0x1d0
[<0>] do_futex+0xec/0x1a0
[<0>] __arm64_sys_futex+0x80/0x198
[<0>] invoke_syscall+0x50/0x128
[<0>] el0_svc_common.constprop.0+0xc8/0xf0
[<0>] do_el0_svc+0x48/0x78
[<0>] el0_slow_syscall+0x44/0x1b8
[<0>] el0t_64_sync_handler+0x100/0x130
[<0>] el0t_64_sync+0x188/0x190
--- tid=550381 wchan=ep_poll
[<0>] ep_poll+0x300/0x498
[<0>] do_epoll_wait+0x100/0x128
[<0>] do_epoll_pwait.part.0+0x1c/0xb8
[<0>] __arm64_sys_epoll_pwait+0x7c/0x128
[<0>] invoke_syscall+0x50/0x128
[<0>] el0_svc_common.constprop.0+0xc8/0xf0
[<0>] do_el0_svc+0x48/0x78
[<0>] el0_slow_syscall+0x44/0x1b8
[<0>] el0t_64_sync_handler+0x100/0x130
[<0>] el0t_64_sync+0x188/0x190
--- tid=550382 wchan=hdcdrv_ub_cmd_wait_ctrl_msg
[<0>] hdcdrv_ub_cmd_wait_ctrl_msg+0x378/0x440 [drv_pcie_hdc_host]
[<0>] hdcdrv_ioctl+0x108/0x510 [drv_pcie_hdc_host]
[<0>] drv_ascend_intf_ioctl+0x7c/0x2b8 [asdrv_pbl]
[<0>] __arm64_sys_ioctl+0xb4/0x100
[<0>] invoke_syscall+0x50/0x128
[<0>] el0_svc_common.constprop.0+0xc8/0xf0
[<0>] do_el0_svc+0x48/0x78
[<0>] el0_slow_syscall+0x44/0x1b8
[<0>] el0t_64_sync_handler+0x100/0x130
[<0>] el0t_64_sync+0x188/0x190
--- tid=550383 wchan=ep_poll
[<0>] ep_poll+0x300/0x498
[<0>] do_epoll_wait+0x100/0x128
[<0>] do_epoll_pwait.part.0+0x1c/0xb8
[<0>] __arm64_sys_epoll_pwait+0x7c/0x128
[<0>] invoke_syscall+0x50/0x128
[<0>] el0_svc_common.constprop.0+0xc8/0xf0
[<0>] do_el0_svc+0x48/0x78
[<0>] el0_slow_syscall+0x44/0x1b8
[<0>] el0t_64_sync_handler+0x100/0x130
[<0>] el0t_64_sync+0x188/0x190
--- tid=550384 wchan=hdcdrv_ub_cmd_wait_ctrl_msg
[<0>] hdcdrv_ub_cmd_wait_ctrl_msg+0x378/0x440 [drv_pcie_hdc_host]
[<0>] hdcdrv_ioctl+0x108/0x510 [drv_pcie_hdc_host]
[<0>] drv_ascend_intf_ioctl+0x7c/0x2b8 [asdrv_pbl]
[<0>] __arm64_sys_ioctl+0xb4/0x100
[<0>] invoke_syscall+0x50/0x128
[<0>] el0_svc_common.constprop.0+0xc8/0xf0
[<0>] do_el0_svc+0x48/0x78
[<0>] el0_slow_syscall+0x44/0x1b8
[<0>] el0t_64_sync_handler+0x100/0x130
[<0>] el0t_64_sync+0x188/0x190
--- tid=550385 wchan=hdcdrv_ub_cmd_wait_ctrl_msg
[<0>] hdcdrv_ub_cmd_wait_ctrl_msg+0x378/0x440 [drv_pcie_hdc_host]
[<0>] hdcdrv_ioctl+0x108/0x510 [drv_pcie_hdc_host]
[<0>] drv_ascend_intf_ioctl+0x7c/0x2b8 [asdrv_pbl]
[<0>] __arm64_sys_ioctl+0xb4/0x100
[<0>] invoke_syscall+0x50/0x128
[<0>] el0_svc_common.constprop.0+0xc8/0xf0
[<0>] do_el0_svc+0x48/0x78
[<0>] el0_slow_syscall+0x44/0x1b8
[<0>] el0t_64_sync_handler+0x100/0x130
[<0>] el0t_64_sync+0x188/0x190
--- tid=550386 wchan=hdcdrv_ub_cmd_wait_ctrl_msg
[<0>] hdcdrv_ub_cmd_wait_ctrl_msg+0x378/0x440 [drv_pcie_hdc_host]
[<0>] hdcdrv_ioctl+0x108/0x510 [drv_pcie_hdc_host]
[<0>] drv_ascend_intf_ioctl+0x7c/0x2b8 [asdrv_pbl]
[<0>] __arm64_sys_ioctl+0xb4/0x100
[<0>] invoke_syscall+0x50/0x128
[<0>] el0_svc_common.constprop.0+0xc8/0xf0
[<0>] do_el0_svc+0x48/0x78
[<0>] el0_slow_syscall+0x44/0x1b8
[<0>] el0t_64_sync_handler+0x100/0x130
[<0>] el0t_64_sync+0x188/0x190
--- tid=550387 wchan=hdcdrv_ub_cmd_wait_ctrl_msg
[<0>] hdcdrv_ub_cmd_wait_ctrl_msg+0x378/0x440 [drv_pcie_hdc_host]
[<0>] hdcdrv_ioctl+0x108/0x510 [drv_pcie_hdc_host]
[<0>] drv_ascend_intf_ioctl+0x7c/0x2b8 [asdrv_pbl]
[<0>] __arm64_sys_ioctl+0xb4/0x100
[<0>] invoke_syscall+0x50/0x128
[<0>] el0_svc_common.constprop.0+0xc8/0xf0
[<0>] do_el0_svc+0x48/0x78
[<0>] el0_slow_syscall+0x44/0x1b8
[<0>] el0t_64_sync_handler+0x100/0x130
[<0>] el0t_64_sync+0x188/0x190
--- tid=550388 wchan=hdcdrv_ub_cmd_wait_ctrl_msg
[<0>] hdcdrv_ub_cmd_wait_ctrl_msg+0x378/0x440 [drv_pcie_hdc_host]
[<0>] hdcdrv_ioctl+0x108/0x510 [drv_pcie_hdc_host]
[<0>] drv_ascend_intf_ioctl+0x7c/0x2b8 [asdrv_pbl]
[<0>] __arm64_sys_ioctl+0xb4/0x100
[<0>] invoke_syscall+0x50/0x128
[<0>] el0_svc_common.constprop.0+0xc8/0xf0
[<0>] do_el0_svc+0x48/0x78
[<0>] el0_slow_syscall+0x44/0x1b8
[<0>] el0t_64_sync_handler+0x100/0x130
[<0>] el0t_64_sync+0x188/0x190
--- tid=550389 wchan=hdcdrv_ub_cmd_wait_ctrl_msg
[<0>] hdcdrv_ub_cmd_wait_ctrl_msg+0x378/0x440 [drv_pcie_hdc_host]
[<0>] hdcdrv_ioctl+0x108/0x510 [drv_pcie_hdc_host]
[<0>] drv_ascend_intf_ioctl+0x7c/0x2b8 [asdrv_pbl]
[<0>] __arm64_sys_ioctl+0xb4/0x100
[<0>] invoke_syscall+0x50/0x128
[<0>] el0_svc_common.constprop.0+0xc8/0xf0
[<0>] do_el0_svc+0x48/0x78
[<0>] el0_slow_syscall+0x44/0x1b8
[<0>] el0t_64_sync_handler+0x100/0x130
[<0>] el0t_64_sync+0x188/0x190
--- tid=550390 wchan=hdcdrv_ub_cmd_wait_ctrl_msg
[<0>] hdcdrv_ub_cmd_wait_ctrl_msg+0x378/0x440 [drv_pcie_hdc_host]
[<0>] hdcdrv_ioctl+0x108/0x510 [drv_pcie_hdc_host]
[<0>] drv_ascend_intf_ioctl+0x7c/0x2b8 [asdrv_pbl]
[<0>] __arm64_sys_ioctl+0xb4/0x100
[<0>] invoke_syscall+0x50/0x128
[<0>] el0_svc_common.constprop.0+0xc8/0xf0
[<0>] do_el0_svc+0x48/0x78
[<0>] el0_slow_syscall+0x44/0x1b8
[<0>] el0t_64_sync_handler+0x100/0x130
[<0>] el0t_64_sync+0x188/0x190
--- tid=550392 wchan=futex_wait_queue
[<0>] futex_wait_queue+0x78/0xb0
[<0>] futex_wait+0xe8/0x1d0
[<0>] do_futex+0xec/0x1a0
[<0>] __arm64_sys_futex+0x80/0x198
[<0>] invoke_syscall+0x50/0x128
[<0>] el0_svc_common.constprop.0+0xc8/0xf0
[<0>] do_el0_svc+0x48/0x78
[<0>] el0_slow_syscall+0x44/0x1b8
[<0>] el0t_64_sync_handler+0x100/0x130
[<0>] el0t_64_sync+0x188/0x190
--- tid=550394 wchan=futex_wait_queue
[<0>] futex_wait_queue+0x78/0xb0
[<0>] futex_wait+0xe8/0x1d0
[<0>] do_futex+0xec/0x1a0
[<0>] __arm64_sys_futex+0x80/0x198
[<0>] invoke_syscall+0x50/0x128
[<0>] el0_svc_common.constprop.0+0xc8/0xf0
[<0>] do_el0_svc+0x48/0x78
[<0>] el0_slow_syscall+0x44/0x1b8
[<0>] el0t_64_sync_handler+0x100/0x130
[<0>] el0t_64_sync+0x188/0x190
--- tid=550436 wchan=sched_wait_event
[<0>] sched_wait_event+0x6e0/0x2220 [asdrv_esched]
[<0>] sched_fop_wait_event+0x90/0x190 [asdrv_esched]
[<0>] _sched_fop_ioctl+0x58/0x198 [asdrv_esched]
[<0>] sched_fop_ioctl+0xc0/0x168 [asdrv_esched]
[<0>] drv_ascend_intf_ioctl+0x7c/0x2b8 [asdrv_pbl]
[<0>] __arm64_sys_ioctl+0xb4/0x100
[<0>] invoke_syscall+0x50/0x128
[<0>] el0_svc_common.constprop.0+0xc8/0xf0
[<0>] do_el0_svc+0x48/0x78
[<0>] el0_slow_syscall+0x44/0x1b8
[<0>] el0t_64_sync_handler+0x100/0x130
[<0>] el0t_64_sync+0x188/0x190
--- tid=550491 wchan=ep_poll
[<0>] ep_poll+0x300/0x498
[<0>] do_epoll_wait+0x100/0x128
[<0>] do_epoll_pwait.part.0+0x1c/0xb8
[<0>] __arm64_sys_epoll_pwait+0x7c/0x128
[<0>] invoke_syscall+0x50/0x128
[<0>] el0_svc_common.constprop.0+0xc8/0xf0
[<0>] do_el0_svc+0x48/0x78
[<0>] el0_slow_syscall+0x44/0x1b8
[<0>] el0t_64_sync_handler+0x100/0x130
[<0>] el0t_64_sync+0x188/0x190
--- tid=550501 wchan=hrtimer_nanosleep
[<0>] hrtimer_nanosleep+0x80/0x100
[<0>] common_nsleep+0x4c/0x80
[<0>] __arm64_sys_clock_nanosleep+0xd4/0x158
[<0>] invoke_syscall+0x50/0x128
[<0>] el0_svc_common.constprop.0+0xc8/0xf0
[<0>] do_el0_svc+0x48/0x78
[<0>] el0_slow_syscall+0x44/0x1b8
[<0>] el0t_64_sync_handler+0x100/0x130
[<0>] el0t_64_sync+0x188/0x190
--- tid=550502 wchan=dms_event_wait_interrupt
[<0>] dms_event_wait_interrupt+0xb8/0x230 [asdrv_fms]
[<0>] dms_event_get_exception+0x88/0x238 [asdrv_fms]
[<0>] dms_event_get_fault_event+0xd8/0x448 [asdrv_fms]
[<0>] urd_feature_handle+0x74/0x220 [asdrv_pbl]
[<0>] dms_feature_process+0xc0/0x390 [asdrv_pbl]
[<0>] dms_cmd_process+0x110/0x260 [asdrv_pbl]
[<0>] dms_ioctl+0x1b4/0x260 [asdrv_pbl]
[<0>] drv_ascend_intf_ioctl+0x7c/0x2b8 [asdrv_pbl]
[<0>] __arm64_sys_ioctl+0xb4/0x100
[<0>] invoke_syscall+0x50/0x128
[<0>] el0_svc_common.constprop.0+0xc8/0xf0
[<0>] do_el0_svc+0x48/0x78
--- tid=550503 wchan=futex_wait_queue
[<0>] futex_wait_queue+0x78/0xb0
[<0>] futex_wait+0xe8/0x1d0
[<0>] do_futex+0xec/0x1a0
[<0>] __arm64_sys_futex+0x80/0x198
[<0>] invoke_syscall+0x50/0x128
[<0>] el0_svc_common.constprop.0+0xc8/0xf0
[<0>] do_el0_svc+0x48/0x78
[<0>] el0_slow_syscall+0x44/0x1b8
[<0>] el0t_64_sync_handler+0x100/0x130
[<0>] el0t_64_sync+0x188/0x190
--- tid=550504 wchan=do_wait_intr_irq
[<0>] do_wait_intr_irq+0x94/0x168
[<0>] eventfd_read+0xc0/0x2c8
[<0>] new_sync_read+0xac/0x148
[<0>] vfs_read+0x194/0x1e8
[<0>] ksys_read+0x78/0x118
[<0>] __arm64_sys_read+0x24/0x38
[<0>] invoke_syscall+0x50/0x128
[<0>] el0_svc_common.constprop.0+0xc8/0xf0
[<0>] do_el0_svc+0x48/0x78
[<0>] el0_slow_syscall+0x44/0x1b8
[<0>] el0t_64_sync_handler+0x100/0x130
[<0>] el0t_64_sync+0x188/0x190
--- tid=550505 wchan=do_select
[<0>] do_select+0x424/0x618
[<0>] core_sys_select+0x1dc/0x510
[<0>] __se_sys_pselect6+0x104/0x1c8
[<0>] __arm64_sys_pselect6+0x28/0x48
[<0>] invoke_syscall+0x50/0x128
[<0>] el0_svc_common.constprop.0+0xc8/0xf0
[<0>] do_el0_svc+0x48/0x78
[<0>] el0_slow_syscall+0x44/0x1b8
[<0>] el0t_64_sync_handler+0x100/0x130
[<0>] el0t_64_sync+0x188/0x190
--- tid=550509 wchan=futex_wait_queue
[<0>] futex_wait_queue+0x78/0xb0
[<0>] futex_wait+0xe8/0x1d0
[<0>] do_futex+0xec/0x1a0
[<0>] __arm64_sys_futex+0x80/0x198
[<0>] invoke_syscall+0x50/0x128
[<0>] el0_svc_common.constprop.0+0xc8/0xf0
[<0>] do_el0_svc+0x48/0x78
[<0>] el0_slow_syscall+0x44/0x1b8
[<0>] el0t_64_sync_handler+0x100/0x130
[<0>] el0t_64_sync+0x188/0x190
--- tid=550510 wchan=futex_wait_queue
[<0>] futex_wait_queue+0x78/0xb0
[<0>] futex_wait+0xe8/0x1d0
[<0>] do_futex+0xec/0x1a0
[<0>] __arm64_sys_futex+0x80/0x198
[<0>] invoke_syscall+0x50/0x128
[<0>] el0_svc_common.constprop.0+0xc8/0xf0
[<0>] do_el0_svc+0x48/0x78
[<0>] el0_slow_syscall+0x44/0x1b8
[<0>] el0t_64_sync_handler+0x100/0x130
[<0>] el0t_64_sync+0x188/0x190
--- tid=550511 wchan=futex_wait_queue
[<0>] futex_wait_queue+0x78/0xb0
[<0>] futex_wait+0xe8/0x1d0
[<0>] do_futex+0xec/0x1a0
[<0>] __arm64_sys_futex+0x80/0x198
[<0>] invoke_syscall+0x50/0x128
[<0>] el0_svc_common.constprop.0+0xc8/0xf0
[<0>] do_el0_svc+0x48/0x78
[<0>] el0_slow_syscall+0x44/0x1b8
[<0>] el0t_64_sync_handler+0x100/0x130
[<0>] el0t_64_sync+0x188/0x190
--- tid=550512 wchan=futex_wait_queue
[<0>] futex_wait_queue+0x78/0xb0
[<0>] futex_wait+0xe8/0x1d0
[<0>] do_futex+0xec/0x1a0
[<0>] __arm64_sys_futex+0x80/0x198
[<0>] invoke_syscall+0x50/0x128
[<0>] el0_svc_common.constprop.0+0xc8/0xf0
[<0>] do_el0_svc+0x48/0x78
[<0>] el0_slow_syscall+0x44/0x1b8
[<0>] el0t_64_sync_handler+0x100/0x130
[<0>] el0t_64_sync+0x188/0x190
--- tid=550513 wchan=futex_wait_queue
[<0>] futex_wait_queue+0x78/0xb0
[<0>] futex_wait+0xe8/0x1d0
[<0>] do_futex+0xec/0x1a0
[<0>] __arm64_sys_futex+0x80/0x198
[<0>] invoke_syscall+0x50/0x128
[<0>] el0_svc_common.constprop.0+0xc8/0xf0
[<0>] do_el0_svc+0x48/0x78
[<0>] el0_slow_syscall+0x44/0x1b8
[<0>] el0t_64_sync_handler+0x100/0x130
[<0>] el0t_64_sync+0x188/0x190
--- tid=550514 wchan=futex_wait_queue
[<0>] futex_wait_queue+0x78/0xb0
[<0>] futex_wait+0xe8/0x1d0
[<0>] do_futex+0xec/0x1a0
[<0>] __arm64_sys_futex+0x80/0x198
[<0>] invoke_syscall+0x50/0x128
[<0>] el0_svc_common.constprop.0+0xc8/0xf0
[<0>] do_el0_svc+0x48/0x78
[<0>] el0_slow_syscall+0x44/0x1b8
[<0>] el0t_64_sync_handler+0x100/0x130
[<0>] el0t_64_sync+0x188/0x190
--- tid=550515 wchan=futex_wait_queue
[<0>] futex_wait_queue+0x78/0xb0
[<0>] futex_wait+0xe8/0x1d0
[<0>] do_futex+0xec/0x1a0
[<0>] __arm64_sys_futex+0x80/0x198
[<0>] invoke_syscall+0x50/0x128
[<0>] el0_svc_common.constprop.0+0xc8/0xf0
[<0>] do_el0_svc+0x48/0x78
[<0>] el0_slow_syscall+0x44/0x1b8
[<0>] el0t_64_sync_handler+0x100/0x130
[<0>] el0t_64_sync+0x188/0x190
--- tid=550516 wchan=futex_wait_queue
[<0>] futex_wait_queue+0x78/0xb0
[<0>] futex_wait+0xe8/0x1d0
[<0>] do_futex+0xec/0x1a0
[<0>] __arm64_sys_futex+0x80/0x198
[<0>] invoke_syscall+0x50/0x128
[<0>] el0_svc_common.constprop.0+0xc8/0xf0
[<0>] do_el0_svc+0x48/0x78
[<0>] el0_slow_syscall+0x44/0x1b8
[<0>] el0t_64_sync_handler+0x100/0x130
[<0>] el0t_64_sync+0x188/0x190
--- tid=550517 wchan=futex_wait_queue
[<0>] futex_wait_queue+0x78/0xb0
[<0>] futex_wait+0xe8/0x1d0
[<0>] do_futex+0xec/0x1a0
[<0>] __arm64_sys_futex+0x80/0x198
[<0>] invoke_syscall+0x50/0x128
[<0>] el0_svc_common.constprop.0+0xc8/0xf0
[<0>] do_el0_svc+0x48/0x78
[<0>] el0_slow_syscall+0x44/0x1b8
[<0>] el0t_64_sync_handler+0x100/0x130
[<0>] el0t_64_sync+0x188/0x190
--- tid=550524 wchan=futex_wait_queue
[<0>] futex_wait_queue+0x78/0xb0
[<0>] futex_wait+0xe8/0x1d0
[<0>] do_futex+0xec/0x1a0
[<0>] __arm64_sys_futex+0x80/0x198
[<0>] invoke_syscall+0x50/0x128
[<0>] el0_svc_common.constprop.0+0xc8/0xf0
[<0>] do_el0_svc+0x48/0x78
[<0>] el0_slow_syscall+0x44/0x1b8
[<0>] el0t_64_sync_handler+0x100/0x130
[<0>] el0t_64_sync+0x188/0x190
--- tid=550525 wchan=futex_wait_queue
[<0>] futex_wait_queue+0x78/0xb0
[<0>] futex_wait+0xe8/0x1d0
[<0>] do_futex+0xec/0x1a0
[<0>] __arm64_sys_futex+0x80/0x198
[<0>] invoke_syscall+0x50/0x128
[<0>] el0_svc_common.constprop.0+0xc8/0xf0
[<0>] do_el0_svc+0x48/0x78
[<0>] el0_slow_syscall+0x44/0x1b8
[<0>] el0t_64_sync_handler+0x100/0x130
[<0>] el0t_64_sync+0x188/0x190
--- tid=550526 wchan=ep_poll
[<0>] ep_poll+0x300/0x498
[<0>] do_epoll_wait+0x100/0x128
[<0>] do_epoll_pwait.part.0+0x1c/0xb8
[<0>] __arm64_sys_epoll_pwait+0x7c/0x128
[<0>] invoke_syscall+0x50/0x128
[<0>] el0_svc_common.constprop.0+0xc8/0xf0
[<0>] do_el0_svc+0x48/0x78
[<0>] el0_slow_syscall+0x44/0x1b8
[<0>] el0t_64_sync_handler+0x100/0x130
[<0>] el0t_64_sync+0x188/0x190
--- tid=550581 wchan=futex_wait_queue
[<0>] futex_wait_queue+0x78/0xb0
[<0>] futex_wait+0xe8/0x1d0
[<0>] do_futex+0xec/0x1a0
[<0>] __arm64_sys_futex+0x80/0x198
[<0>] invoke_syscall+0x50/0x128
[<0>] el0_svc_common.constprop.0+0xc8/0xf0
[<0>] do_el0_svc+0x48/0x78
[<0>] el0_slow_syscall+0x44/0x1b8
[<0>] el0t_64_sync_handler+0x100/0x130
[<0>] el0t_64_sync+0x188/0x190
--- tid=550585 wchan=futex_wait_queue
[<0>] futex_wait_queue+0x78/0xb0
[<0>] futex_wait+0xe8/0x1d0
[<0>] do_futex+0xec/0x1a0
[<0>] __arm64_sys_futex+0x80/0x198
[<0>] invoke_syscall+0x50/0x128
[<0>] el0_svc_common.constprop.0+0xc8/0xf0
[<0>] do_el0_svc+0x48/0x78
[<0>] el0_slow_syscall+0x44/0x1b8
[<0>] el0t_64_sync_handler+0x100/0x130
[<0>] el0t_64_sync+0x188/0x190
--- tid=550595 wchan=futex_wait_queue
[<0>] futex_wait_queue+0x78/0xb0
[<0>] futex_wait+0xe8/0x1d0
[<0>] do_futex+0xec/0x1a0
[<0>] __arm64_sys_futex+0x80/0x198
[<0>] invoke_syscall+0x50/0x128
[<0>] el0_svc_common.constprop.0+0xc8/0xf0
[<0>] do_el0_svc+0x48/0x78
[<0>] el0_slow_syscall+0x44/0x1b8
[<0>] el0t_64_sync_handler+0x100/0x130
[<0>] el0t_64_sync+0x188/0x190
--- tid=550601 wchan=ep_poll
[<0>] ep_poll+0x300/0x498
[<0>] do_epoll_wait+0x100/0x128
[<0>] do_epoll_pwait.part.0+0x1c/0xb8
[<0>] __arm64_sys_epoll_pwait+0x7c/0x128
[<0>] invoke_syscall+0x50/0x128
[<0>] el0_svc_common.constprop.0+0xc8/0xf0
[<0>] do_el0_svc+0x48/0x78
[<0>] el0_slow_syscall+0x44/0x1b8
[<0>] el0t_64_sync_handler+0x100/0x130
[<0>] el0t_64_sync+0x188/0x190
--- tid=550609 wchan=futex_wait_queue
[<0>] futex_wait_queue+0x78/0xb0
[<0>] futex_wait+0xe8/0x1d0
[<0>] do_futex+0xec/0x1a0
[<0>] __arm64_sys_futex+0x80/0x198
[<0>] invoke_syscall+0x50/0x128
[<0>] el0_svc_common.constprop.0+0xc8/0xf0
[<0>] do_el0_svc+0x48/0x78
[<0>] el0_slow_syscall+0x44/0x1b8
[<0>] el0t_64_sync_handler+0x100/0x130
[<0>] el0t_64_sync+0x188/0x190
--- tid=550611 wchan=futex_wait_queue
[<0>] futex_wait_queue+0x78/0xb0
[<0>] futex_wait+0xe8/0x1d0
[<0>] do_futex+0xec/0x1a0
[<0>] __arm64_sys_futex+0x80/0x198
[<0>] invoke_syscall+0x50/0x128
[<0>] el0_svc_common.constprop.0+0xc8/0xf0
[<0>] do_el0_svc+0x48/0x78
[<0>] el0_slow_syscall+0x44/0x1b8
[<0>] el0t_64_sync_handler+0x100/0x130
[<0>] el0t_64_sync+0x188/0x190
--- tid=550628 wchan=ep_poll
[<0>] ep_poll+0x300/0x498
[<0>] do_epoll_wait+0x100/0x128
[<0>] do_epoll_pwait.part.0+0x1c/0xb8
[<0>] __arm64_sys_epoll_pwait+0x7c/0x128
[<0>] invoke_syscall+0x50/0x128
[<0>] el0_svc_common.constprop.0+0xc8/0xf0
[<0>] do_el0_svc+0x48/0x78
[<0>] el0_slow_syscall+0x44/0x1b8
[<0>] el0t_64_sync_handler+0x100/0x130
[<0>] el0t_64_sync+0x188/0x190
--- tid=550636 wchan=ep_poll
[<0>] ep_poll+0x300/0x498
[<0>] do_epoll_wait+0x100/0x128
[<0>] do_epoll_pwait.part.0+0x1c/0xb8
[<0>] __arm64_sys_epoll_pwait+0x7c/0x128
[<0>] invoke_syscall+0x50/0x128
[<0>] el0_svc_common.constprop.0+0xc8/0xf0
[<0>] do_el0_svc+0x48/0x78
[<0>] el0_slow_syscall+0x44/0x1b8
[<0>] el0t_64_sync_handler+0x100/0x130
[<0>] el0t_64_sync+0x188/0x190
--- tid=550643 wchan=futex_wait_queue
[<0>] futex_wait_queue+0x78/0xb0
[<0>] futex_wait+0xe8/0x1d0
[<0>] do_futex+0xec/0x1a0
[<0>] __arm64_sys_futex+0x80/0x198
[<0>] invoke_syscall+0x50/0x128
[<0>] el0_svc_common.constprop.0+0xc8/0xf0
[<0>] do_el0_svc+0x48/0x78
[<0>] el0_slow_syscall+0x44/0x1b8
[<0>] el0t_64_sync_handler+0x100/0x130
[<0>] el0t_64_sync+0x188/0x190
--- tid=550651 wchan=ep_poll
[<0>] ep_poll+0x300/0x498
[<0>] do_epoll_wait+0x100/0x128
[<0>] do_epoll_pwait.part.0+0x1c/0xb8
[<0>] __arm64_sys_epoll_pwait+0x7c/0x128
[<0>] invoke_syscall+0x50/0x128
[<0>] el0_svc_common.constprop.0+0xc8/0xf0
[<0>] do_el0_svc+0x48/0x78
[<0>] el0_slow_syscall+0x44/0x1b8
[<0>] el0t_64_sync_handler+0x100/0x130
[<0>] el0t_64_sync+0x188/0x190
--- tid=550659 wchan=futex_wait_queue
[<0>] futex_wait_queue+0x78/0xb0
[<0>] futex_wait+0xe8/0x1d0
[<0>] do_futex+0xec/0x1a0
[<0>] __arm64_sys_futex+0x80/0x198
[<0>] invoke_syscall+0x50/0x128
[<0>] el0_svc_common.constprop.0+0xc8/0xf0
[<0>] do_el0_svc+0x48/0x78
[<0>] el0_slow_syscall+0x44/0x1b8
[<0>] el0t_64_sync_handler+0x100/0x130
[<0>] el0t_64_sync+0x188/0x190
--- tid=550666 wchan=futex_wait_queue
[<0>] futex_wait_queue+0x78/0xb0
[<0>] futex_wait+0xe8/0x1d0
[<0>] do_futex+0xec/0x1a0
[<0>] __arm64_sys_futex+0x80/0x198
[<0>] invoke_syscall+0x50/0x128
[<0>] el0_svc_common.constprop.0+0xc8/0xf0
[<0>] do_el0_svc+0x48/0x78
[<0>] el0_slow_syscall+0x44/0x1b8
[<0>] el0t_64_sync_handler+0x100/0x130
[<0>] el0t_64_sync+0x188/0x190
--- tid=550680 wchan=futex_wait_queue
[<0>] futex_wait_queue+0x78/0xb0
[<0>] futex_wait+0xe8/0x1d0
[<0>] do_futex+0xec/0x1a0
[<0>] __arm64_sys_futex+0x80/0x198
[<0>] invoke_syscall+0x50/0x128
[<0>] el0_svc_common.constprop.0+0xc8/0xf0
[<0>] do_el0_svc+0x48/0x78
[<0>] el0_slow_syscall+0x44/0x1b8
[<0>] el0t_64_sync_handler+0x100/0x130
[<0>] el0t_64_sync+0x188/0x190
--- tid=550686 wchan=ep_poll
[<0>] ep_poll+0x300/0x498
[<0>] do_epoll_wait+0x100/0x128
[<0>] do_epoll_pwait.part.0+0x1c/0xb8
[<0>] __arm64_sys_epoll_pwait+0x7c/0x128
[<0>] invoke_syscall+0x50/0x128
[<0>] el0_svc_common.constprop.0+0xc8/0xf0
[<0>] do_el0_svc+0x48/0x78
[<0>] el0_slow_syscall+0x44/0x1b8
[<0>] el0t_64_sync_handler+0x100/0x130
[<0>] el0t_64_sync+0x188/0x190
--- tid=550696 wchan=futex_wait_queue
[<0>] futex_wait_queue+0x78/0xb0
[<0>] futex_wait+0xe8/0x1d0
[<0>] do_futex+0xec/0x1a0
[<0>] __arm64_sys_futex+0x80/0x198
[<0>] invoke_syscall+0x50/0x128
[<0>] el0_svc_common.constprop.0+0xc8/0xf0
[<0>] do_el0_svc+0x48/0x78
[<0>] el0_slow_syscall+0x44/0x1b8
[<0>] el0t_64_sync_handler+0x100/0x130
[<0>] el0t_64_sync+0x188/0x190
--- tid=550702 wchan=futex_wait_queue
[<0>] futex_wait_queue+0x78/0xb0
[<0>] futex_wait+0xe8/0x1d0
[<0>] do_futex+0xec/0x1a0
[<0>] __arm64_sys_futex+0x80/0x198
[<0>] invoke_syscall+0x50/0x128
[<0>] el0_svc_common.constprop.0+0xc8/0xf0
[<0>] do_el0_svc+0x48/0x78
[<0>] el0_slow_syscall+0x44/0x1b8
[<0>] el0t_64_sync_handler+0x100/0x130
[<0>] el0t_64_sync+0x188/0x190
--- tid=550711 wchan=futex_wait_queue
[<0>] futex_wait_queue+0x78/0xb0
[<0>] futex_wait+0xe8/0x1d0
[<0>] do_futex+0xec/0x1a0
[<0>] __arm64_sys_futex+0x80/0x198
[<0>] invoke_syscall+0x50/0x128
[<0>] el0_svc_common.constprop.0+0xc8/0xf0
[<0>] do_el0_svc+0x48/0x78
[<0>] el0_slow_syscall+0x44/0x1b8
[<0>] el0t_64_sync_handler+0x100/0x130
[<0>] el0t_64_sync+0x188/0x190
--- tid=550719 wchan=ep_poll
[<0>] ep_poll+0x300/0x498
[<0>] do_epoll_wait+0x100/0x128
[<0>] do_epoll_pwait.part.0+0x1c/0xb8
[<0>] __arm64_sys_epoll_pwait+0x7c/0x128
[<0>] invoke_syscall+0x50/0x128
[<0>] el0_svc_common.constprop.0+0xc8/0xf0
[<0>] do_el0_svc+0x48/0x78
[<0>] el0_slow_syscall+0x44/0x1b8
[<0>] el0t_64_sync_handler+0x100/0x130
[<0>] el0t_64_sync+0x188/0x190
--- tid=550724 wchan=futex_wait_queue
[<0>] futex_wait_queue+0x78/0xb0
[<0>] futex_wait+0xe8/0x1d0
[<0>] do_futex+0xec/0x1a0
[<0>] __arm64_sys_futex+0x80/0x198
[<0>] invoke_syscall+0x50/0x128
[<0>] el0_svc_common.constprop.0+0xc8/0xf0
[<0>] do_el0_svc+0x48/0x78
[<0>] el0_slow_syscall+0x44/0x1b8
[<0>] el0t_64_sync_handler+0x100/0x130
[<0>] el0t_64_sync+0x188/0x190
--- tid=550731 wchan=futex_wait_queue
[<0>] futex_wait_queue+0x78/0xb0
[<0>] futex_wait+0xe8/0x1d0
[<0>] do_futex+0xec/0x1a0
[<0>] __arm64_sys_futex+0x80/0x198
[<0>] invoke_syscall+0x50/0x128
[<0>] el0_svc_common.constprop.0+0xc8/0xf0
[<0>] do_el0_svc+0x48/0x78
[<0>] el0_slow_syscall+0x44/0x1b8
[<0>] el0t_64_sync_handler+0x100/0x130
[<0>] el0t_64_sync+0x188/0x190
--- tid=550744 wchan=futex_wait_queue
[<0>] futex_wait_queue+0x78/0xb0
[<0>] futex_wait+0xe8/0x1d0
[<0>] do_futex+0xec/0x1a0
[<0>] __arm64_sys_futex+0x80/0x198
[<0>] invoke_syscall+0x50/0x128
[<0>] el0_svc_common.constprop.0+0xc8/0xf0
[<0>] do_el0_svc+0x48/0x78
[<0>] el0_slow_syscall+0x44/0x1b8
[<0>] el0t_64_sync_handler+0x100/0x130
[<0>] el0t_64_sync+0x188/0x190
--- tid=550749 wchan=ep_poll
[<0>] ep_poll+0x300/0x498
[<0>] do_epoll_wait+0x100/0x128
[<0>] do_epoll_pwait.part.0+0x1c/0xb8
[<0>] __arm64_sys_epoll_pwait+0x7c/0x128
[<0>] invoke_syscall+0x50/0x128
[<0>] el0_svc_common.constprop.0+0xc8/0xf0
[<0>] do_el0_svc+0x48/0x78
[<0>] el0_slow_syscall+0x44/0x1b8
[<0>] el0t_64_sync_handler+0x100/0x130
[<0>] el0t_64_sync+0x188/0x190
--- tid=550753 wchan=futex_wait_queue
[<0>] futex_wait_queue+0x78/0xb0
[<0>] futex_wait+0xe8/0x1d0
[<0>] do_futex+0xec/0x1a0
[<0>] __arm64_sys_futex+0x80/0x198
[<0>] invoke_syscall+0x50/0x128
[<0>] el0_svc_common.constprop.0+0xc8/0xf0
[<0>] do_el0_svc+0x48/0x78
[<0>] el0_slow_syscall+0x44/0x1b8
[<0>] el0t_64_sync_handler+0x100/0x130
[<0>] el0t_64_sync+0x188/0x190
--- tid=550754 wchan=futex_wait_queue
[<0>] futex_wait_queue+0x78/0xb0
[<0>] futex_wait+0xe8/0x1d0
[<0>] do_futex+0xec/0x1a0
[<0>] __arm64_sys_futex+0x80/0x198
[<0>] invoke_syscall+0x50/0x128
[<0>] el0_svc_common.constprop.0+0xc8/0xf0
[<0>] do_el0_svc+0x48/0x78
[<0>] el0_slow_syscall+0x44/0x1b8
[<0>] el0t_64_sync_handler+0x100/0x130
[<0>] el0t_64_sync+0x188/0x190
--- tid=550774 wchan=futex_wait_queue
[<0>] futex_wait_queue+0x78/0xb0
[<0>] futex_wait+0xe8/0x1d0
[<0>] do_futex+0xec/0x1a0
[<0>] __arm64_sys_futex+0x80/0x198
[<0>] invoke_syscall+0x50/0x128
[<0>] el0_svc_common.constprop.0+0xc8/0xf0
[<0>] do_el0_svc+0x48/0x78
[<0>] el0_slow_syscall+0x44/0x1b8
[<0>] el0t_64_sync_handler+0x100/0x130
[<0>] el0t_64_sync+0x188/0x190
--- tid=550780 wchan=ep_poll
[<0>] ep_poll+0x300/0x498
[<0>] do_epoll_wait+0x100/0x128
[<0>] do_epoll_pwait.part.0+0x1c/0xb8
[<0>] __arm64_sys_epoll_pwait+0x7c/0x128
[<0>] invoke_syscall+0x50/0x128
[<0>] el0_svc_common.constprop.0+0xc8/0xf0
[<0>] do_el0_svc+0x48/0x78
[<0>] el0_slow_syscall+0x44/0x1b8
[<0>] el0t_64_sync_handler+0x100/0x130
[<0>] el0t_64_sync+0x188/0x190
--- tid=550789 wchan=futex_wait_queue
[<0>] futex_wait_queue+0x78/0xb0
[<0>] futex_wait+0xe8/0x1d0
[<0>] do_futex+0xec/0x1a0
[<0>] __arm64_sys_futex+0x80/0x198
[<0>] invoke_syscall+0x50/0x128
[<0>] el0_svc_common.constprop.0+0xc8/0xf0
[<0>] do_el0_svc+0x48/0x78
[<0>] el0_slow_syscall+0x44/0x1b8
[<0>] el0t_64_sync_handler+0x100/0x130
[<0>] el0t_64_sync+0x188/0x190
--- tid=550791 wchan=futex_wait_queue
[<0>] futex_wait_queue+0x78/0xb0
[<0>] futex_wait+0xe8/0x1d0
[<0>] do_futex+0xec/0x1a0
[<0>] __arm64_sys_futex+0x80/0x198
[<0>] invoke_syscall+0x50/0x128
[<0>] el0_svc_common.constprop.0+0xc8/0xf0
[<0>] do_el0_svc+0x48/0x78
[<0>] el0_slow_syscall+0x44/0x1b8
[<0>] el0t_64_sync_handler+0x100/0x130
[<0>] el0t_64_sync+0x188/0x190
--- tid=550804 wchan=futex_wait_queue
[<0>] futex_wait_queue+0x78/0xb0
[<0>] futex_wait+0xe8/0x1d0
[<0>] do_futex+0xec/0x1a0
[<0>] __arm64_sys_futex+0x80/0x198
[<0>] invoke_syscall+0x50/0x128
[<0>] el0_svc_common.constprop.0+0xc8/0xf0
[<0>] do_el0_svc+0x48/0x78
[<0>] el0_slow_syscall+0x44/0x1b8
[<0>] el0t_64_sync_handler+0x100/0x130
[<0>] el0t_64_sync+0x188/0x190
--- tid=550811 wchan=ep_poll
[<0>] ep_poll+0x300/0x498
[<0>] do_epoll_wait+0x100/0x128
[<0>] do_epoll_pwait.part.0+0x1c/0xb8
[<0>] __arm64_sys_epoll_pwait+0x7c/0x128
[<0>] invoke_syscall+0x50/0x128
[<0>] el0_svc_common.constprop.0+0xc8/0xf0
[<0>] do_el0_svc+0x48/0x78
[<0>] el0_slow_syscall+0x44/0x1b8
[<0>] el0t_64_sync_handler+0x100/0x130
[<0>] el0t_64_sync+0x188/0x190
--- tid=550819 wchan=futex_wait_queue
[<0>] futex_wait_queue+0x78/0xb0
[<0>] futex_wait+0xe8/0x1d0
[<0>] do_futex+0xec/0x1a0
[<0>] __arm64_sys_futex+0x80/0x198
[<0>] invoke_syscall+0x50/0x128
[<0>] el0_svc_common.constprop.0+0xc8/0xf0
[<0>] do_el0_svc+0x48/0x78
[<0>] el0_slow_syscall+0x44/0x1b8
[<0>] el0t_64_sync_handler+0x100/0x130
[<0>] el0t_64_sync+0x188/0x190
--- tid=550821 wchan=futex_wait_queue
[<0>] futex_wait_queue+0x78/0xb0
[<0>] futex_wait+0xe8/0x1d0
[<0>] do_futex+0xec/0x1a0
[<0>] __arm64_sys_futex+0x80/0x198
[<0>] invoke_syscall+0x50/0x128
[<0>] el0_svc_common.constprop.0+0xc8/0xf0
[<0>] do_el0_svc+0x48/0x78
[<0>] el0_slow_syscall+0x44/0x1b8
[<0>] el0t_64_sync_handler+0x100/0x130
[<0>] el0t_64_sync+0x188/0x190
--- tid=550838 wchan=futex_wait_queue
[<0>] futex_wait_queue+0x78/0xb0
[<0>] futex_wait+0xe8/0x1d0
[<0>] do_futex+0xec/0x1a0
[<0>] __arm64_sys_futex+0x80/0x198
[<0>] invoke_syscall+0x50/0x128
[<0>] el0_svc_common.constprop.0+0xc8/0xf0
[<0>] do_el0_svc+0x48/0x78
[<0>] el0_slow_syscall+0x44/0x1b8
[<0>] el0t_64_sync_handler+0x100/0x130
[<0>] el0t_64_sync+0x188/0x190
--- tid=550839 wchan=futex_wait_queue
[<0>] futex_wait_queue+0x78/0xb0
[<0>] futex_wait+0xe8/0x1d0
[<0>] do_futex+0xec/0x1a0
[<0>] __arm64_sys_futex+0x80/0x198
[<0>] invoke_syscall+0x50/0x128
[<0>] el0_svc_common.constprop.0+0xc8/0xf0
[<0>] do_el0_svc+0x48/0x78
[<0>] el0_slow_syscall+0x44/0x1b8
[<0>] el0t_64_sync_handler+0x100/0x130
[<0>] el0t_64_sync+0x188/0x190
--- tid=550848 wchan=futex_wait_queue
[<0>] futex_wait_queue+0x78/0xb0
[<0>] futex_wait+0xe8/0x1d0
[<0>] do_futex+0xec/0x1a0
[<0>] __arm64_sys_futex+0x80/0x198
[<0>] invoke_syscall+0x50/0x128
[<0>] el0_svc_common.constprop.0+0xc8/0xf0
[<0>] do_el0_svc+0x48/0x78
[<0>] el0_slow_syscall+0x44/0x1b8
[<0>] el0t_64_sync_handler+0x100/0x130
[<0>] el0t_64_sync+0x188/0x190
--- tid=550853 wchan=futex_wait_queue
[<0>] futex_wait_queue+0x78/0xb0
[<0>] futex_wait+0xe8/0x1d0
[<0>] do_futex+0xec/0x1a0
[<0>] __arm64_sys_futex+0x80/0x198
[<0>] invoke_syscall+0x50/0x128
[<0>] el0_svc_common.constprop.0+0xc8/0xf0
[<0>] do_el0_svc+0x48/0x78
[<0>] el0_slow_syscall+0x44/0x1b8
[<0>] el0t_64_sync_handler+0x100/0x130
[<0>] el0t_64_sync+0x188/0x190
--- tid=550858 wchan=futex_wait_queue
[<0>] futex_wait_queue+0x78/0xb0
[<0>] futex_wait+0xe8/0x1d0
[<0>] do_futex+0xec/0x1a0
[<0>] __arm64_sys_futex+0x80/0x198
[<0>] invoke_syscall+0x50/0x128
[<0>] el0_svc_common.constprop.0+0xc8/0xf0
[<0>] do_el0_svc+0x48/0x78
[<0>] el0_slow_syscall+0x44/0x1b8
[<0>] el0t_64_sync_handler+0x100/0x130
[<0>] el0t_64_sync+0x188/0x190
--- tid=550864 wchan=futex_wait_queue
[<0>] futex_wait_queue+0x78/0xb0
[<0>] futex_wait+0xe8/0x1d0
[<0>] do_futex+0xec/0x1a0
[<0>] __arm64_sys_futex+0x80/0x198
[<0>] invoke_syscall+0x50/0x128
[<0>] el0_svc_common.constprop.0+0xc8/0xf0
[<0>] do_el0_svc+0x48/0x78
[<0>] el0_slow_syscall+0x44/0x1b8
[<0>] el0t_64_sync_handler+0x100/0x130
[<0>] el0t_64_sync+0x188/0x190
--- tid=550871 wchan=futex_wait_queue
[<0>] futex_wait_queue+0x78/0xb0
[<0>] futex_wait+0xe8/0x1d0
[<0>] do_futex+0xec/0x1a0
[<0>] __arm64_sys_futex+0x80/0x198
[<0>] invoke_syscall+0x50/0x128
[<0>] el0_svc_common.constprop.0+0xc8/0xf0
[<0>] do_el0_svc+0x48/0x78
[<0>] el0_slow_syscall+0x44/0x1b8
[<0>] el0t_64_sync_handler+0x100/0x130
[<0>] el0t_64_sync+0x188/0x190
--- tid=550878 wchan=futex_wait_queue
[<0>] futex_wait_queue+0x78/0xb0
[<0>] futex_wait+0xe8/0x1d0
[<0>] do_futex+0xec/0x1a0
[<0>] __arm64_sys_futex+0x80/0x198
[<0>] invoke_syscall+0x50/0x128
[<0>] el0_svc_common.constprop.0+0xc8/0xf0
[<0>] do_el0_svc+0x48/0x78
[<0>] el0_slow_syscall+0x44/0x1b8
[<0>] el0t_64_sync_handler+0x100/0x130
[<0>] el0t_64_sync+0x188/0x190
--- tid=550886 wchan=futex_wait_queue
[<0>] futex_wait_queue+0x78/0xb0
[<0>] futex_wait+0xe8/0x1d0
[<0>] do_futex+0xec/0x1a0
[<0>] __arm64_sys_futex+0x80/0x198
[<0>] invoke_syscall+0x50/0x128
[<0>] el0_svc_common.constprop.0+0xc8/0xf0
[<0>] do_el0_svc+0x48/0x78
[<0>] el0_slow_syscall+0x44/0x1b8
[<0>] el0t_64_sync_handler+0x100/0x130
[<0>] el0t_64_sync+0x188/0x190
--- tid=550950 wchan=futex_wait_queue
[<0>] futex_wait_queue+0x78/0xb0
[<0>] futex_wait+0xe8/0x1d0
[<0>] do_futex+0xec/0x1a0
[<0>] __arm64_sys_futex+0x80/0x198
[<0>] invoke_syscall+0x50/0x128
[<0>] el0_svc_common.constprop.0+0xc8/0xf0
[<0>] do_el0_svc+0x48/0x78
[<0>] el0_slow_syscall+0x44/0x1b8
[<0>] el0t_64_sync_handler+0x100/0x130
[<0>] el0t_64_sync+0x188/0x190
--- tid=550951 wchan=futex_wait_queue
[<0>] futex_wait_queue+0x78/0xb0
[<0>] futex_wait+0xe8/0x1d0
[<0>] do_futex+0xec/0x1a0
[<0>] __arm64_sys_futex+0x80/0x198
[<0>] invoke_syscall+0x50/0x128
[<0>] el0_svc_common.constprop.0+0xc8/0xf0
[<0>] do_el0_svc+0x48/0x78
[<0>] el0_slow_syscall+0x44/0x1b8
[<0>] el0t_64_sync_handler+0x100/0x130
[<0>] el0t_64_sync+0x188/0x190
--- tid=550952 wchan=futex_wait_queue
[<0>] futex_wait_queue+0x78/0xb0
[<0>] futex_wait+0xe8/0x1d0
[<0>] do_futex+0xec/0x1a0
[<0>] __arm64_sys_futex+0x80/0x198
[<0>] invoke_syscall+0x50/0x128
[<0>] el0_svc_common.constprop.0+0xc8/0xf0
[<0>] do_el0_svc+0x48/0x78
[<0>] el0_slow_syscall+0x44/0x1b8
[<0>] el0t_64_sync_handler+0x100/0x130
[<0>] el0t_64_sync+0x188/0x190
--- tid=550953 wchan=futex_wait_queue
[<0>] futex_wait_queue+0x78/0xb0
[<0>] futex_wait+0xe8/0x1d0
[<0>] do_futex+0xec/0x1a0
[<0>] __arm64_sys_futex+0x80/0x198
[<0>] invoke_syscall+0x50/0x128
[<0>] el0_svc_common.constprop.0+0xc8/0xf0
[<0>] do_el0_svc+0x48/0x78
[<0>] el0_slow_syscall+0x44/0x1b8
[<0>] el0t_64_sync_handler+0x100/0x130
[<0>] el0t_64_sync+0x188/0x190
--- tid=550954 wchan=futex_wait_queue
[<0>] futex_wait_queue+0x78/0xb0
[<0>] futex_wait+0xe8/0x1d0
[<0>] do_futex+0xec/0x1a0
[<0>] __arm64_sys_futex+0x80/0x198
[<0>] invoke_syscall+0x50/0x128
[<0>] el0_svc_common.constprop.0+0xc8/0xf0
[<0>] do_el0_svc+0x48/0x78
[<0>] el0_slow_syscall+0x44/0x1b8
[<0>] el0t_64_sync_handler+0x100/0x130
[<0>] el0t_64_sync+0x188/0x190
--- tid=550955 wchan=futex_wait_queue
[<0>] futex_wait_queue+0x78/0xb0
[<0>] futex_wait+0xe8/0x1d0
[<0>] do_futex+0xec/0x1a0
[<0>] __arm64_sys_futex+0x80/0x198
[<0>] invoke_syscall+0x50/0x128
[<0>] el0_svc_common.constprop.0+0xc8/0xf0
[<0>] do_el0_svc+0x48/0x78
[<0>] el0_slow_syscall+0x44/0x1b8
[<0>] el0t_64_sync_handler+0x100/0x130
[<0>] el0t_64_sync+0x188/0x190
--- tid=550956 wchan=futex_wait_queue
[<0>] futex_wait_queue+0x78/0xb0
[<0>] futex_wait+0xe8/0x1d0
[<0>] do_futex+0xec/0x1a0
[<0>] __arm64_sys_futex+0x80/0x198
[<0>] invoke_syscall+0x50/0x128
[<0>] el0_svc_common.constprop.0+0xc8/0xf0
[<0>] do_el0_svc+0x48/0x78
[<0>] el0_slow_syscall+0x44/0x1b8
[<0>] el0t_64_sync_handler+0x100/0x130
[<0>] el0t_64_sync+0x188/0x190
--- tid=550957 wchan=futex_wait_queue
[<0>] futex_wait_queue+0x78/0xb0
[<0>] futex_wait+0xe8/0x1d0
[<0>] do_futex+0xec/0x1a0
[<0>] __arm64_sys_futex+0x80/0x198
[<0>] invoke_syscall+0x50/0x128
[<0>] el0_svc_common.constprop.0+0xc8/0xf0
[<0>] do_el0_svc+0x48/0x78
[<0>] el0_slow_syscall+0x44/0x1b8
[<0>] el0t_64_sync_handler+0x100/0x130
[<0>] el0t_64_sync+0x188/0x190
--- tid=550958 wchan=futex_wait_queue
[<0>] futex_wait_queue+0x78/0xb0
[<0>] futex_wait+0xe8/0x1d0
[<0>] do_futex+0xec/0x1a0
[<0>] __arm64_sys_futex+0x80/0x198
[<0>] invoke_syscall+0x50/0x128
[<0>] el0_svc_common.constprop.0+0xc8/0xf0
[<0>] do_el0_svc+0x48/0x78
[<0>] el0_slow_syscall+0x44/0x1b8
[<0>] el0t_64_sync_handler+0x100/0x130
[<0>] el0t_64_sync+0x188/0x190
--- tid=551037 wchan=hrtimer_nanosleep
[<0>] hrtimer_nanosleep+0x80/0x100
[<0>] common_nsleep+0x4c/0x80
[<0>] __arm64_sys_clock_nanosleep+0xd4/0x158
[<0>] invoke_syscall+0x50/0x128
[<0>] el0_svc_common.constprop.0+0xc8/0xf0
[<0>] do_el0_svc+0x48/0x78
[<0>] el0_slow_syscall+0x44/0x1b8
[<0>] el0t_64_sync_handler+0x100/0x130
[<0>] el0t_64_sync+0x188/0x190
--- tid=553227 wchan=futex_wait_queue
[<0>] futex_wait_queue+0x78/0xb0
[<0>] futex_wait+0xe8/0x1d0
[<0>] do_futex+0xec/0x1a0
[<0>] __arm64_sys_futex+0x80/0x198
[<0>] invoke_syscall+0x50/0x128
[<0>] el0_svc_common.constprop.0+0xc8/0xf0
[<0>] do_el0_svc+0x48/0x78
[<0>] el0_slow_syscall+0x44/0x1b8
[<0>] el0t_64_sync_handler+0x100/0x130
[<0>] el0t_64_sync+0x188/0x190
--- tid=553228 wchan=ep_poll
[<0>] ep_poll+0x300/0x498
[<0>] do_epoll_wait+0x100/0x128
[<0>] do_epoll_pwait.part.0+0x1c/0xb8
[<0>] __arm64_sys_epoll_pwait+0x7c/0x128
[<0>] invoke_syscall+0x50/0x128
[<0>] el0_svc_common.constprop.0+0xc8/0xf0
[<0>] do_el0_svc+0x48/0x78
[<0>] el0_slow_syscall+0x44/0x1b8
[<0>] el0t_64_sync_handler+0x100/0x130
[<0>] el0t_64_sync+0x188/0x190
--- tid=553229 wchan=ep_poll
[<0>] ep_poll+0x300/0x498
[<0>] do_epoll_wait+0x100/0x128
[<0>] do_epoll_pwait.part.0+0x1c/0xb8
[<0>] __arm64_sys_epoll_pwait+0x7c/0x128
[<0>] invoke_syscall+0x50/0x128
[<0>] el0_svc_common.constprop.0+0xc8/0xf0
[<0>] do_el0_svc+0x48/0x78
[<0>] el0_slow_syscall+0x44/0x1b8
[<0>] el0t_64_sync_handler+0x100/0x130
[<0>] el0t_64_sync+0x188/0x190
--- tid=553230 wchan=ep_poll
[<0>] ep_poll+0x300/0x498
[<0>] do_epoll_wait+0x100/0x128
[<0>] do_epoll_pwait.part.0+0x1c/0xb8
[<0>] __arm64_sys_epoll_pwait+0x7c/0x128
[<0>] invoke_syscall+0x50/0x128
[<0>] el0_svc_common.constprop.0+0xc8/0xf0
[<0>] do_el0_svc+0x48/0x78
[<0>] el0_slow_syscall+0x44/0x1b8
[<0>] el0t_64_sync_handler+0x100/0x130
[<0>] el0t_64_sync+0x188/0x190
--- tid=553231 wchan=ep_poll
[<0>] ep_poll+0x300/0x498
[<0>] do_epoll_wait+0x100/0x128
[<0>] do_epoll_pwait.part.0+0x1c/0xb8
[<0>] __arm64_sys_epoll_pwait+0x7c/0x128
[<0>] invoke_syscall+0x50/0x128
[<0>] el0_svc_common.constprop.0+0xc8/0xf0
[<0>] do_el0_svc+0x48/0x78
[<0>] el0_slow_syscall+0x44/0x1b8
[<0>] el0t_64_sync_handler+0x100/0x130
[<0>] el0t_64_sync+0x188/0x190
--- tid=553232 wchan=pipe_read
[<0>] pipe_read+0x360/0x400
[<0>] new_sync_read+0x130/0x148
[<0>] vfs_read+0x194/0x1e8
[<0>] ksys_read+0xf4/0x118
[<0>] __arm64_sys_read+0x24/0x38
[<0>] invoke_syscall+0x50/0x128
[<0>] el0_svc_common.constprop.0+0xc8/0xf0
[<0>] do_el0_svc+0x48/0x78
[<0>] el0_slow_syscall+0x44/0x1b8
[<0>] el0t_64_sync_handler+0x100/0x130
[<0>] el0t_64_sync+0x188/0x190
--- tid=553300 wchan=futex_wait_queue
[<0>] futex_wait_queue+0x78/0xb0
[<0>] futex_wait+0xe8/0x1d0
[<0>] do_futex+0xec/0x1a0
[<0>] __arm64_sys_futex+0x80/0x198
[<0>] invoke_syscall+0x50/0x128
[<0>] el0_svc_common.constprop.0+0xc8/0xf0
[<0>] do_el0_svc+0x48/0x78
[<0>] el0_slow_syscall+0x44/0x1b8
[<0>] el0t_64_sync_handler+0x100/0x130
[<0>] el0t_64_sync+0x188/0x190
--- tid=553301 wchan=futex_wait_queue
[<0>] futex_wait_queue+0x78/0xb0
[<0>] futex_wait+0xe8/0x1d0
[<0>] do_futex+0xec/0x1a0
[<0>] __arm64_sys_futex+0x80/0x198
[<0>] invoke_syscall+0x50/0x128
[<0>] el0_svc_common.constprop.0+0xc8/0xf0
[<0>] do_el0_svc+0x48/0x78
[<0>] el0_slow_syscall+0x44/0x1b8
[<0>] el0t_64_sync_handler+0x100/0x130
[<0>] el0t_64_sync+0x188/0x190
--- tid=553302 wchan=futex_wait_queue
[<0>] futex_wait_queue+0x78/0xb0
[<0>] futex_wait+0xe8/0x1d0
[<0>] do_futex+0xec/0x1a0
[<0>] __arm64_sys_futex+0x80/0x198
[<0>] invoke_syscall+0x50/0x128
[<0>] el0_svc_common.constprop.0+0xc8/0xf0
[<0>] do_el0_svc+0x48/0x78
[<0>] el0_slow_syscall+0x44/0x1b8
[<0>] el0t_64_sync_handler+0x100/0x130
[<0>] el0t_64_sync+0x188/0x190
--- tid=553303 wchan=futex_wait_queue
[<0>] futex_wait_queue+0x78/0xb0
[<0>] futex_wait+0xe8/0x1d0
[<0>] do_futex+0xec/0x1a0
[<0>] __arm64_sys_futex+0x80/0x198
[<0>] invoke_syscall+0x50/0x128
[<0>] el0_svc_common.constprop.0+0xc8/0xf0
[<0>] do_el0_svc+0x48/0x78
[<0>] el0_slow_syscall+0x44/0x1b8
[<0>] el0t_64_sync_handler+0x100/0x130
[<0>] el0t_64_sync+0x188/0x190
--- tid=553304 wchan=futex_wait_queue
[<0>] futex_wait_queue+0x78/0xb0
[<0>] futex_wait+0xe8/0x1d0
[<0>] do_futex+0xec/0x1a0
[<0>] __arm64_sys_futex+0x80/0x198
[<0>] invoke_syscall+0x50/0x128
[<0>] el0_svc_common.constprop.0+0xc8/0xf0
[<0>] do_el0_svc+0x48/0x78
[<0>] el0_slow_syscall+0x44/0x1b8
[<0>] el0t_64_sync_handler+0x100/0x130
[<0>] el0t_64_sync+0x188/0x190
--- tid=553386 wchan=hrtimer_nanosleep
[<0>] hrtimer_nanosleep+0x80/0x100
[<0>] common_nsleep+0x4c/0x80
[<0>] __arm64_sys_clock_nanosleep+0xd4/0x158
[<0>] invoke_syscall+0x50/0x128
[<0>] el0_svc_common.constprop.0+0xc8/0xf0
[<0>] do_el0_svc+0x48/0x78
[<0>] el0_slow_syscall+0x44/0x1b8
[<0>] el0t_64_sync_handler+0x100/0x130
[<0>] el0t_64_sync+0x188/0x190
--- tid=553390 wchan=hrtimer_nanosleep
[<0>] hrtimer_nanosleep+0x80/0x100
[<0>] common_nsleep+0x4c/0x80
[<0>] __arm64_sys_clock_nanosleep+0xd4/0x158
[<0>] invoke_syscall+0x50/0x128
[<0>] el0_svc_common.constprop.0+0xc8/0xf0
[<0>] do_el0_svc+0x48/0x78
[<0>] el0_slow_syscall+0x44/0x1b8
[<0>] el0t_64_sync_handler+0x100/0x130
[<0>] el0t_64_sync+0x188/0x190
--- tid=565766 wchan=futex_wait_queue
[<0>] futex_wait_queue+0x78/0xb0
[<0>] futex_wait+0xe8/0x1d0
[<0>] do_futex+0xec/0x1a0
[<0>] __arm64_sys_futex+0x80/0x198
[<0>] invoke_syscall+0x50/0x128
[<0>] el0_svc_common.constprop.0+0xc8/0xf0
[<0>] do_el0_svc+0x48/0x78
[<0>] el0_slow_syscall+0x44/0x1b8
[<0>] el0t_64_sync_handler+0x100/0x130
[<0>] el0t_64_sync+0x188/0x190
  >>> sent SIGUSR1 to 549791 (Python stacks -> /home/g00619970/moeoffload_multi/log/model_2026_0814_0558_multimech.log)

================ pid=549792  comm=VLLM::Worker_DP ================
cmdline: VLLM::Worker_DP0_TP3_EP3                                                                                                                                  

State:	S (sleeping)
Threads:	122
--- tid=549792 wchan=hrtimer_nanosleep
[<0>] hrtimer_nanosleep+0x80/0x100
[<0>] common_nsleep+0x4c/0x80
[<0>] __arm64_sys_clock_nanosleep+0xd4/0x158
[<0>] invoke_syscall+0x50/0x128
[<0>] el0_svc_common.constprop.0+0xc8/0xf0
[<0>] do_el0_svc+0x48/0x78
[<0>] el0_slow_syscall+0x44/0x1b8
[<0>] el0t_64_sync_handler+0x100/0x130
[<0>] el0t_64_sync+0x188/0x190
--- tid=549824 wchan=futex_wait_queue
[<0>] futex_wait_queue+0x78/0xb0
[<0>] futex_wait+0xe8/0x1d0
[<0>] do_futex+0xec/0x1a0
[<0>] __arm64_sys_futex+0x80/0x198
[<0>] invoke_syscall+0x50/0x128
[<0>] el0_svc_common.constprop.0+0xc8/0xf0
[<0>] do_el0_svc+0x48/0x78
[<0>] el0_slow_syscall+0x44/0x1b8
[<0>] el0t_64_sync_handler+0x100/0x130
[<0>] el0t_64_sync+0x188/0x190
--- tid=549825 wchan=futex_wait_queue
[<0>] futex_wait_queue+0x78/0xb0
[<0>] futex_wait+0xe8/0x1d0
[<0>] do_futex+0xec/0x1a0
[<0>] __arm64_sys_futex+0x80/0x198
[<0>] invoke_syscall+0x50/0x128
[<0>] el0_svc_common.constprop.0+0xc8/0xf0
[<0>] do_el0_svc+0x48/0x78
[<0>] el0_slow_syscall+0x44/0x1b8
[<0>] el0t_64_sync_handler+0x100/0x130
[<0>] el0t_64_sync+0x188/0x190
--- tid=549826 wchan=futex_wait_queue
[<0>] futex_wait_queue+0x78/0xb0
[<0>] futex_wait+0xe8/0x1d0
[<0>] do_futex+0xec/0x1a0
[<0>] __arm64_sys_futex+0x80/0x198
[<0>] invoke_syscall+0x50/0x128
[<0>] el0_svc_common.constprop.0+0xc8/0xf0
[<0>] do_el0_svc+0x48/0x78
[<0>] el0_slow_syscall+0x44/0x1b8
[<0>] el0t_64_sync_handler+0x100/0x130
[<0>] el0t_64_sync+0x188/0x190
--- tid=549827 wchan=futex_wait_queue
[<0>] futex_wait_queue+0x78/0xb0
[<0>] futex_wait+0xe8/0x1d0
[<0>] do_futex+0xec/0x1a0
[<0>] __arm64_sys_futex+0x80/0x198
[<0>] invoke_syscall+0x50/0x128
[<0>] el0_svc_common.constprop.0+0xc8/0xf0
[<0>] do_el0_svc+0x48/0x78
[<0>] el0_slow_syscall+0x44/0x1b8
[<0>] el0t_64_sync_handler+0x100/0x130
[<0>] el0t_64_sync+0x188/0x190
--- tid=549828 wchan=futex_wait_queue
[<0>] futex_wait_queue+0x78/0xb0
[<0>] futex_wait+0xe8/0x1d0
[<0>] do_futex+0xec/0x1a0
[<0>] __arm64_sys_futex+0x80/0x198
[<0>] invoke_syscall+0x50/0x128
[<0>] el0_svc_common.constprop.0+0xc8/0xf0
[<0>] do_el0_svc+0x48/0x78
[<0>] el0_slow_syscall+0x44/0x1b8
[<0>] el0t_64_sync_handler+0x100/0x130
[<0>] el0t_64_sync+0x188/0x190
--- tid=549829 wchan=futex_wait_queue
[<0>] futex_wait_queue+0x78/0xb0
[<0>] futex_wait+0xe8/0x1d0
[<0>] do_futex+0xec/0x1a0
[<0>] __arm64_sys_futex+0x80/0x198
[<0>] invoke_syscall+0x50/0x128
[<0>] el0_svc_common.constprop.0+0xc8/0xf0
[<0>] do_el0_svc+0x48/0x78
[<0>] el0_slow_syscall+0x44/0x1b8
[<0>] el0t_64_sync_handler+0x100/0x130
[<0>] el0t_64_sync+0x188/0x190
--- tid=549830 wchan=futex_wait_queue
[<0>] futex_wait_queue+0x78/0xb0
[<0>] futex_wait+0xe8/0x1d0
[<0>] do_futex+0xec/0x1a0
[<0>] __arm64_sys_futex+0x80/0x198
[<0>] invoke_syscall+0x50/0x128
[<0>] el0_svc_common.constprop.0+0xc8/0xf0
[<0>] do_el0_svc+0x48/0x78
[<0>] el0_slow_syscall+0x44/0x1b8
[<0>] el0t_64_sync_handler+0x100/0x130
[<0>] el0t_64_sync+0x188/0x190
--- tid=549831 wchan=futex_wait_queue
[<0>] futex_wait_queue+0x78/0xb0
[<0>] futex_wait+0xe8/0x1d0
[<0>] do_futex+0xec/0x1a0
[<0>] __arm64_sys_futex+0x80/0x198
[<0>] invoke_syscall+0x50/0x128
[<0>] el0_svc_common.constprop.0+0xc8/0xf0
[<0>] do_el0_svc+0x48/0x78
[<0>] el0_slow_syscall+0x44/0x1b8
[<0>] el0t_64_sync_handler+0x100/0x130
[<0>] el0t_64_sync+0x188/0x190
--- tid=549832 wchan=futex_wait_queue
[<0>] futex_wait_queue+0x78/0xb0
[<0>] futex_wait+0xe8/0x1d0
[<0>] do_futex+0xec/0x1a0
[<0>] __arm64_sys_futex+0x80/0x198
[<0>] invoke_syscall+0x50/0x128
[<0>] el0_svc_common.constprop.0+0xc8/0xf0
[<0>] do_el0_svc+0x48/0x78
[<0>] el0_slow_syscall+0x44/0x1b8
[<0>] el0t_64_sync_handler+0x100/0x130
[<0>] el0t_64_sync+0x188/0x190
--- tid=549883 wchan=ep_poll
[<0>] ep_poll+0x300/0x498
[<0>] do_epoll_wait+0x100/0x128
[<0>] do_epoll_pwait.part.0+0x1c/0xb8
[<0>] __arm64_sys_epoll_pwait+0x7c/0x128
[<0>] invoke_syscall+0x50/0x128
[<0>] el0_svc_common.constprop.0+0xc8/0xf0
[<0>] do_el0_svc+0x48/0x78
[<0>] el0_slow_syscall+0x44/0x1b8
[<0>] el0t_64_sync_handler+0x100/0x130
[<0>] el0t_64_sync+0x188/0x190
--- tid=549890 wchan=hrtimer_nanosleep
[<0>] hrtimer_nanosleep+0x80/0x100
[<0>] common_nsleep+0x4c/0x80
[<0>] __arm64_sys_clock_nanosleep+0xd4/0x158
[<0>] invoke_syscall+0x50/0x128
[<0>] el0_svc_common.constprop.0+0xc8/0xf0
[<0>] do_el0_svc+0x48/0x78
[<0>] el0_slow_syscall+0x44/0x1b8
[<0>] el0t_64_sync_handler+0x100/0x130
[<0>] el0t_64_sync+0x188/0x190
--- tid=549896 wchan=hrtimer_nanosleep
[<0>] hrtimer_nanosleep+0x80/0x100
[<0>] common_nsleep+0x4c/0x80
[<0>] __arm64_sys_clock_nanosleep+0xd4/0x158
[<0>] invoke_syscall+0x50/0x128
[<0>] el0_svc_common.constprop.0+0xc8/0xf0
[<0>] do_el0_svc+0x48/0x78
[<0>] el0_slow_syscall+0x44/0x1b8
[<0>] el0t_64_sync_handler+0x100/0x130
[<0>] el0t_64_sync+0x188/0x190
--- tid=549900 wchan=hrtimer_nanosleep
[<0>] hrtimer_nanosleep+0x80/0x100
[<0>] common_nsleep+0x4c/0x80
[<0>] __arm64_sys_clock_nanosleep+0xd4/0x158
[<0>] invoke_syscall+0x50/0x128
[<0>] el0_svc_common.constprop.0+0xc8/0xf0
[<0>] do_el0_svc+0x48/0x78
[<0>] el0_slow_syscall+0x44/0x1b8
[<0>] el0t_64_sync_handler+0x100/0x130
[<0>] el0t_64_sync+0x188/0x190
--- tid=550109 wchan=futex_wait_queue
[<0>] futex_wait_queue+0x78/0xb0
[<0>] futex_wait+0xe8/0x1d0
[<0>] do_futex+0xec/0x1a0
[<0>] __arm64_sys_futex+0x80/0x198
[<0>] invoke_syscall+0x50/0x128
[<0>] el0_svc_common.constprop.0+0xc8/0xf0
[<0>] do_el0_svc+0x48/0x78
[<0>] el0_slow_syscall+0x44/0x1b8
[<0>] el0t_64_sync_handler+0x100/0x130
[<0>] el0t_64_sync+0x188/0x190
--- tid=550110 wchan=futex_wait_queue
[<0>] futex_wait_queue+0x78/0xb0
[<0>] futex_wait+0xe8/0x1d0
[<0>] do_futex+0xec/0x1a0
[<0>] __arm64_sys_futex+0x80/0x198
[<0>] invoke_syscall+0x50/0x128
[<0>] el0_svc_common.constprop.0+0xc8/0xf0
[<0>] do_el0_svc+0x48/0x78
[<0>] el0_slow_syscall+0x44/0x1b8
[<0>] el0t_64_sync_handler+0x100/0x130
[<0>] el0t_64_sync+0x188/0x190
--- tid=550111 wchan=futex_wait_queue
[<0>] futex_wait_queue+0x78/0xb0
[<0>] futex_wait+0xe8/0x1d0
[<0>] do_futex+0xec/0x1a0
[<0>] __arm64_sys_futex+0x80/0x198
[<0>] invoke_syscall+0x50/0x128
[<0>] el0_svc_common.constprop.0+0xc8/0xf0
[<0>] do_el0_svc+0x48/0x78
[<0>] el0_slow_syscall+0x44/0x1b8
[<0>] el0t_64_sync_handler+0x100/0x130
[<0>] el0t_64_sync+0x188/0x190
--- tid=550112 wchan=futex_wait_queue
[<0>] futex_wait_queue+0x78/0xb0
[<0>] futex_wait+0xe8/0x1d0
[<0>] do_futex+0xec/0x1a0
[<0>] __arm64_sys_futex+0x80/0x198
[<0>] invoke_syscall+0x50/0x128
[<0>] el0_svc_common.constprop.0+0xc8/0xf0
[<0>] do_el0_svc+0x48/0x78
[<0>] el0_slow_syscall+0x44/0x1b8
[<0>] el0t_64_sync_handler+0x100/0x130
[<0>] el0t_64_sync+0x188/0x190
--- tid=550113 wchan=futex_wait_queue
[<0>] futex_wait_queue+0x78/0xb0
[<0>] futex_wait+0xe8/0x1d0
[<0>] do_futex+0xec/0x1a0
[<0>] __arm64_sys_futex+0x80/0x198
[<0>] invoke_syscall+0x50/0x128
[<0>] el0_svc_common.constprop.0+0xc8/0xf0
[<0>] do_el0_svc+0x48/0x78
[<0>] el0_slow_syscall+0x44/0x1b8
[<0>] el0t_64_sync_handler+0x100/0x130
[<0>] el0t_64_sync+0x188/0x190
--- tid=550114 wchan=futex_wait_queue
[<0>] futex_wait_queue+0x78/0xb0
[<0>] futex_wait+0xe8/0x1d0
[<0>] do_futex+0xec/0x1a0
[<0>] __arm64_sys_futex+0x80/0x198
[<0>] invoke_syscall+0x50/0x128
[<0>] el0_svc_common.constprop.0+0xc8/0xf0
[<0>] do_el0_svc+0x48/0x78
[<0>] el0_slow_syscall+0x44/0x1b8
[<0>] el0t_64_sync_handler+0x100/0x130
[<0>] el0t_64_sync+0x188/0x190
--- tid=550115 wchan=futex_wait_queue
[<0>] futex_wait_queue+0x78/0xb0
[<0>] futex_wait+0xe8/0x1d0
[<0>] do_futex+0xec/0x1a0
[<0>] __arm64_sys_futex+0x80/0x198
[<0>] invoke_syscall+0x50/0x128
[<0>] el0_svc_common.constprop.0+0xc8/0xf0
[<0>] do_el0_svc+0x48/0x78
[<0>] el0_slow_syscall+0x44/0x1b8
[<0>] el0t_64_sync_handler+0x100/0x130
[<0>] el0t_64_sync+0x188/0x190
--- tid=550116 wchan=futex_wait_queue
[<0>] futex_wait_queue+0x78/0xb0
[<0>] futex_wait+0xe8/0x1d0
[<0>] do_futex+0xec/0x1a0
[<0>] __arm64_sys_futex+0x80/0x198
[<0>] invoke_syscall+0x50/0x128
[<0>] el0_svc_common.constprop.0+0xc8/0xf0
[<0>] do_el0_svc+0x48/0x78
[<0>] el0_slow_syscall+0x44/0x1b8
[<0>] el0t_64_sync_handler+0x100/0x130
[<0>] el0t_64_sync+0x188/0x190
--- tid=550117 wchan=futex_wait_queue
[<0>] futex_wait_queue+0x78/0xb0
[<0>] futex_wait+0xe8/0x1d0
[<0>] do_futex+0xec/0x1a0
[<0>] __arm64_sys_futex+0x80/0x198
[<0>] invoke_syscall+0x50/0x128
[<0>] el0_svc_common.constprop.0+0xc8/0xf0
[<0>] do_el0_svc+0x48/0x78
[<0>] el0_slow_syscall+0x44/0x1b8
[<0>] el0t_64_sync_handler+0x100/0x130
[<0>] el0t_64_sync+0x188/0x190
--- tid=550234 wchan=do_sigtimedwait
[<0>] do_sigtimedwait+0x1d4/0x2a8
[<0>] __se_sys_rt_sigtimedwait+0x94/0x160
[<0>] __arm64_sys_rt_sigtimedwait+0x24/0x38
[<0>] invoke_syscall+0x50/0x128
[<0>] el0_svc_common.constprop.0+0xc8/0xf0
[<0>] do_el0_svc+0x48/0x78
[<0>] el0_slow_syscall+0x44/0x1b8
[<0>] el0t_64_sync_handler+0x100/0x130
[<0>] el0t_64_sync+0x188/0x190
--- tid=550289 wchan=futex_wait_queue
[<0>] futex_wait_queue+0x78/0xb0
[<0>] futex_wait+0xe8/0x1d0
[<0>] do_futex+0xec/0x1a0
[<0>] __arm64_sys_futex+0x80/0x198
[<0>] invoke_syscall+0x50/0x128
[<0>] el0_svc_common.constprop.0+0xc8/0xf0
[<0>] do_el0_svc+0x48/0x78
[<0>] el0_slow_syscall+0x44/0x1b8
[<0>] el0t_64_sync_handler+0x100/0x130
[<0>] el0t_64_sync+0x188/0x190
--- tid=550290 wchan=futex_wait_queue
[<0>] futex_wait_queue+0x78/0xb0
[<0>] futex_wait+0xe8/0x1d0
[<0>] do_futex+0xec/0x1a0
[<0>] __arm64_sys_futex+0x80/0x198
[<0>] invoke_syscall+0x50/0x128
[<0>] el0_svc_common.constprop.0+0xc8/0xf0
[<0>] do_el0_svc+0x48/0x78
[<0>] el0_slow_syscall+0x44/0x1b8
[<0>] el0t_64_sync_handler+0x100/0x130
[<0>] el0t_64_sync+0x188/0x190
--- tid=550291 wchan=ep_poll
[<0>] ep_poll+0x300/0x498
[<0>] do_epoll_wait+0x100/0x128
[<0>] do_epoll_pwait.part.0+0x1c/0xb8
[<0>] __arm64_sys_epoll_pwait+0x7c/0x128
[<0>] invoke_syscall+0x50/0x128
[<0>] el0_svc_common.constprop.0+0xc8/0xf0
[<0>] do_el0_svc+0x48/0x78
[<0>] el0_slow_syscall+0x44/0x1b8
[<0>] el0t_64_sync_handler+0x100/0x130
[<0>] el0t_64_sync+0x188/0x190
--- tid=550292 wchan=hdcdrv_ub_cmd_wait_ctrl_msg
[<0>] hdcdrv_ub_cmd_wait_ctrl_msg+0x378/0x440 [drv_pcie_hdc_host]
[<0>] hdcdrv_ioctl+0x108/0x510 [drv_pcie_hdc_host]
[<0>] drv_ascend_intf_ioctl+0x7c/0x2b8 [asdrv_pbl]
[<0>] __arm64_sys_ioctl+0xb4/0x100
[<0>] invoke_syscall+0x50/0x128
[<0>] el0_svc_common.constprop.0+0xc8/0xf0
[<0>] do_el0_svc+0x48/0x78
[<0>] el0_slow_syscall+0x44/0x1b8
[<0>] el0t_64_sync_handler+0x100/0x130
[<0>] el0t_64_sync+0x188/0x190
--- tid=550293 wchan=ep_poll
[<0>] ep_poll+0x300/0x498
[<0>] do_epoll_wait+0x100/0x128
[<0>] do_epoll_pwait.part.0+0x1c/0xb8
[<0>] __arm64_sys_epoll_pwait+0x7c/0x128
[<0>] invoke_syscall+0x50/0x128
[<0>] el0_svc_common.constprop.0+0xc8/0xf0
[<0>] do_el0_svc+0x48/0x78
[<0>] el0_slow_syscall+0x44/0x1b8
[<0>] el0t_64_sync_handler+0x100/0x130
[<0>] el0t_64_sync+0x188/0x190
--- tid=550294 wchan=hdcdrv_ub_cmd_wait_ctrl_msg
[<0>] hdcdrv_ub_cmd_wait_ctrl_msg+0x378/0x440 [drv_pcie_hdc_host]
[<0>] hdcdrv_ioctl+0x108/0x510 [drv_pcie_hdc_host]
[<0>] drv_ascend_intf_ioctl+0x7c/0x2b8 [asdrv_pbl]
[<0>] __arm64_sys_ioctl+0xb4/0x100
[<0>] invoke_syscall+0x50/0x128
[<0>] el0_svc_common.constprop.0+0xc8/0xf0
[<0>] do_el0_svc+0x48/0x78
[<0>] el0_slow_syscall+0x44/0x1b8
[<0>] el0t_64_sync_handler+0x100/0x130
[<0>] el0t_64_sync+0x188/0x190
--- tid=550295 wchan=hdcdrv_ub_cmd_wait_ctrl_msg
[<0>] hdcdrv_ub_cmd_wait_ctrl_msg+0x378/0x440 [drv_pcie_hdc_host]
[<0>] hdcdrv_ioctl+0x108/0x510 [drv_pcie_hdc_host]
[<0>] drv_ascend_intf_ioctl+0x7c/0x2b8 [asdrv_pbl]
[<0>] __arm64_sys_ioctl+0xb4/0x100
[<0>] invoke_syscall+0x50/0x128
[<0>] el0_svc_common.constprop.0+0xc8/0xf0
[<0>] do_el0_svc+0x48/0x78
[<0>] el0_slow_syscall+0x44/0x1b8
[<0>] el0t_64_sync_handler+0x100/0x130
[<0>] el0t_64_sync+0x188/0x190
--- tid=550296 wchan=hdcdrv_ub_cmd_wait_ctrl_msg
[<0>] hdcdrv_ub_cmd_wait_ctrl_msg+0x378/0x440 [drv_pcie_hdc_host]
[<0>] hdcdrv_ioctl+0x108/0x510 [drv_pcie_hdc_host]
[<0>] drv_ascend_intf_ioctl+0x7c/0x2b8 [asdrv_pbl]
[<0>] __arm64_sys_ioctl+0xb4/0x100
[<0>] invoke_syscall+0x50/0x128
[<0>] el0_svc_common.constprop.0+0xc8/0xf0
[<0>] do_el0_svc+0x48/0x78
[<0>] el0_slow_syscall+0x44/0x1b8
[<0>] el0t_64_sync_handler+0x100/0x130
[<0>] el0t_64_sync+0x188/0x190
--- tid=550297 wchan=hdcdrv_ub_cmd_wait_ctrl_msg
[<0>] hdcdrv_ub_cmd_wait_ctrl_msg+0x378/0x440 [drv_pcie_hdc_host]
[<0>] hdcdrv_ioctl+0x108/0x510 [drv_pcie_hdc_host]
[<0>] drv_ascend_intf_ioctl+0x7c/0x2b8 [asdrv_pbl]
[<0>] __arm64_sys_ioctl+0xb4/0x100
[<0>] invoke_syscall+0x50/0x128
[<0>] el0_svc_common.constprop.0+0xc8/0xf0
[<0>] do_el0_svc+0x48/0x78
[<0>] el0_slow_syscall+0x44/0x1b8
[<0>] el0t_64_sync_handler+0x100/0x130
[<0>] el0t_64_sync+0x188/0x190
--- tid=550298 wchan=hdcdrv_ub_cmd_wait_ctrl_msg
[<0>] hdcdrv_ub_cmd_wait_ctrl_msg+0x378/0x440 [drv_pcie_hdc_host]
[<0>] hdcdrv_ioctl+0x108/0x510 [drv_pcie_hdc_host]
[<0>] drv_ascend_intf_ioctl+0x7c/0x2b8 [asdrv_pbl]
[<0>] __arm64_sys_ioctl+0xb4/0x100
[<0>] invoke_syscall+0x50/0x128
[<0>] el0_svc_common.constprop.0+0xc8/0xf0
[<0>] do_el0_svc+0x48/0x78
[<0>] el0_slow_syscall+0x44/0x1b8
[<0>] el0t_64_sync_handler+0x100/0x130
[<0>] el0t_64_sync+0x188/0x190
--- tid=550299 wchan=hdcdrv_ub_cmd_wait_ctrl_msg
[<0>] hdcdrv_ub_cmd_wait_ctrl_msg+0x378/0x440 [drv_pcie_hdc_host]
[<0>] hdcdrv_ioctl+0x108/0x510 [drv_pcie_hdc_host]
[<0>] drv_ascend_intf_ioctl+0x7c/0x2b8 [asdrv_pbl]
[<0>] __arm64_sys_ioctl+0xb4/0x100
[<0>] invoke_syscall+0x50/0x128
[<0>] el0_svc_common.constprop.0+0xc8/0xf0
[<0>] do_el0_svc+0x48/0x78
[<0>] el0_slow_syscall+0x44/0x1b8
[<0>] el0t_64_sync_handler+0x100/0x130
[<0>] el0t_64_sync+0x188/0x190
--- tid=550300 wchan=hdcdrv_ub_cmd_wait_ctrl_msg
[<0>] hdcdrv_ub_cmd_wait_ctrl_msg+0x378/0x440 [drv_pcie_hdc_host]
[<0>] hdcdrv_ioctl+0x108/0x510 [drv_pcie_hdc_host]
[<0>] drv_ascend_intf_ioctl+0x7c/0x2b8 [asdrv_pbl]
[<0>] __arm64_sys_ioctl+0xb4/0x100
[<0>] invoke_syscall+0x50/0x128
[<0>] el0_svc_common.constprop.0+0xc8/0xf0
[<0>] do_el0_svc+0x48/0x78
[<0>] el0_slow_syscall+0x44/0x1b8
[<0>] el0t_64_sync_handler+0x100/0x130
[<0>] el0t_64_sync+0x188/0x190
--- tid=550301 wchan=futex_wait_queue
[<0>] futex_wait_queue+0x78/0xb0
[<0>] futex_wait+0xe8/0x1d0
[<0>] do_futex+0xec/0x1a0
[<0>] __arm64_sys_futex+0x80/0x198
[<0>] invoke_syscall+0x50/0x128
[<0>] el0_svc_common.constprop.0+0xc8/0xf0
[<0>] do_el0_svc+0x48/0x78
[<0>] el0_slow_syscall+0x44/0x1b8
[<0>] el0t_64_sync_handler+0x100/0x130
[<0>] el0t_64_sync+0x188/0x190
--- tid=550314 wchan=futex_wait_queue
[<0>] futex_wait_queue+0x78/0xb0
[<0>] futex_wait+0xe8/0x1d0
[<0>] do_futex+0xec/0x1a0
[<0>] __arm64_sys_futex+0x80/0x198
[<0>] invoke_syscall+0x50/0x128
[<0>] el0_svc_common.constprop.0+0xc8/0xf0
[<0>] do_el0_svc+0x48/0x78
[<0>] el0_slow_syscall+0x44/0x1b8
[<0>] el0t_64_sync_handler+0x100/0x130
[<0>] el0t_64_sync+0x188/0x190
--- tid=550395 wchan=sched_wait_event
[<0>] sched_wait_event+0x6e0/0x2220 [asdrv_esched]
[<0>] sched_fop_wait_event+0x90/0x190 [asdrv_esched]
[<0>] _sched_fop_ioctl+0x58/0x198 [asdrv_esched]
[<0>] sched_fop_ioctl+0xc0/0x168 [asdrv_esched]
[<0>] drv_ascend_intf_ioctl+0x7c/0x2b8 [asdrv_pbl]
[<0>] __arm64_sys_ioctl+0xb4/0x100
[<0>] invoke_syscall+0x50/0x128
[<0>] el0_svc_common.constprop.0+0xc8/0xf0
[<0>] do_el0_svc+0x48/0x78
[<0>] el0_slow_syscall+0x44/0x1b8
[<0>] el0t_64_sync_handler+0x100/0x130
[<0>] el0t_64_sync+0x188/0x190
--- tid=550414 wchan=ep_poll
[<0>] ep_poll+0x300/0x498
[<0>] do_epoll_wait+0x100/0x128
[<0>] do_epoll_pwait.part.0+0x1c/0xb8
[<0>] __arm64_sys_epoll_pwait+0x7c/0x128
[<0>] invoke_syscall+0x50/0x128
[<0>] el0_svc_common.constprop.0+0xc8/0xf0
[<0>] do_el0_svc+0x48/0x78
[<0>] el0_slow_syscall+0x44/0x1b8
[<0>] el0t_64_sync_handler+0x100/0x130
[<0>] el0t_64_sync+0x188/0x190
--- tid=550419 wchan=hrtimer_nanosleep
[<0>] hrtimer_nanosleep+0x80/0x100
[<0>] common_nsleep+0x4c/0x80
[<0>] __arm64_sys_clock_nanosleep+0xd4/0x158
[<0>] invoke_syscall+0x50/0x128
[<0>] el0_svc_common.constprop.0+0xc8/0xf0
[<0>] do_el0_svc+0x48/0x78
[<0>] el0_slow_syscall+0x44/0x1b8
[<0>] el0t_64_sync_handler+0x100/0x130
[<0>] el0t_64_sync+0x188/0x190
--- tid=550420 wchan=dms_event_wait_interrupt
[<0>] dms_event_wait_interrupt+0xb8/0x230 [asdrv_fms]
[<0>] dms_event_get_exception+0x88/0x238 [asdrv_fms]
[<0>] dms_event_get_fault_event+0xd8/0x448 [asdrv_fms]
[<0>] urd_feature_handle+0x74/0x220 [asdrv_pbl]
[<0>] dms_feature_process+0xc0/0x390 [asdrv_pbl]
[<0>] dms_cmd_process+0x110/0x260 [asdrv_pbl]
[<0>] dms_ioctl+0x1b4/0x260 [asdrv_pbl]
[<0>] drv_ascend_intf_ioctl+0x7c/0x2b8 [asdrv_pbl]
[<0>] __arm64_sys_ioctl+0xb4/0x100
[<0>] invoke_syscall+0x50/0x128
[<0>] el0_svc_common.constprop.0+0xc8/0xf0
[<0>] do_el0_svc+0x48/0x78
--- tid=550421 wchan=futex_wait_queue
[<0>] futex_wait_queue+0x78/0xb0
[<0>] futex_wait+0xe8/0x1d0
[<0>] do_futex+0xec/0x1a0
[<0>] __arm64_sys_futex+0x80/0x198
[<0>] invoke_syscall+0x50/0x128
[<0>] el0_svc_common.constprop.0+0xc8/0xf0
[<0>] do_el0_svc+0x48/0x78
[<0>] el0_slow_syscall+0x44/0x1b8
[<0>] el0t_64_sync_handler+0x100/0x130
[<0>] el0t_64_sync+0x188/0x190
--- tid=550423 wchan=do_wait_intr_irq
[<0>] do_wait_intr_irq+0x94/0x168
[<0>] eventfd_read+0xc0/0x2c8
[<0>] new_sync_read+0xac/0x148
[<0>] vfs_read+0x194/0x1e8
[<0>] ksys_read+0x78/0x118
[<0>] __arm64_sys_read+0x24/0x38
[<0>] invoke_syscall+0x50/0x128
[<0>] el0_svc_common.constprop.0+0xc8/0xf0
[<0>] do_el0_svc+0x48/0x78
[<0>] el0_slow_syscall+0x44/0x1b8
[<0>] el0t_64_sync_handler+0x100/0x130
[<0>] el0t_64_sync+0x188/0x190
--- tid=550424 wchan=do_select
[<0>] do_select+0x424/0x618
[<0>] core_sys_select+0x1dc/0x510
[<0>] __se_sys_pselect6+0x104/0x1c8
[<0>] __arm64_sys_pselect6+0x28/0x48
[<0>] invoke_syscall+0x50/0x128
[<0>] el0_svc_common.constprop.0+0xc8/0xf0
[<0>] do_el0_svc+0x48/0x78
[<0>] el0_slow_syscall+0x44/0x1b8
[<0>] el0t_64_sync_handler+0x100/0x130
[<0>] el0t_64_sync+0x188/0x190
--- tid=550428 wchan=futex_wait_queue
[<0>] futex_wait_queue+0x78/0xb0
[<0>] futex_wait+0xe8/0x1d0
[<0>] do_futex+0xec/0x1a0
[<0>] __arm64_sys_futex+0x80/0x198
[<0>] invoke_syscall+0x50/0x128
[<0>] el0_svc_common.constprop.0+0xc8/0xf0
[<0>] do_el0_svc+0x48/0x78
[<0>] el0_slow_syscall+0x44/0x1b8
[<0>] el0t_64_sync_handler+0x100/0x130
[<0>] el0t_64_sync+0x188/0x190
--- tid=550429 wchan=futex_wait_queue
[<0>] futex_wait_queue+0x78/0xb0
[<0>] futex_wait+0xe8/0x1d0
[<0>] do_futex+0xec/0x1a0
[<0>] __arm64_sys_futex+0x80/0x198
[<0>] invoke_syscall+0x50/0x128
[<0>] el0_svc_common.constprop.0+0xc8/0xf0
[<0>] do_el0_svc+0x48/0x78
[<0>] el0_slow_syscall+0x44/0x1b8
[<0>] el0t_64_sync_handler+0x100/0x130
[<0>] el0t_64_sync+0x188/0x190
--- tid=550430 wchan=futex_wait_queue
[<0>] futex_wait_queue+0x78/0xb0
[<0>] futex_wait+0xe8/0x1d0
[<0>] do_futex+0xec/0x1a0
[<0>] __arm64_sys_futex+0x80/0x198
[<0>] invoke_syscall+0x50/0x128
[<0>] el0_svc_common.constprop.0+0xc8/0xf0
[<0>] do_el0_svc+0x48/0x78
[<0>] el0_slow_syscall+0x44/0x1b8
[<0>] el0t_64_sync_handler+0x100/0x130
[<0>] el0t_64_sync+0x188/0x190
--- tid=550431 wchan=futex_wait_queue
[<0>] futex_wait_queue+0x78/0xb0
[<0>] futex_wait+0xe8/0x1d0
[<0>] do_futex+0xec/0x1a0
[<0>] __arm64_sys_futex+0x80/0x198
[<0>] invoke_syscall+0x50/0x128
[<0>] el0_svc_common.constprop.0+0xc8/0xf0
[<0>] do_el0_svc+0x48/0x78
[<0>] el0_slow_syscall+0x44/0x1b8
[<0>] el0t_64_sync_handler+0x100/0x130
[<0>] el0t_64_sync+0x188/0x190
--- tid=550432 wchan=futex_wait_queue
[<0>] futex_wait_queue+0x78/0xb0
[<0>] futex_wait+0xe8/0x1d0
[<0>] do_futex+0xec/0x1a0
[<0>] __arm64_sys_futex+0x80/0x198
[<0>] invoke_syscall+0x50/0x128
[<0>] el0_svc_common.constprop.0+0xc8/0xf0
[<0>] do_el0_svc+0x48/0x78
[<0>] el0_slow_syscall+0x44/0x1b8
[<0>] el0t_64_sync_handler+0x100/0x130
[<0>] el0t_64_sync+0x188/0x190
--- tid=550433 wchan=futex_wait_queue
[<0>] futex_wait_queue+0x78/0xb0
[<0>] futex_wait+0xe8/0x1d0
[<0>] do_futex+0xec/0x1a0
[<0>] __arm64_sys_futex+0x80/0x198
[<0>] invoke_syscall+0x50/0x128
[<0>] el0_svc_common.constprop.0+0xc8/0xf0
[<0>] do_el0_svc+0x48/0x78
[<0>] el0_slow_syscall+0x44/0x1b8
[<0>] el0t_64_sync_handler+0x100/0x130
[<0>] el0t_64_sync+0x188/0x190
--- tid=550434 wchan=futex_wait_queue
[<0>] futex_wait_queue+0x78/0xb0
[<0>] futex_wait+0xe8/0x1d0
[<0>] do_futex+0xec/0x1a0
[<0>] __arm64_sys_futex+0x80/0x198
[<0>] invoke_syscall+0x50/0x128
[<0>] el0_svc_common.constprop.0+0xc8/0xf0
[<0>] do_el0_svc+0x48/0x78
[<0>] el0_slow_syscall+0x44/0x1b8
[<0>] el0t_64_sync_handler+0x100/0x130
[<0>] el0t_64_sync+0x188/0x190
--- tid=550435 wchan=futex_wait_queue
[<0>] futex_wait_queue+0x78/0xb0
[<0>] futex_wait+0xe8/0x1d0
[<0>] do_futex+0xec/0x1a0
[<0>] __arm64_sys_futex+0x80/0x198
[<0>] invoke_syscall+0x50/0x128
[<0>] el0_svc_common.constprop.0+0xc8/0xf0
[<0>] do_el0_svc+0x48/0x78
[<0>] el0_slow_syscall+0x44/0x1b8
[<0>] el0t_64_sync_handler+0x100/0x130
[<0>] el0t_64_sync+0x188/0x190
--- tid=550437 wchan=futex_wait_queue
[<0>] futex_wait_queue+0x78/0xb0
[<0>] futex_wait+0xe8/0x1d0
[<0>] do_futex+0xec/0x1a0
[<0>] __arm64_sys_futex+0x80/0x198
[<0>] invoke_syscall+0x50/0x128
[<0>] el0_svc_common.constprop.0+0xc8/0xf0
[<0>] do_el0_svc+0x48/0x78
[<0>] el0_slow_syscall+0x44/0x1b8
[<0>] el0t_64_sync_handler+0x100/0x130
[<0>] el0t_64_sync+0x188/0x190
--- tid=550457 wchan=futex_wait_queue
[<0>] futex_wait_queue+0x78/0xb0
[<0>] futex_wait+0xe8/0x1d0
[<0>] do_futex+0xec/0x1a0
[<0>] __arm64_sys_futex+0x80/0x198
[<0>] invoke_syscall+0x50/0x128
[<0>] el0_svc_common.constprop.0+0xc8/0xf0
[<0>] do_el0_svc+0x48/0x78
[<0>] el0_slow_syscall+0x44/0x1b8
[<0>] el0t_64_sync_handler+0x100/0x130
[<0>] el0t_64_sync+0x188/0x190
--- tid=550458 wchan=futex_wait_queue
[<0>] futex_wait_queue+0x78/0xb0
[<0>] futex_wait+0xe8/0x1d0
[<0>] do_futex+0xec/0x1a0
[<0>] __arm64_sys_futex+0x80/0x198
[<0>] invoke_syscall+0x50/0x128
[<0>] el0_svc_common.constprop.0+0xc8/0xf0
[<0>] do_el0_svc+0x48/0x78
[<0>] el0_slow_syscall+0x44/0x1b8
[<0>] el0t_64_sync_handler+0x100/0x130
[<0>] el0t_64_sync+0x188/0x190
--- tid=550459 wchan=ep_poll
[<0>] ep_poll+0x300/0x498
[<0>] do_epoll_wait+0x100/0x128
[<0>] do_epoll_pwait.part.0+0x1c/0xb8
[<0>] __arm64_sys_epoll_pwait+0x7c/0x128
[<0>] invoke_syscall+0x50/0x128
[<0>] el0_svc_common.constprop.0+0xc8/0xf0
[<0>] do_el0_svc+0x48/0x78
[<0>] el0_slow_syscall+0x44/0x1b8
[<0>] el0t_64_sync_handler+0x100/0x130
[<0>] el0t_64_sync+0x188/0x190
--- tid=550583 wchan=futex_wait_queue
[<0>] futex_wait_queue+0x78/0xb0
[<0>] futex_wait+0xe8/0x1d0
[<0>] do_futex+0xec/0x1a0
[<0>] __arm64_sys_futex+0x80/0x198
[<0>] invoke_syscall+0x50/0x128
[<0>] el0_svc_common.constprop.0+0xc8/0xf0
[<0>] do_el0_svc+0x48/0x78
[<0>] el0_slow_syscall+0x44/0x1b8
[<0>] el0t_64_sync_handler+0x100/0x130
[<0>] el0t_64_sync+0x188/0x190
--- tid=550586 wchan=futex_wait_queue
[<0>] futex_wait_queue+0x78/0xb0
[<0>] futex_wait+0xe8/0x1d0
[<0>] do_futex+0xec/0x1a0
[<0>] __arm64_sys_futex+0x80/0x198
[<0>] invoke_syscall+0x50/0x128
[<0>] el0_svc_common.constprop.0+0xc8/0xf0
[<0>] do_el0_svc+0x48/0x78
[<0>] el0_slow_syscall+0x44/0x1b8
[<0>] el0t_64_sync_handler+0x100/0x130
[<0>] el0t_64_sync+0x188/0x190
--- tid=550598 wchan=futex_wait_queue
[<0>] futex_wait_queue+0x78/0xb0
[<0>] futex_wait+0xe8/0x1d0
[<0>] do_futex+0xec/0x1a0
[<0>] __arm64_sys_futex+0x80/0x198
[<0>] invoke_syscall+0x50/0x128
[<0>] el0_svc_common.constprop.0+0xc8/0xf0
[<0>] do_el0_svc+0x48/0x78
[<0>] el0_slow_syscall+0x44/0x1b8
[<0>] el0t_64_sync_handler+0x100/0x130
[<0>] el0t_64_sync+0x188/0x190
--- tid=550608 wchan=ep_poll
[<0>] ep_poll+0x300/0x498
[<0>] do_epoll_wait+0x100/0x128
[<0>] do_epoll_pwait.part.0+0x1c/0xb8
[<0>] __arm64_sys_epoll_pwait+0x7c/0x128
[<0>] invoke_syscall+0x50/0x128
[<0>] el0_svc_common.constprop.0+0xc8/0xf0
[<0>] do_el0_svc+0x48/0x78
[<0>] el0_slow_syscall+0x44/0x1b8
[<0>] el0t_64_sync_handler+0x100/0x130
[<0>] el0t_64_sync+0x188/0x190
--- tid=550618 wchan=futex_wait_queue
[<0>] futex_wait_queue+0x78/0xb0
[<0>] futex_wait+0xe8/0x1d0
[<0>] do_futex+0xec/0x1a0
[<0>] __arm64_sys_futex+0x80/0x198
[<0>] invoke_syscall+0x50/0x128
[<0>] el0_svc_common.constprop.0+0xc8/0xf0
[<0>] do_el0_svc+0x48/0x78
[<0>] el0_slow_syscall+0x44/0x1b8
[<0>] el0t_64_sync_handler+0x100/0x130
[<0>] el0t_64_sync+0x188/0x190
--- tid=550620 wchan=futex_wait_queue
[<0>] futex_wait_queue+0x78/0xb0
[<0>] futex_wait+0xe8/0x1d0
[<0>] do_futex+0xec/0x1a0
[<0>] __arm64_sys_futex+0x80/0x198
[<0>] invoke_syscall+0x50/0x128
[<0>] el0_svc_common.constprop.0+0xc8/0xf0
[<0>] do_el0_svc+0x48/0x78
[<0>] el0_slow_syscall+0x44/0x1b8
[<0>] el0t_64_sync_handler+0x100/0x130
[<0>] el0t_64_sync+0x188/0x190
--- tid=550631 wchan=ep_poll
[<0>] ep_poll+0x300/0x498
[<0>] do_epoll_wait+0x100/0x128
[<0>] do_epoll_pwait.part.0+0x1c/0xb8
[<0>] __arm64_sys_epoll_pwait+0x7c/0x128
[<0>] invoke_syscall+0x50/0x128
[<0>] el0_svc_common.constprop.0+0xc8/0xf0
[<0>] do_el0_svc+0x48/0x78
[<0>] el0_slow_syscall+0x44/0x1b8
[<0>] el0t_64_sync_handler+0x100/0x130
[<0>] el0t_64_sync+0x188/0x190
--- tid=550640 wchan=ep_poll
[<0>] ep_poll+0x300/0x498
[<0>] do_epoll_wait+0x100/0x128
[<0>] do_epoll_pwait.part.0+0x1c/0xb8
[<0>] __arm64_sys_epoll_pwait+0x7c/0x128
[<0>] invoke_syscall+0x50/0x128
[<0>] el0_svc_common.constprop.0+0xc8/0xf0
[<0>] do_el0_svc+0x48/0x78
[<0>] el0_slow_syscall+0x44/0x1b8
[<0>] el0t_64_sync_handler+0x100/0x130
[<0>] el0t_64_sync+0x188/0x190
--- tid=550644 wchan=futex_wait_queue
[<0>] futex_wait_queue+0x78/0xb0
[<0>] futex_wait+0xe8/0x1d0
[<0>] do_futex+0xec/0x1a0
[<0>] __arm64_sys_futex+0x80/0x198
[<0>] invoke_syscall+0x50/0x128
[<0>] el0_svc_common.constprop.0+0xc8/0xf0
[<0>] do_el0_svc+0x48/0x78
[<0>] el0_slow_syscall+0x44/0x1b8
[<0>] el0t_64_sync_handler+0x100/0x130
[<0>] el0t_64_sync+0x188/0x190
--- tid=550653 wchan=ep_poll
[<0>] ep_poll+0x300/0x498
[<0>] do_epoll_wait+0x100/0x128
[<0>] do_epoll_pwait.part.0+0x1c/0xb8
[<0>] __arm64_sys_epoll_pwait+0x7c/0x128
[<0>] invoke_syscall+0x50/0x128
[<0>] el0_svc_common.constprop.0+0xc8/0xf0
[<0>] do_el0_svc+0x48/0x78
[<0>] el0_slow_syscall+0x44/0x1b8
[<0>] el0t_64_sync_handler+0x100/0x130
[<0>] el0t_64_sync+0x188/0x190
--- tid=550660 wchan=futex_wait_queue
[<0>] futex_wait_queue+0x78/0xb0
[<0>] futex_wait+0xe8/0x1d0
[<0>] do_futex+0xec/0x1a0
[<0>] __arm64_sys_futex+0x80/0x198
[<0>] invoke_syscall+0x50/0x128
[<0>] el0_svc_common.constprop.0+0xc8/0xf0
[<0>] do_el0_svc+0x48/0x78
[<0>] el0_slow_syscall+0x44/0x1b8
[<0>] el0t_64_sync_handler+0x100/0x130
[<0>] el0t_64_sync+0x188/0x190
--- tid=550669 wchan=futex_wait_queue
[<0>] futex_wait_queue+0x78/0xb0
[<0>] futex_wait+0xe8/0x1d0
[<0>] do_futex+0xec/0x1a0
[<0>] __arm64_sys_futex+0x80/0x198
[<0>] invoke_syscall+0x50/0x128
[<0>] el0_svc_common.constprop.0+0xc8/0xf0
[<0>] do_el0_svc+0x48/0x78
[<0>] el0_slow_syscall+0x44/0x1b8
[<0>] el0t_64_sync_handler+0x100/0x130
[<0>] el0t_64_sync+0x188/0x190
--- tid=550677 wchan=futex_wait_queue
[<0>] futex_wait_queue+0x78/0xb0
[<0>] futex_wait+0xe8/0x1d0
[<0>] do_futex+0xec/0x1a0
[<0>] __arm64_sys_futex+0x80/0x198
[<0>] invoke_syscall+0x50/0x128
[<0>] el0_svc_common.constprop.0+0xc8/0xf0
[<0>] do_el0_svc+0x48/0x78
[<0>] el0_slow_syscall+0x44/0x1b8
[<0>] el0t_64_sync_handler+0x100/0x130
[<0>] el0t_64_sync+0x188/0x190
--- tid=550684 wchan=ep_poll
[<0>] ep_poll+0x300/0x498
[<0>] do_epoll_wait+0x100/0x128
[<0>] do_epoll_pwait.part.0+0x1c/0xb8
[<0>] __arm64_sys_epoll_pwait+0x7c/0x128
[<0>] invoke_syscall+0x50/0x128
[<0>] el0_svc_common.constprop.0+0xc8/0xf0
[<0>] do_el0_svc+0x48/0x78
[<0>] el0_slow_syscall+0x44/0x1b8
[<0>] el0t_64_sync_handler+0x100/0x130
[<0>] el0t_64_sync+0x188/0x190
--- tid=550693 wchan=futex_wait_queue
[<0>] futex_wait_queue+0x78/0xb0
[<0>] futex_wait+0xe8/0x1d0
[<0>] do_futex+0xec/0x1a0
[<0>] __arm64_sys_futex+0x80/0x198
[<0>] invoke_syscall+0x50/0x128
[<0>] el0_svc_common.constprop.0+0xc8/0xf0
[<0>] do_el0_svc+0x48/0x78
[<0>] el0_slow_syscall+0x44/0x1b8
[<0>] el0t_64_sync_handler+0x100/0x130
[<0>] el0t_64_sync+0x188/0x190
--- tid=550699 wchan=futex_wait_queue
[<0>] futex_wait_queue+0x78/0xb0
[<0>] futex_wait+0xe8/0x1d0
[<0>] do_futex+0xec/0x1a0
[<0>] __arm64_sys_futex+0x80/0x198
[<0>] invoke_syscall+0x50/0x128
[<0>] el0_svc_common.constprop.0+0xc8/0xf0
[<0>] do_el0_svc+0x48/0x78
[<0>] el0_slow_syscall+0x44/0x1b8
[<0>] el0t_64_sync_handler+0x100/0x130
[<0>] el0t_64_sync+0x188/0x190
--- tid=550707 wchan=futex_wait_queue
[<0>] futex_wait_queue+0x78/0xb0
[<0>] futex_wait+0xe8/0x1d0
[<0>] do_futex+0xec/0x1a0
[<0>] __arm64_sys_futex+0x80/0x198
[<0>] invoke_syscall+0x50/0x128
[<0>] el0_svc_common.constprop.0+0xc8/0xf0
[<0>] do_el0_svc+0x48/0x78
[<0>] el0_slow_syscall+0x44/0x1b8
[<0>] el0t_64_sync_handler+0x100/0x130
[<0>] el0t_64_sync+0x188/0x190
--- tid=550715 wchan=ep_poll
[<0>] ep_poll+0x300/0x498
[<0>] do_epoll_wait+0x100/0x128
[<0>] do_epoll_pwait.part.0+0x1c/0xb8
[<0>] __arm64_sys_epoll_pwait+0x7c/0x128
[<0>] invoke_syscall+0x50/0x128
[<0>] el0_svc_common.constprop.0+0xc8/0xf0
[<0>] do_el0_svc+0x48/0x78
[<0>] el0_slow_syscall+0x44/0x1b8
[<0>] el0t_64_sync_handler+0x100/0x130
[<0>] el0t_64_sync+0x188/0x190
--- tid=550726 wchan=futex_wait_queue
[<0>] futex_wait_queue+0x78/0xb0
[<0>] futex_wait+0xe8/0x1d0
[<0>] do_futex+0xec/0x1a0
[<0>] __arm64_sys_futex+0x80/0x198
[<0>] invoke_syscall+0x50/0x128
[<0>] el0_svc_common.constprop.0+0xc8/0xf0
[<0>] do_el0_svc+0x48/0x78
[<0>] el0_slow_syscall+0x44/0x1b8
[<0>] el0t_64_sync_handler+0x100/0x130
[<0>] el0t_64_sync+0x188/0x190
--- tid=550734 wchan=futex_wait_queue
[<0>] futex_wait_queue+0x78/0xb0
[<0>] futex_wait+0xe8/0x1d0
[<0>] do_futex+0xec/0x1a0
[<0>] __arm64_sys_futex+0x80/0x198
[<0>] invoke_syscall+0x50/0x128
[<0>] el0_svc_common.constprop.0+0xc8/0xf0
[<0>] do_el0_svc+0x48/0x78
[<0>] el0_slow_syscall+0x44/0x1b8
[<0>] el0t_64_sync_handler+0x100/0x130
[<0>] el0t_64_sync+0x188/0x190
--- tid=550739 wchan=futex_wait_queue
[<0>] futex_wait_queue+0x78/0xb0
[<0>] futex_wait+0xe8/0x1d0
[<0>] do_futex+0xec/0x1a0
[<0>] __arm64_sys_futex+0x80/0x198
[<0>] invoke_syscall+0x50/0x128
[<0>] el0_svc_common.constprop.0+0xc8/0xf0
[<0>] do_el0_svc+0x48/0x78
[<0>] el0_slow_syscall+0x44/0x1b8
[<0>] el0t_64_sync_handler+0x100/0x130
[<0>] el0t_64_sync+0x188/0x190
--- tid=550748 wchan=ep_poll
[<0>] ep_poll+0x300/0x498
[<0>] do_epoll_wait+0x100/0x128
[<0>] do_epoll_pwait.part.0+0x1c/0xb8
[<0>] __arm64_sys_epoll_pwait+0x7c/0x128
[<0>] invoke_syscall+0x50/0x128
[<0>] el0_svc_common.constprop.0+0xc8/0xf0
[<0>] do_el0_svc+0x48/0x78
[<0>] el0_slow_syscall+0x44/0x1b8
[<0>] el0t_64_sync_handler+0x100/0x130
[<0>] el0t_64_sync+0x188/0x190
--- tid=550756 wchan=futex_wait_queue
[<0>] futex_wait_queue+0x78/0xb0
[<0>] futex_wait+0xe8/0x1d0
[<0>] do_futex+0xec/0x1a0
[<0>] __arm64_sys_futex+0x80/0x198
[<0>] invoke_syscall+0x50/0x128
[<0>] el0_svc_common.constprop.0+0xc8/0xf0
[<0>] do_el0_svc+0x48/0x78
[<0>] el0_slow_syscall+0x44/0x1b8
[<0>] el0t_64_sync_handler+0x100/0x130
[<0>] el0t_64_sync+0x188/0x190
--- tid=550759 wchan=futex_wait_queue
[<0>] futex_wait_queue+0x78/0xb0
[<0>] futex_wait+0xe8/0x1d0
[<0>] do_futex+0xec/0x1a0
[<0>] __arm64_sys_futex+0x80/0x198
[<0>] invoke_syscall+0x50/0x128
[<0>] el0_svc_common.constprop.0+0xc8/0xf0
[<0>] do_el0_svc+0x48/0x78
[<0>] el0_slow_syscall+0x44/0x1b8
[<0>] el0t_64_sync_handler+0x100/0x130
[<0>] el0t_64_sync+0x188/0x190
--- tid=550771 wchan=futex_wait_queue
[<0>] futex_wait_queue+0x78/0xb0
[<0>] futex_wait+0xe8/0x1d0
[<0>] do_futex+0xec/0x1a0
[<0>] __arm64_sys_futex+0x80/0x198
[<0>] invoke_syscall+0x50/0x128
[<0>] el0_svc_common.constprop.0+0xc8/0xf0
[<0>] do_el0_svc+0x48/0x78
[<0>] el0_slow_syscall+0x44/0x1b8
[<0>] el0t_64_sync_handler+0x100/0x130
[<0>] el0t_64_sync+0x188/0x190
--- tid=550779 wchan=0
[<0>] ep_poll+0x300/0x498
[<0>] do_epoll_wait+0x100/0x128
[<0>] do_epoll_pwait.part.0+0x1c/0xb8
[<0>] __arm64_sys_epoll_pwait+0x7c/0x128
[<0>] invoke_syscall+0x50/0x128
[<0>] el0_svc_common.constprop.0+0xc8/0xf0
[<0>] do_el0_svc+0x48/0x78
[<0>] el0_slow_syscall+0x44/0x1b8
[<0>] el0t_64_sync_handler+0x100/0x130
[<0>] el0t_64_sync+0x188/0x190
--- tid=550790 wchan=futex_wait_queue
[<0>] futex_wait_queue+0x78/0xb0
[<0>] futex_wait+0xe8/0x1d0
[<0>] do_futex+0xec/0x1a0
[<0>] __arm64_sys_futex+0x80/0x198
[<0>] invoke_syscall+0x50/0x128
[<0>] el0_svc_common.constprop.0+0xc8/0xf0
[<0>] do_el0_svc+0x48/0x78
[<0>] el0_slow_syscall+0x44/0x1b8
[<0>] el0t_64_sync_handler+0x100/0x130
[<0>] el0t_64_sync+0x188/0x190
--- tid=550792 wchan=futex_wait_queue
[<0>] futex_wait_queue+0x78/0xb0
[<0>] futex_wait+0xe8/0x1d0
[<0>] do_futex+0xec/0x1a0
[<0>] __arm64_sys_futex+0x80/0x198
[<0>] invoke_syscall+0x50/0x128
[<0>] el0_svc_common.constprop.0+0xc8/0xf0
[<0>] do_el0_svc+0x48/0x78
[<0>] el0_slow_syscall+0x44/0x1b8
[<0>] el0t_64_sync_handler+0x100/0x130
[<0>] el0t_64_sync+0x188/0x190
--- tid=550803 wchan=futex_wait_queue
[<0>] futex_wait_queue+0x78/0xb0
[<0>] futex_wait+0xe8/0x1d0
[<0>] do_futex+0xec/0x1a0
[<0>] __arm64_sys_futex+0x80/0x198
[<0>] invoke_syscall+0x50/0x128
[<0>] el0_svc_common.constprop.0+0xc8/0xf0
[<0>] do_el0_svc+0x48/0x78
[<0>] el0_slow_syscall+0x44/0x1b8
[<0>] el0t_64_sync_handler+0x100/0x130
[<0>] el0t_64_sync+0x188/0x190
--- tid=550812 wchan=ep_poll
[<0>] ep_poll+0x300/0x498
[<0>] do_epoll_wait+0x100/0x128
[<0>] do_epoll_pwait.part.0+0x1c/0xb8
[<0>] __arm64_sys_epoll_pwait+0x7c/0x128
[<0>] invoke_syscall+0x50/0x128
[<0>] el0_svc_common.constprop.0+0xc8/0xf0
[<0>] do_el0_svc+0x48/0x78
[<0>] el0_slow_syscall+0x44/0x1b8
[<0>] el0t_64_sync_handler+0x100/0x130
[<0>] el0t_64_sync+0x188/0x190
--- tid=550823 wchan=futex_wait_queue
[<0>] futex_wait_queue+0x78/0xb0
[<0>] futex_wait+0xe8/0x1d0
[<0>] do_futex+0xec/0x1a0
[<0>] __arm64_sys_futex+0x80/0x198
[<0>] invoke_syscall+0x50/0x128
[<0>] el0_svc_common.constprop.0+0xc8/0xf0
[<0>] do_el0_svc+0x48/0x78
[<0>] el0_slow_syscall+0x44/0x1b8
[<0>] el0t_64_sync_handler+0x100/0x130
[<0>] el0t_64_sync+0x188/0x190
--- tid=550824 wchan=futex_wait_queue
[<0>] futex_wait_queue+0x78/0xb0
[<0>] futex_wait+0xe8/0x1d0
[<0>] do_futex+0xec/0x1a0
[<0>] __arm64_sys_futex+0x80/0x198
[<0>] invoke_syscall+0x50/0x128
[<0>] el0_svc_common.constprop.0+0xc8/0xf0
[<0>] do_el0_svc+0x48/0x78
[<0>] el0_slow_syscall+0x44/0x1b8
[<0>] el0t_64_sync_handler+0x100/0x130
[<0>] el0t_64_sync+0x188/0x190
--- tid=550835 wchan=futex_wait_queue
[<0>] futex_wait_queue+0x78/0xb0
[<0>] futex_wait+0xe8/0x1d0
[<0>] do_futex+0xec/0x1a0
[<0>] __arm64_sys_futex+0x80/0x198
[<0>] invoke_syscall+0x50/0x128
[<0>] el0_svc_common.constprop.0+0xc8/0xf0
[<0>] do_el0_svc+0x48/0x78
[<0>] el0_slow_syscall+0x44/0x1b8
[<0>] el0t_64_sync_handler+0x100/0x130
[<0>] el0t_64_sync+0x188/0x190
--- tid=550840 wchan=futex_wait_queue
[<0>] futex_wait_queue+0x78/0xb0
[<0>] futex_wait+0xe8/0x1d0
[<0>] do_futex+0xec/0x1a0
[<0>] __arm64_sys_futex+0x80/0x198
[<0>] invoke_syscall+0x50/0x128
[<0>] el0_svc_common.constprop.0+0xc8/0xf0
[<0>] do_el0_svc+0x48/0x78
[<0>] el0_slow_syscall+0x44/0x1b8
[<0>] el0t_64_sync_handler+0x100/0x130
[<0>] el0t_64_sync+0x188/0x190
--- tid=550849 wchan=futex_wait_queue
[<0>] futex_wait_queue+0x78/0xb0
[<0>] futex_wait+0xe8/0x1d0
[<0>] do_futex+0xec/0x1a0
[<0>] __arm64_sys_futex+0x80/0x198
[<0>] invoke_syscall+0x50/0x128
[<0>] el0_svc_common.constprop.0+0xc8/0xf0
[<0>] do_el0_svc+0x48/0x78
[<0>] el0_slow_syscall+0x44/0x1b8
[<0>] el0t_64_sync_handler+0x100/0x130
[<0>] el0t_64_sync+0x188/0x190
--- tid=550856 wchan=futex_wait_queue
[<0>] futex_wait_queue+0x78/0xb0
[<0>] futex_wait+0xe8/0x1d0
[<0>] do_futex+0xec/0x1a0
[<0>] __arm64_sys_futex+0x80/0x198
[<0>] invoke_syscall+0x50/0x128
[<0>] el0_svc_common.constprop.0+0xc8/0xf0
[<0>] do_el0_svc+0x48/0x78
[<0>] el0_slow_syscall+0x44/0x1b8
[<0>] el0t_64_sync_handler+0x100/0x130
[<0>] el0t_64_sync+0x188/0x190
--- tid=550862 wchan=futex_wait_queue
[<0>] futex_wait_queue+0x78/0xb0
[<0>] futex_wait+0xe8/0x1d0
[<0>] do_futex+0xec/0x1a0
[<0>] __arm64_sys_futex+0x80/0x198
[<0>] invoke_syscall+0x50/0x128
[<0>] el0_svc_common.constprop.0+0xc8/0xf0
[<0>] do_el0_svc+0x48/0x78
[<0>] el0_slow_syscall+0x44/0x1b8
[<0>] el0t_64_sync_handler+0x100/0x130
[<0>] el0t_64_sync+0x188/0x190
--- tid=550867 wchan=futex_wait_queue
[<0>] futex_wait_queue+0x78/0xb0
[<0>] futex_wait+0xe8/0x1d0
[<0>] do_futex+0xec/0x1a0
[<0>] __arm64_sys_futex+0x80/0x198
[<0>] invoke_syscall+0x50/0x128
[<0>] el0_svc_common.constprop.0+0xc8/0xf0
[<0>] do_el0_svc+0x48/0x78
[<0>] el0_slow_syscall+0x44/0x1b8
[<0>] el0t_64_sync_handler+0x100/0x130
[<0>] el0t_64_sync+0x188/0x190
--- tid=550874 wchan=futex_wait_queue
[<0>] futex_wait_queue+0x78/0xb0
[<0>] futex_wait+0xe8/0x1d0
[<0>] do_futex+0xec/0x1a0
[<0>] __arm64_sys_futex+0x80/0x198
[<0>] invoke_syscall+0x50/0x128
[<0>] el0_svc_common.constprop.0+0xc8/0xf0
[<0>] do_el0_svc+0x48/0x78
[<0>] el0_slow_syscall+0x44/0x1b8
[<0>] el0t_64_sync_handler+0x100/0x130
[<0>] el0t_64_sync+0x188/0x190
--- tid=550881 wchan=futex_wait_queue
[<0>] futex_wait_queue+0x78/0xb0
[<0>] futex_wait+0xe8/0x1d0
[<0>] do_futex+0xec/0x1a0
[<0>] __arm64_sys_futex+0x80/0x198
[<0>] invoke_syscall+0x50/0x128
[<0>] el0_svc_common.constprop.0+0xc8/0xf0
[<0>] do_el0_svc+0x48/0x78
[<0>] el0_slow_syscall+0x44/0x1b8
[<0>] el0t_64_sync_handler+0x100/0x130
[<0>] el0t_64_sync+0x188/0x190
--- tid=550888 wchan=futex_wait_queue
[<0>] futex_wait_queue+0x78/0xb0
[<0>] futex_wait+0xe8/0x1d0
[<0>] do_futex+0xec/0x1a0
[<0>] __arm64_sys_futex+0x80/0x198
[<0>] invoke_syscall+0x50/0x128
[<0>] el0_svc_common.constprop.0+0xc8/0xf0
[<0>] do_el0_svc+0x48/0x78
[<0>] el0_slow_syscall+0x44/0x1b8
[<0>] el0t_64_sync_handler+0x100/0x130
[<0>] el0t_64_sync+0x188/0x190
--- tid=550919 wchan=futex_wait_queue
[<0>] futex_wait_queue+0x78/0xb0
[<0>] futex_wait+0xe8/0x1d0
[<0>] do_futex+0xec/0x1a0
[<0>] __arm64_sys_futex+0x80/0x198
[<0>] invoke_syscall+0x50/0x128
[<0>] el0_svc_common.constprop.0+0xc8/0xf0
[<0>] do_el0_svc+0x48/0x78
[<0>] el0_slow_syscall+0x44/0x1b8
[<0>] el0t_64_sync_handler+0x100/0x130
[<0>] el0t_64_sync+0x188/0x190
--- tid=550922 wchan=futex_wait_queue
[<0>] futex_wait_queue+0x78/0xb0
[<0>] futex_wait+0xe8/0x1d0
[<0>] do_futex+0xec/0x1a0
[<0>] __arm64_sys_futex+0x80/0x198
[<0>] invoke_syscall+0x50/0x128
[<0>] el0_svc_common.constprop.0+0xc8/0xf0
[<0>] do_el0_svc+0x48/0x78
[<0>] el0_slow_syscall+0x44/0x1b8
[<0>] el0t_64_sync_handler+0x100/0x130
[<0>] el0t_64_sync+0x188/0x190
--- tid=550924 wchan=futex_wait_queue
[<0>] futex_wait_queue+0x78/0xb0
[<0>] futex_wait+0xe8/0x1d0
[<0>] do_futex+0xec/0x1a0
[<0>] __arm64_sys_futex+0x80/0x198
[<0>] invoke_syscall+0x50/0x128
[<0>] el0_svc_common.constprop.0+0xc8/0xf0
[<0>] do_el0_svc+0x48/0x78
[<0>] el0_slow_syscall+0x44/0x1b8
[<0>] el0t_64_sync_handler+0x100/0x130
[<0>] el0t_64_sync+0x188/0x190
--- tid=550926 wchan=futex_wait_queue
[<0>] futex_wait_queue+0x78/0xb0
[<0>] futex_wait+0xe8/0x1d0
[<0>] do_futex+0xec/0x1a0
[<0>] __arm64_sys_futex+0x80/0x198
[<0>] invoke_syscall+0x50/0x128
[<0>] el0_svc_common.constprop.0+0xc8/0xf0
[<0>] do_el0_svc+0x48/0x78
[<0>] el0_slow_syscall+0x44/0x1b8
[<0>] el0t_64_sync_handler+0x100/0x130
[<0>] el0t_64_sync+0x188/0x190
--- tid=550927 wchan=futex_wait_queue
[<0>] futex_wait_queue+0x78/0xb0
[<0>] futex_wait+0xe8/0x1d0
[<0>] do_futex+0xec/0x1a0
[<0>] __arm64_sys_futex+0x80/0x198
[<0>] invoke_syscall+0x50/0x128
[<0>] el0_svc_common.constprop.0+0xc8/0xf0
[<0>] do_el0_svc+0x48/0x78
[<0>] el0_slow_syscall+0x44/0x1b8
[<0>] el0t_64_sync_handler+0x100/0x130
[<0>] el0t_64_sync+0x188/0x190
--- tid=550928 wchan=futex_wait_queue
[<0>] futex_wait_queue+0x78/0xb0
[<0>] futex_wait+0xe8/0x1d0
[<0>] do_futex+0xec/0x1a0
[<0>] __arm64_sys_futex+0x80/0x198
[<0>] invoke_syscall+0x50/0x128
[<0>] el0_svc_common.constprop.0+0xc8/0xf0
[<0>] do_el0_svc+0x48/0x78
[<0>] el0_slow_syscall+0x44/0x1b8
[<0>] el0t_64_sync_handler+0x100/0x130
[<0>] el0t_64_sync+0x188/0x190
--- tid=550929 wchan=futex_wait_queue
[<0>] futex_wait_queue+0x78/0xb0
[<0>] futex_wait+0xe8/0x1d0
[<0>] do_futex+0xec/0x1a0
[<0>] __arm64_sys_futex+0x80/0x198
[<0>] invoke_syscall+0x50/0x128
[<0>] el0_svc_common.constprop.0+0xc8/0xf0
[<0>] do_el0_svc+0x48/0x78
[<0>] el0_slow_syscall+0x44/0x1b8
[<0>] el0t_64_sync_handler+0x100/0x130
[<0>] el0t_64_sync+0x188/0x190
--- tid=550930 wchan=futex_wait_queue
[<0>] futex_wait_queue+0x78/0xb0
[<0>] futex_wait+0xe8/0x1d0
[<0>] do_futex+0xec/0x1a0
[<0>] __arm64_sys_futex+0x80/0x198
[<0>] invoke_syscall+0x50/0x128
[<0>] el0_svc_common.constprop.0+0xc8/0xf0
[<0>] do_el0_svc+0x48/0x78
[<0>] el0_slow_syscall+0x44/0x1b8
[<0>] el0t_64_sync_handler+0x100/0x130
[<0>] el0t_64_sync+0x188/0x190
--- tid=550931 wchan=futex_wait_queue
[<0>] futex_wait_queue+0x78/0xb0
[<0>] futex_wait+0xe8/0x1d0
[<0>] do_futex+0xec/0x1a0
[<0>] __arm64_sys_futex+0x80/0x198
[<0>] invoke_syscall+0x50/0x128
[<0>] el0_svc_common.constprop.0+0xc8/0xf0
[<0>] do_el0_svc+0x48/0x78
[<0>] el0_slow_syscall+0x44/0x1b8
[<0>] el0t_64_sync_handler+0x100/0x130
[<0>] el0t_64_sync+0x188/0x190
--- tid=551016 wchan=hrtimer_nanosleep
[<0>] hrtimer_nanosleep+0x80/0x100
[<0>] common_nsleep+0x4c/0x80
[<0>] __arm64_sys_clock_nanosleep+0xd4/0x158
[<0>] invoke_syscall+0x50/0x128
[<0>] el0_svc_common.constprop.0+0xc8/0xf0
[<0>] do_el0_svc+0x48/0x78
[<0>] el0_slow_syscall+0x44/0x1b8
[<0>] el0t_64_sync_handler+0x100/0x130
[<0>] el0t_64_sync+0x188/0x190
--- tid=553244 wchan=futex_wait_queue
[<0>] futex_wait_queue+0x78/0xb0
[<0>] futex_wait+0xe8/0x1d0
[<0>] do_futex+0xec/0x1a0
[<0>] __arm64_sys_futex+0x80/0x198
[<0>] invoke_syscall+0x50/0x128
[<0>] el0_svc_common.constprop.0+0xc8/0xf0
[<0>] do_el0_svc+0x48/0x78
[<0>] el0_slow_syscall+0x44/0x1b8
[<0>] el0t_64_sync_handler+0x100/0x130
[<0>] el0t_64_sync+0x188/0x190
--- tid=553245 wchan=ep_poll
[<0>] ep_poll+0x300/0x498
[<0>] do_epoll_wait+0x100/0x128
[<0>] do_epoll_pwait.part.0+0x1c/0xb8
[<0>] __arm64_sys_epoll_pwait+0x7c/0x128
[<0>] invoke_syscall+0x50/0x128
[<0>] el0_svc_common.constprop.0+0xc8/0xf0
[<0>] do_el0_svc+0x48/0x78
[<0>] el0_slow_syscall+0x44/0x1b8
[<0>] el0t_64_sync_handler+0x100/0x130
[<0>] el0t_64_sync+0x188/0x190
--- tid=553246 wchan=ep_poll
[<0>] ep_poll+0x300/0x498
[<0>] do_epoll_wait+0x100/0x128
[<0>] do_epoll_pwait.part.0+0x1c/0xb8
[<0>] __arm64_sys_epoll_pwait+0x7c/0x128
[<0>] invoke_syscall+0x50/0x128
[<0>] el0_svc_common.constprop.0+0xc8/0xf0
[<0>] do_el0_svc+0x48/0x78
[<0>] el0_slow_syscall+0x44/0x1b8
[<0>] el0t_64_sync_handler+0x100/0x130
[<0>] el0t_64_sync+0x188/0x190
--- tid=553247 wchan=ep_poll
[<0>] ep_poll+0x300/0x498
[<0>] do_epoll_wait+0x100/0x128
[<0>] do_epoll_pwait.part.0+0x1c/0xb8
[<0>] __arm64_sys_epoll_pwait+0x7c/0x128
[<0>] invoke_syscall+0x50/0x128
[<0>] el0_svc_common.constprop.0+0xc8/0xf0
[<0>] do_el0_svc+0x48/0x78
[<0>] el0_slow_syscall+0x44/0x1b8
[<0>] el0t_64_sync_handler+0x100/0x130
[<0>] el0t_64_sync+0x188/0x190
--- tid=553248 wchan=ep_poll
[<0>] ep_poll+0x300/0x498
[<0>] do_epoll_wait+0x100/0x128
[<0>] do_epoll_pwait.part.0+0x1c/0xb8
[<0>] __arm64_sys_epoll_pwait+0x7c/0x128
[<0>] invoke_syscall+0x50/0x128
[<0>] el0_svc_common.constprop.0+0xc8/0xf0
[<0>] do_el0_svc+0x48/0x78
[<0>] el0_slow_syscall+0x44/0x1b8
[<0>] el0t_64_sync_handler+0x100/0x130
[<0>] el0t_64_sync+0x188/0x190
--- tid=553249 wchan=pipe_read
[<0>] pipe_read+0x360/0x400
[<0>] new_sync_read+0x130/0x148
[<0>] vfs_read+0x194/0x1e8
[<0>] ksys_read+0xf4/0x118
[<0>] __arm64_sys_read+0x24/0x38
[<0>] invoke_syscall+0x50/0x128
[<0>] el0_svc_common.constprop.0+0xc8/0xf0
[<0>] do_el0_svc+0x48/0x78
[<0>] el0_slow_syscall+0x44/0x1b8
[<0>] el0t_64_sync_handler+0x100/0x130
[<0>] el0t_64_sync+0x188/0x190
--- tid=553305 wchan=futex_wait_queue
[<0>] futex_wait_queue+0x78/0xb0
[<0>] futex_wait+0xe8/0x1d0
[<0>] do_futex+0xec/0x1a0
[<0>] __arm64_sys_futex+0x80/0x198
[<0>] invoke_syscall+0x50/0x128
[<0>] el0_svc_common.constprop.0+0xc8/0xf0
[<0>] do_el0_svc+0x48/0x78
[<0>] el0_slow_syscall+0x44/0x1b8
[<0>] el0t_64_sync_handler+0x100/0x130
[<0>] el0t_64_sync+0x188/0x190
--- tid=553306 wchan=futex_wait_queue
[<0>] futex_wait_queue+0x78/0xb0
[<0>] futex_wait+0xe8/0x1d0
[<0>] do_futex+0xec/0x1a0
[<0>] __arm64_sys_futex+0x80/0x198
[<0>] invoke_syscall+0x50/0x128
[<0>] el0_svc_common.constprop.0+0xc8/0xf0
[<0>] do_el0_svc+0x48/0x78
[<0>] el0_slow_syscall+0x44/0x1b8
[<0>] el0t_64_sync_handler+0x100/0x130
[<0>] el0t_64_sync+0x188/0x190
--- tid=553307 wchan=futex_wait_queue
[<0>] futex_wait_queue+0x78/0xb0
[<0>] futex_wait+0xe8/0x1d0
[<0>] do_futex+0xec/0x1a0
[<0>] __arm64_sys_futex+0x80/0x198
[<0>] invoke_syscall+0x50/0x128
[<0>] el0_svc_common.constprop.0+0xc8/0xf0
[<0>] do_el0_svc+0x48/0x78
[<0>] el0_slow_syscall+0x44/0x1b8
[<0>] el0t_64_sync_handler+0x100/0x130
[<0>] el0t_64_sync+0x188/0x190
--- tid=553308 wchan=futex_wait_queue
[<0>] futex_wait_queue+0x78/0xb0
[<0>] futex_wait+0xe8/0x1d0
[<0>] do_futex+0xec/0x1a0
[<0>] __arm64_sys_futex+0x80/0x198
[<0>] invoke_syscall+0x50/0x128
[<0>] el0_svc_common.constprop.0+0xc8/0xf0
[<0>] do_el0_svc+0x48/0x78
[<0>] el0_slow_syscall+0x44/0x1b8
[<0>] el0t_64_sync_handler+0x100/0x130
[<0>] el0t_64_sync+0x188/0x190
--- tid=553309 wchan=futex_wait_queue
[<0>] futex_wait_queue+0x78/0xb0
[<0>] futex_wait+0xe8/0x1d0
[<0>] do_futex+0xec/0x1a0
[<0>] __arm64_sys_futex+0x80/0x198
[<0>] invoke_syscall+0x50/0x128
[<0>] el0_svc_common.constprop.0+0xc8/0xf0
[<0>] do_el0_svc+0x48/0x78
[<0>] el0_slow_syscall+0x44/0x1b8
[<0>] el0t_64_sync_handler+0x100/0x130
[<0>] el0t_64_sync+0x188/0x190
--- tid=553383 wchan=hrtimer_nanosleep
[<0>] hrtimer_nanosleep+0x80/0x100
[<0>] common_nsleep+0x4c/0x80
[<0>] __arm64_sys_clock_nanosleep+0xd4/0x158
[<0>] invoke_syscall+0x50/0x128
[<0>] el0_svc_common.constprop.0+0xc8/0xf0
[<0>] do_el0_svc+0x48/0x78
[<0>] el0_slow_syscall+0x44/0x1b8
[<0>] el0t_64_sync_handler+0x100/0x130
[<0>] el0t_64_sync+0x188/0x190
--- tid=553391 wchan=hrtimer_nanosleep
[<0>] hrtimer_nanosleep+0x80/0x100
[<0>] common_nsleep+0x4c/0x80
[<0>] __arm64_sys_clock_nanosleep+0xd4/0x158
[<0>] invoke_syscall+0x50/0x128
[<0>] el0_svc_common.constprop.0+0xc8/0xf0
[<0>] do_el0_svc+0x48/0x78
[<0>] el0_slow_syscall+0x44/0x1b8
[<0>] el0t_64_sync_handler+0x100/0x130
[<0>] el0t_64_sync+0x188/0x190
--- tid=565769 wchan=pipe_write
[<0>] pipe_write+0x1ec/0x558
[<0>] new_sync_write+0x140/0x158
[<0>] vfs_write+0x21c/0x2b0
[<0>] ksys_write+0xf4/0x118
[<0>] __arm64_sys_write+0x24/0x38
[<0>] invoke_syscall+0x50/0x128
[<0>] el0_svc_common.constprop.0+0xc8/0xf0
[<0>] do_el0_svc+0x48/0x78
[<0>] el0_slow_syscall+0x44/0x1b8
[<0>] el0t_64_sync_handler+0x100/0x130
[<0>] el0t_64_sync+0x188/0x190
  >>> sent SIGUSR1 to 549792 (Python stacks -> /home/g00619970/moeoffload_multi/log/model_2026_0814_0558_multimech.log)

================ pid=549793  comm=VLLM::Worker_DP ================
cmdline: VLLM::Worker_DP0_TP4_EP4                                                                                                                                  

State:	S (sleeping)
Threads:	122
--- tid=549793 wchan=hrtimer_nanosleep
[<0>] hrtimer_nanosleep+0x80/0x100
[<0>] common_nsleep+0x4c/0x80
[<0>] __arm64_sys_clock_nanosleep+0xd4/0x158
[<0>] invoke_syscall+0x50/0x128
[<0>] el0_svc_common.constprop.0+0xc8/0xf0
[<0>] do_el0_svc+0x48/0x78
[<0>] el0_slow_syscall+0x44/0x1b8
[<0>] el0t_64_sync_handler+0x100/0x130
[<0>] el0t_64_sync+0x188/0x190
--- tid=549833 wchan=futex_wait_queue
[<0>] futex_wait_queue+0x78/0xb0
[<0>] futex_wait+0xe8/0x1d0
[<0>] do_futex+0xec/0x1a0
[<0>] __arm64_sys_futex+0x80/0x198
[<0>] invoke_syscall+0x50/0x128
[<0>] el0_svc_common.constprop.0+0xc8/0xf0
[<0>] do_el0_svc+0x48/0x78
[<0>] el0_slow_syscall+0x44/0x1b8
[<0>] el0t_64_sync_handler+0x100/0x130
[<0>] el0t_64_sync+0x188/0x190
--- tid=549834 wchan=futex_wait_queue
[<0>] futex_wait_queue+0x78/0xb0
[<0>] futex_wait+0xe8/0x1d0
[<0>] do_futex+0xec/0x1a0
[<0>] __arm64_sys_futex+0x80/0x198
[<0>] invoke_syscall+0x50/0x128
[<0>] el0_svc_common.constprop.0+0xc8/0xf0
[<0>] do_el0_svc+0x48/0x78
[<0>] el0_slow_syscall+0x44/0x1b8
[<0>] el0t_64_sync_handler+0x100/0x130
[<0>] el0t_64_sync+0x188/0x190
--- tid=549835 wchan=futex_wait_queue
[<0>] futex_wait_queue+0x78/0xb0
[<0>] futex_wait+0xe8/0x1d0
[<0>] do_futex+0xec/0x1a0
[<0>] __arm64_sys_futex+0x80/0x198
[<0>] invoke_syscall+0x50/0x128
[<0>] el0_svc_common.constprop.0+0xc8/0xf0
[<0>] do_el0_svc+0x48/0x78
[<0>] el0_slow_syscall+0x44/0x1b8
[<0>] el0t_64_sync_handler+0x100/0x130
[<0>] el0t_64_sync+0x188/0x190
--- tid=549836 wchan=futex_wait_queue
[<0>] futex_wait_queue+0x78/0xb0
[<0>] futex_wait+0xe8/0x1d0
[<0>] do_futex+0xec/0x1a0
[<0>] __arm64_sys_futex+0x80/0x198
[<0>] invoke_syscall+0x50/0x128
[<0>] el0_svc_common.constprop.0+0xc8/0xf0
[<0>] do_el0_svc+0x48/0x78
[<0>] el0_slow_syscall+0x44/0x1b8
[<0>] el0t_64_sync_handler+0x100/0x130
[<0>] el0t_64_sync+0x188/0x190
--- tid=549837 wchan=futex_wait_queue
[<0>] futex_wait_queue+0x78/0xb0
[<0>] futex_wait+0xe8/0x1d0
[<0>] do_futex+0xec/0x1a0
[<0>] __arm64_sys_futex+0x80/0x198
[<0>] invoke_syscall+0x50/0x128
[<0>] el0_svc_common.constprop.0+0xc8/0xf0
[<0>] do_el0_svc+0x48/0x78
[<0>] el0_slow_syscall+0x44/0x1b8
[<0>] el0t_64_sync_handler+0x100/0x130
[<0>] el0t_64_sync+0x188/0x190
--- tid=549838 wchan=futex_wait_queue
[<0>] futex_wait_queue+0x78/0xb0
[<0>] futex_wait+0xe8/0x1d0
[<0>] do_futex+0xec/0x1a0
[<0>] __arm64_sys_futex+0x80/0x198
[<0>] invoke_syscall+0x50/0x128
[<0>] el0_svc_common.constprop.0+0xc8/0xf0
[<0>] do_el0_svc+0x48/0x78
[<0>] el0_slow_syscall+0x44/0x1b8
[<0>] el0t_64_sync_handler+0x100/0x130
[<0>] el0t_64_sync+0x188/0x190
--- tid=549839 wchan=futex_wait_queue
[<0>] futex_wait_queue+0x78/0xb0
[<0>] futex_wait+0xe8/0x1d0
[<0>] do_futex+0xec/0x1a0
[<0>] __arm64_sys_futex+0x80/0x198
[<0>] invoke_syscall+0x50/0x128
[<0>] el0_svc_common.constprop.0+0xc8/0xf0
[<0>] do_el0_svc+0x48/0x78
[<0>] el0_slow_syscall+0x44/0x1b8
[<0>] el0t_64_sync_handler+0x100/0x130
[<0>] el0t_64_sync+0x188/0x190
--- tid=549840 wchan=futex_wait_queue
[<0>] futex_wait_queue+0x78/0xb0
[<0>] futex_wait+0xe8/0x1d0
[<0>] do_futex+0xec/0x1a0
[<0>] __arm64_sys_futex+0x80/0x198
[<0>] invoke_syscall+0x50/0x128
[<0>] el0_svc_common.constprop.0+0xc8/0xf0
[<0>] do_el0_svc+0x48/0x78
[<0>] el0_slow_syscall+0x44/0x1b8
[<0>] el0t_64_sync_handler+0x100/0x130
[<0>] el0t_64_sync+0x188/0x190
--- tid=549841 wchan=futex_wait_queue
[<0>] futex_wait_queue+0x78/0xb0
[<0>] futex_wait+0xe8/0x1d0
[<0>] do_futex+0xec/0x1a0
[<0>] __arm64_sys_futex+0x80/0x198
[<0>] invoke_syscall+0x50/0x128
[<0>] el0_svc_common.constprop.0+0xc8/0xf0
[<0>] do_el0_svc+0x48/0x78
[<0>] el0_slow_syscall+0x44/0x1b8
[<0>] el0t_64_sync_handler+0x100/0x130
[<0>] el0t_64_sync+0x188/0x190
--- tid=549882 wchan=ep_poll
[<0>] ep_poll+0x300/0x498
[<0>] do_epoll_wait+0x100/0x128
[<0>] do_epoll_pwait.part.0+0x1c/0xb8
[<0>] __arm64_sys_epoll_pwait+0x7c/0x128
[<0>] invoke_syscall+0x50/0x128
[<0>] el0_svc_common.constprop.0+0xc8/0xf0
[<0>] do_el0_svc+0x48/0x78
[<0>] el0_slow_syscall+0x44/0x1b8
[<0>] el0t_64_sync_handler+0x100/0x130
[<0>] el0t_64_sync+0x188/0x190
--- tid=549888 wchan=hrtimer_nanosleep
[<0>] hrtimer_nanosleep+0x80/0x100
[<0>] common_nsleep+0x4c/0x80
[<0>] __arm64_sys_clock_nanosleep+0xd4/0x158
[<0>] invoke_syscall+0x50/0x128
[<0>] el0_svc_common.constprop.0+0xc8/0xf0
[<0>] do_el0_svc+0x48/0x78
[<0>] el0_slow_syscall+0x44/0x1b8
[<0>] el0t_64_sync_handler+0x100/0x130
[<0>] el0t_64_sync+0x188/0x190
--- tid=549889 wchan=hrtimer_nanosleep
[<0>] hrtimer_nanosleep+0x80/0x100
[<0>] common_nsleep+0x4c/0x80
[<0>] __arm64_sys_clock_nanosleep+0xd4/0x158
[<0>] invoke_syscall+0x50/0x128
[<0>] el0_svc_common.constprop.0+0xc8/0xf0
[<0>] do_el0_svc+0x48/0x78
[<0>] el0_slow_syscall+0x44/0x1b8
[<0>] el0t_64_sync_handler+0x100/0x130
[<0>] el0t_64_sync+0x188/0x190
--- tid=549891 wchan=hrtimer_nanosleep
[<0>] hrtimer_nanosleep+0x80/0x100
[<0>] common_nsleep+0x4c/0x80
[<0>] __arm64_sys_clock_nanosleep+0xd4/0x158
[<0>] invoke_syscall+0x50/0x128
[<0>] el0_svc_common.constprop.0+0xc8/0xf0
[<0>] do_el0_svc+0x48/0x78
[<0>] el0_slow_syscall+0x44/0x1b8
[<0>] el0t_64_sync_handler+0x100/0x130
[<0>] el0t_64_sync+0x188/0x190
--- tid=550157 wchan=futex_wait_queue
[<0>] futex_wait_queue+0x78/0xb0
[<0>] futex_wait+0xe8/0x1d0
[<0>] do_futex+0xec/0x1a0
[<0>] __arm64_sys_futex+0x80/0x198
[<0>] invoke_syscall+0x50/0x128
[<0>] el0_svc_common.constprop.0+0xc8/0xf0
[<0>] do_el0_svc+0x48/0x78
[<0>] el0_slow_syscall+0x44/0x1b8
[<0>] el0t_64_sync_handler+0x100/0x130
[<0>] el0t_64_sync+0x188/0x190
--- tid=550158 wchan=futex_wait_queue
[<0>] futex_wait_queue+0x78/0xb0
[<0>] futex_wait+0xe8/0x1d0
[<0>] do_futex+0xec/0x1a0
[<0>] __arm64_sys_futex+0x80/0x198
[<0>] invoke_syscall+0x50/0x128
[<0>] el0_svc_common.constprop.0+0xc8/0xf0
[<0>] do_el0_svc+0x48/0x78
[<0>] el0_slow_syscall+0x44/0x1b8
[<0>] el0t_64_sync_handler+0x100/0x130
[<0>] el0t_64_sync+0x188/0x190
--- tid=550159 wchan=futex_wait_queue
[<0>] futex_wait_queue+0x78/0xb0
[<0>] futex_wait+0xe8/0x1d0
[<0>] do_futex+0xec/0x1a0
[<0>] __arm64_sys_futex+0x80/0x198
[<0>] invoke_syscall+0x50/0x128
[<0>] el0_svc_common.constprop.0+0xc8/0xf0
[<0>] do_el0_svc+0x48/0x78
[<0>] el0_slow_syscall+0x44/0x1b8
[<0>] el0t_64_sync_handler+0x100/0x130
[<0>] el0t_64_sync+0x188/0x190
--- tid=550160 wchan=futex_wait_queue
[<0>] futex_wait_queue+0x78/0xb0
[<0>] futex_wait+0xe8/0x1d0
[<0>] do_futex+0xec/0x1a0
[<0>] __arm64_sys_futex+0x80/0x198
[<0>] invoke_syscall+0x50/0x128
[<0>] el0_svc_common.constprop.0+0xc8/0xf0
[<0>] do_el0_svc+0x48/0x78
[<0>] el0_slow_syscall+0x44/0x1b8
[<0>] el0t_64_sync_handler+0x100/0x130
[<0>] el0t_64_sync+0x188/0x190
--- tid=550161 wchan=futex_wait_queue
[<0>] futex_wait_queue+0x78/0xb0
[<0>] futex_wait+0xe8/0x1d0
[<0>] do_futex+0xec/0x1a0
[<0>] __arm64_sys_futex+0x80/0x198
[<0>] invoke_syscall+0x50/0x128
[<0>] el0_svc_common.constprop.0+0xc8/0xf0
[<0>] do_el0_svc+0x48/0x78
[<0>] el0_slow_syscall+0x44/0x1b8
[<0>] el0t_64_sync_handler+0x100/0x130
[<0>] el0t_64_sync+0x188/0x190
--- tid=550162 wchan=futex_wait_queue
[<0>] futex_wait_queue+0x78/0xb0
[<0>] futex_wait+0xe8/0x1d0
[<0>] do_futex+0xec/0x1a0
[<0>] __arm64_sys_futex+0x80/0x198
[<0>] invoke_syscall+0x50/0x128
[<0>] el0_svc_common.constprop.0+0xc8/0xf0
[<0>] do_el0_svc+0x48/0x78
[<0>] el0_slow_syscall+0x44/0x1b8
[<0>] el0t_64_sync_handler+0x100/0x130
[<0>] el0t_64_sync+0x188/0x190
--- tid=550163 wchan=futex_wait_queue
[<0>] futex_wait_queue+0x78/0xb0
[<0>] futex_wait+0xe8/0x1d0
[<0>] do_futex+0xec/0x1a0
[<0>] __arm64_sys_futex+0x80/0x198
[<0>] invoke_syscall+0x50/0x128
[<0>] el0_svc_common.constprop.0+0xc8/0xf0
[<0>] do_el0_svc+0x48/0x78
[<0>] el0_slow_syscall+0x44/0x1b8
[<0>] el0t_64_sync_handler+0x100/0x130
[<0>] el0t_64_sync+0x188/0x190
--- tid=550164 wchan=futex_wait_queue
[<0>] futex_wait_queue+0x78/0xb0
[<0>] futex_wait+0xe8/0x1d0
[<0>] do_futex+0xec/0x1a0
[<0>] __arm64_sys_futex+0x80/0x198
[<0>] invoke_syscall+0x50/0x128
[<0>] el0_svc_common.constprop.0+0xc8/0xf0
[<0>] do_el0_svc+0x48/0x78
[<0>] el0_slow_syscall+0x44/0x1b8
[<0>] el0t_64_sync_handler+0x100/0x130
[<0>] el0t_64_sync+0x188/0x190
--- tid=550165 wchan=futex_wait_queue
[<0>] futex_wait_queue+0x78/0xb0
[<0>] futex_wait+0xe8/0x1d0
[<0>] do_futex+0xec/0x1a0
[<0>] __arm64_sys_futex+0x80/0x198
[<0>] invoke_syscall+0x50/0x128
[<0>] el0_svc_common.constprop.0+0xc8/0xf0
[<0>] do_el0_svc+0x48/0x78
[<0>] el0_slow_syscall+0x44/0x1b8
[<0>] el0t_64_sync_handler+0x100/0x130
[<0>] el0t_64_sync+0x188/0x190
--- tid=550237 wchan=do_sigtimedwait
[<0>] do_sigtimedwait+0x1d4/0x2a8
[<0>] __se_sys_rt_sigtimedwait+0x94/0x160
[<0>] __arm64_sys_rt_sigtimedwait+0x24/0x38
[<0>] invoke_syscall+0x50/0x128
[<0>] el0_svc_common.constprop.0+0xc8/0xf0
[<0>] do_el0_svc+0x48/0x78
[<0>] el0_slow_syscall+0x44/0x1b8
[<0>] el0t_64_sync_handler+0x100/0x130
[<0>] el0t_64_sync+0x188/0x190
--- tid=550331 wchan=futex_wait_queue
[<0>] futex_wait_queue+0x78/0xb0
[<0>] futex_wait+0xe8/0x1d0
[<0>] do_futex+0xec/0x1a0
[<0>] __arm64_sys_futex+0x80/0x198
[<0>] invoke_syscall+0x50/0x128
[<0>] el0_svc_common.constprop.0+0xc8/0xf0
[<0>] do_el0_svc+0x48/0x78
[<0>] el0_slow_syscall+0x44/0x1b8
[<0>] el0t_64_sync_handler+0x100/0x130
[<0>] el0t_64_sync+0x188/0x190
--- tid=550332 wchan=futex_wait_queue
[<0>] futex_wait_queue+0x78/0xb0
[<0>] futex_wait+0xe8/0x1d0
[<0>] do_futex+0xec/0x1a0
[<0>] __arm64_sys_futex+0x80/0x198
[<0>] invoke_syscall+0x50/0x128
[<0>] el0_svc_common.constprop.0+0xc8/0xf0
[<0>] do_el0_svc+0x48/0x78
[<0>] el0_slow_syscall+0x44/0x1b8
[<0>] el0t_64_sync_handler+0x100/0x130
[<0>] el0t_64_sync+0x188/0x190
--- tid=550333 wchan=ep_poll
[<0>] ep_poll+0x300/0x498
[<0>] do_epoll_wait+0x100/0x128
[<0>] do_epoll_pwait.part.0+0x1c/0xb8
[<0>] __arm64_sys_epoll_pwait+0x7c/0x128
[<0>] invoke_syscall+0x50/0x128
[<0>] el0_svc_common.constprop.0+0xc8/0xf0
[<0>] do_el0_svc+0x48/0x78
[<0>] el0_slow_syscall+0x44/0x1b8
[<0>] el0t_64_sync_handler+0x100/0x130
[<0>] el0t_64_sync+0x188/0x190
--- tid=550334 wchan=hdcdrv_ub_cmd_wait_ctrl_msg
[<0>] hdcdrv_ub_cmd_wait_ctrl_msg+0x378/0x440 [drv_pcie_hdc_host]
[<0>] hdcdrv_ioctl+0x108/0x510 [drv_pcie_hdc_host]
[<0>] drv_ascend_intf_ioctl+0x7c/0x2b8 [asdrv_pbl]
[<0>] __arm64_sys_ioctl+0xb4/0x100
[<0>] invoke_syscall+0x50/0x128
[<0>] el0_svc_common.constprop.0+0xc8/0xf0
[<0>] do_el0_svc+0x48/0x78
[<0>] el0_slow_syscall+0x44/0x1b8
[<0>] el0t_64_sync_handler+0x100/0x130
[<0>] el0t_64_sync+0x188/0x190
--- tid=550335 wchan=ep_poll
[<0>] ep_poll+0x300/0x498
[<0>] do_epoll_wait+0x100/0x128
[<0>] do_epoll_pwait.part.0+0x1c/0xb8
[<0>] __arm64_sys_epoll_pwait+0x7c/0x128
[<0>] invoke_syscall+0x50/0x128
[<0>] el0_svc_common.constprop.0+0xc8/0xf0
[<0>] do_el0_svc+0x48/0x78
[<0>] el0_slow_syscall+0x44/0x1b8
[<0>] el0t_64_sync_handler+0x100/0x130
[<0>] el0t_64_sync+0x188/0x190
--- tid=550336 wchan=hdcdrv_ub_cmd_wait_ctrl_msg
[<0>] hdcdrv_ub_cmd_wait_ctrl_msg+0x378/0x440 [drv_pcie_hdc_host]
[<0>] hdcdrv_ioctl+0x108/0x510 [drv_pcie_hdc_host]
[<0>] drv_ascend_intf_ioctl+0x7c/0x2b8 [asdrv_pbl]
[<0>] __arm64_sys_ioctl+0xb4/0x100
[<0>] invoke_syscall+0x50/0x128
[<0>] el0_svc_common.constprop.0+0xc8/0xf0
[<0>] do_el0_svc+0x48/0x78
[<0>] el0_slow_syscall+0x44/0x1b8
[<0>] el0t_64_sync_handler+0x100/0x130
[<0>] el0t_64_sync+0x188/0x190
--- tid=550337 wchan=hdcdrv_ub_cmd_wait_ctrl_msg
[<0>] hdcdrv_ub_cmd_wait_ctrl_msg+0x378/0x440 [drv_pcie_hdc_host]
[<0>] hdcdrv_ioctl+0x108/0x510 [drv_pcie_hdc_host]
[<0>] drv_ascend_intf_ioctl+0x7c/0x2b8 [asdrv_pbl]
[<0>] __arm64_sys_ioctl+0xb4/0x100
[<0>] invoke_syscall+0x50/0x128
[<0>] el0_svc_common.constprop.0+0xc8/0xf0
[<0>] do_el0_svc+0x48/0x78
[<0>] el0_slow_syscall+0x44/0x1b8
[<0>] el0t_64_sync_handler+0x100/0x130
[<0>] el0t_64_sync+0x188/0x190
--- tid=550338 wchan=hdcdrv_ub_cmd_wait_ctrl_msg
[<0>] hdcdrv_ub_cmd_wait_ctrl_msg+0x378/0x440 [drv_pcie_hdc_host]
[<0>] hdcdrv_ioctl+0x108/0x510 [drv_pcie_hdc_host]
[<0>] drv_ascend_intf_ioctl+0x7c/0x2b8 [asdrv_pbl]
[<0>] __arm64_sys_ioctl+0xb4/0x100
[<0>] invoke_syscall+0x50/0x128
[<0>] el0_svc_common.constprop.0+0xc8/0xf0
[<0>] do_el0_svc+0x48/0x78
[<0>] el0_slow_syscall+0x44/0x1b8
[<0>] el0t_64_sync_handler+0x100/0x130
[<0>] el0t_64_sync+0x188/0x190
--- tid=550339 wchan=hdcdrv_ub_cmd_wait_ctrl_msg
[<0>] hdcdrv_ub_cmd_wait_ctrl_msg+0x378/0x440 [drv_pcie_hdc_host]
[<0>] hdcdrv_ioctl+0x108/0x510 [drv_pcie_hdc_host]
[<0>] drv_ascend_intf_ioctl+0x7c/0x2b8 [asdrv_pbl]
[<0>] __arm64_sys_ioctl+0xb4/0x100
[<0>] invoke_syscall+0x50/0x128
[<0>] el0_svc_common.constprop.0+0xc8/0xf0
[<0>] do_el0_svc+0x48/0x78
[<0>] el0_slow_syscall+0x44/0x1b8
[<0>] el0t_64_sync_handler+0x100/0x130
[<0>] el0t_64_sync+0x188/0x190
--- tid=550340 wchan=hdcdrv_ub_cmd_wait_ctrl_msg
[<0>] hdcdrv_ub_cmd_wait_ctrl_msg+0x378/0x440 [drv_pcie_hdc_host]
[<0>] hdcdrv_ioctl+0x108/0x510 [drv_pcie_hdc_host]
[<0>] drv_ascend_intf_ioctl+0x7c/0x2b8 [asdrv_pbl]
[<0>] __arm64_sys_ioctl+0xb4/0x100
[<0>] invoke_syscall+0x50/0x128
[<0>] el0_svc_common.constprop.0+0xc8/0xf0
[<0>] do_el0_svc+0x48/0x78
[<0>] el0_slow_syscall+0x44/0x1b8
[<0>] el0t_64_sync_handler+0x100/0x130
[<0>] el0t_64_sync+0x188/0x190
--- tid=550341 wchan=hdcdrv_ub_cmd_wait_ctrl_msg
[<0>] hdcdrv_ub_cmd_wait_ctrl_msg+0x378/0x440 [drv_pcie_hdc_host]
[<0>] hdcdrv_ioctl+0x108/0x510 [drv_pcie_hdc_host]
[<0>] drv_ascend_intf_ioctl+0x7c/0x2b8 [asdrv_pbl]
[<0>] __arm64_sys_ioctl+0xb4/0x100
[<0>] invoke_syscall+0x50/0x128
[<0>] el0_svc_common.constprop.0+0xc8/0xf0
[<0>] do_el0_svc+0x48/0x78
[<0>] el0_slow_syscall+0x44/0x1b8
[<0>] el0t_64_sync_handler+0x100/0x130
[<0>] el0t_64_sync+0x188/0x190
--- tid=550342 wchan=hdcdrv_ub_cmd_wait_ctrl_msg
[<0>] hdcdrv_ub_cmd_wait_ctrl_msg+0x378/0x440 [drv_pcie_hdc_host]
[<0>] hdcdrv_ioctl+0x108/0x510 [drv_pcie_hdc_host]
[<0>] drv_ascend_intf_ioctl+0x7c/0x2b8 [asdrv_pbl]
[<0>] __arm64_sys_ioctl+0xb4/0x100
[<0>] invoke_syscall+0x50/0x128
[<0>] el0_svc_common.constprop.0+0xc8/0xf0
[<0>] do_el0_svc+0x48/0x78
[<0>] el0_slow_syscall+0x44/0x1b8
[<0>] el0t_64_sync_handler+0x100/0x130
[<0>] el0t_64_sync+0x188/0x190
--- tid=550347 wchan=futex_wait_queue
[<0>] futex_wait_queue+0x78/0xb0
[<0>] futex_wait+0xe8/0x1d0
[<0>] do_futex+0xec/0x1a0
[<0>] __arm64_sys_futex+0x80/0x198
[<0>] invoke_syscall+0x50/0x128
[<0>] el0_svc_common.constprop.0+0xc8/0xf0
[<0>] do_el0_svc+0x48/0x78
[<0>] el0_slow_syscall+0x44/0x1b8
[<0>] el0t_64_sync_handler+0x100/0x130
[<0>] el0t_64_sync+0x188/0x190
--- tid=550352 wchan=futex_wait_queue
[<0>] futex_wait_queue+0x78/0xb0
[<0>] futex_wait+0xe8/0x1d0
[<0>] do_futex+0xec/0x1a0
[<0>] __arm64_sys_futex+0x80/0x198
[<0>] invoke_syscall+0x50/0x128
[<0>] el0_svc_common.constprop.0+0xc8/0xf0
[<0>] do_el0_svc+0x48/0x78
[<0>] el0_slow_syscall+0x44/0x1b8
[<0>] el0t_64_sync_handler+0x100/0x130
[<0>] el0t_64_sync+0x188/0x190
--- tid=550412 wchan=sched_wait_event
[<0>] sched_wait_event+0x6e0/0x2220 [asdrv_esched]
[<0>] sched_fop_wait_event+0x90/0x190 [asdrv_esched]
[<0>] _sched_fop_ioctl+0x58/0x198 [asdrv_esched]
[<0>] sched_fop_ioctl+0xc0/0x168 [asdrv_esched]
[<0>] drv_ascend_intf_ioctl+0x7c/0x2b8 [asdrv_pbl]
[<0>] __arm64_sys_ioctl+0xb4/0x100
[<0>] invoke_syscall+0x50/0x128
[<0>] el0_svc_common.constprop.0+0xc8/0xf0
[<0>] do_el0_svc+0x48/0x78
[<0>] el0_slow_syscall+0x44/0x1b8
[<0>] el0t_64_sync_handler+0x100/0x130
[<0>] el0t_64_sync+0x188/0x190
--- tid=550450 wchan=ep_poll
[<0>] ep_poll+0x300/0x498
[<0>] do_epoll_wait+0x100/0x128
[<0>] do_epoll_pwait.part.0+0x1c/0xb8
[<0>] __arm64_sys_epoll_pwait+0x7c/0x128
[<0>] invoke_syscall+0x50/0x128
[<0>] el0_svc_common.constprop.0+0xc8/0xf0
[<0>] do_el0_svc+0x48/0x78
[<0>] el0_slow_syscall+0x44/0x1b8
[<0>] el0t_64_sync_handler+0x100/0x130
[<0>] el0t_64_sync+0x188/0x190
--- tid=550452 wchan=hrtimer_nanosleep
[<0>] hrtimer_nanosleep+0x80/0x100
[<0>] common_nsleep+0x4c/0x80
[<0>] __arm64_sys_clock_nanosleep+0xd4/0x158
[<0>] invoke_syscall+0x50/0x128
[<0>] el0_svc_common.constprop.0+0xc8/0xf0
[<0>] do_el0_svc+0x48/0x78
[<0>] el0_slow_syscall+0x44/0x1b8
[<0>] el0t_64_sync_handler+0x100/0x130
[<0>] el0t_64_sync+0x188/0x190
--- tid=550454 wchan=dms_event_wait_interrupt
[<0>] dms_event_wait_interrupt+0xb8/0x230 [asdrv_fms]
[<0>] dms_event_get_exception+0x88/0x238 [asdrv_fms]
[<0>] dms_event_get_fault_event+0xd8/0x448 [asdrv_fms]
[<0>] urd_feature_handle+0x74/0x220 [asdrv_pbl]
[<0>] dms_feature_process+0xc0/0x390 [asdrv_pbl]
[<0>] dms_cmd_process+0x110/0x260 [asdrv_pbl]
[<0>] dms_ioctl+0x1b4/0x260 [asdrv_pbl]
[<0>] drv_ascend_intf_ioctl+0x7c/0x2b8 [asdrv_pbl]
[<0>] __arm64_sys_ioctl+0xb4/0x100
[<0>] invoke_syscall+0x50/0x128
[<0>] el0_svc_common.constprop.0+0xc8/0xf0
[<0>] do_el0_svc+0x48/0x78
--- tid=550456 wchan=futex_wait_queue
[<0>] futex_wait_queue+0x78/0xb0
[<0>] futex_wait+0xe8/0x1d0
[<0>] do_futex+0xec/0x1a0
[<0>] __arm64_sys_futex+0x80/0x198
[<0>] invoke_syscall+0x50/0x128
[<0>] el0_svc_common.constprop.0+0xc8/0xf0
[<0>] do_el0_svc+0x48/0x78
[<0>] el0_slow_syscall+0x44/0x1b8
[<0>] el0t_64_sync_handler+0x100/0x130
[<0>] el0t_64_sync+0x188/0x190
--- tid=550461 wchan=do_wait_intr_irq
[<0>] do_wait_intr_irq+0x94/0x168
[<0>] eventfd_read+0xc0/0x2c8
[<0>] new_sync_read+0xac/0x148
[<0>] vfs_read+0x194/0x1e8
[<0>] ksys_read+0x78/0x118
[<0>] __arm64_sys_read+0x24/0x38
[<0>] invoke_syscall+0x50/0x128
[<0>] el0_svc_common.constprop.0+0xc8/0xf0
[<0>] do_el0_svc+0x48/0x78
[<0>] el0_slow_syscall+0x44/0x1b8
[<0>] el0t_64_sync_handler+0x100/0x130
[<0>] el0t_64_sync+0x188/0x190
--- tid=550462 wchan=do_select
[<0>] do_select+0x424/0x618
[<0>] core_sys_select+0x1dc/0x510
[<0>] __se_sys_pselect6+0x104/0x1c8
[<0>] __arm64_sys_pselect6+0x28/0x48
[<0>] invoke_syscall+0x50/0x128
[<0>] el0_svc_common.constprop.0+0xc8/0xf0
[<0>] do_el0_svc+0x48/0x78
[<0>] el0_slow_syscall+0x44/0x1b8
[<0>] el0t_64_sync_handler+0x100/0x130
[<0>] el0t_64_sync+0x188/0x190
--- tid=550468 wchan=futex_wait_queue
[<0>] futex_wait_queue+0x78/0xb0
[<0>] futex_wait+0xe8/0x1d0
[<0>] do_futex+0xec/0x1a0
[<0>] __arm64_sys_futex+0x80/0x198
[<0>] invoke_syscall+0x50/0x128
[<0>] el0_svc_common.constprop.0+0xc8/0xf0
[<0>] do_el0_svc+0x48/0x78
[<0>] el0_slow_syscall+0x44/0x1b8
[<0>] el0t_64_sync_handler+0x100/0x130
[<0>] el0t_64_sync+0x188/0x190
--- tid=550469 wchan=futex_wait_queue
[<0>] futex_wait_queue+0x78/0xb0
[<0>] futex_wait+0xe8/0x1d0
[<0>] do_futex+0xec/0x1a0
[<0>] __arm64_sys_futex+0x80/0x198
[<0>] invoke_syscall+0x50/0x128
[<0>] el0_svc_common.constprop.0+0xc8/0xf0
[<0>] do_el0_svc+0x48/0x78
[<0>] el0_slow_syscall+0x44/0x1b8
[<0>] el0t_64_sync_handler+0x100/0x130
[<0>] el0t_64_sync+0x188/0x190
--- tid=550470 wchan=futex_wait_queue
[<0>] futex_wait_queue+0x78/0xb0
[<0>] futex_wait+0xe8/0x1d0
[<0>] do_futex+0xec/0x1a0
[<0>] __arm64_sys_futex+0x80/0x198
[<0>] invoke_syscall+0x50/0x128
[<0>] el0_svc_common.constprop.0+0xc8/0xf0
[<0>] do_el0_svc+0x48/0x78
[<0>] el0_slow_syscall+0x44/0x1b8
[<0>] el0t_64_sync_handler+0x100/0x130
[<0>] el0t_64_sync+0x188/0x190
--- tid=550471 wchan=futex_wait_queue
[<0>] futex_wait_queue+0x78/0xb0
[<0>] futex_wait+0xe8/0x1d0
[<0>] do_futex+0xec/0x1a0
[<0>] __arm64_sys_futex+0x80/0x198
[<0>] invoke_syscall+0x50/0x128
[<0>] el0_svc_common.constprop.0+0xc8/0xf0
[<0>] do_el0_svc+0x48/0x78
[<0>] el0_slow_syscall+0x44/0x1b8
[<0>] el0t_64_sync_handler+0x100/0x130
[<0>] el0t_64_sync+0x188/0x190
--- tid=550472 wchan=futex_wait_queue
[<0>] futex_wait_queue+0x78/0xb0
[<0>] futex_wait+0xe8/0x1d0
[<0>] do_futex+0xec/0x1a0
[<0>] __arm64_sys_futex+0x80/0x198
[<0>] invoke_syscall+0x50/0x128
[<0>] el0_svc_common.constprop.0+0xc8/0xf0
[<0>] do_el0_svc+0x48/0x78
[<0>] el0_slow_syscall+0x44/0x1b8
[<0>] el0t_64_sync_handler+0x100/0x130
[<0>] el0t_64_sync+0x188/0x190
--- tid=550473 wchan=futex_wait_queue
[<0>] futex_wait_queue+0x78/0xb0
[<0>] futex_wait+0xe8/0x1d0
[<0>] do_futex+0xec/0x1a0
[<0>] __arm64_sys_futex+0x80/0x198
[<0>] invoke_syscall+0x50/0x128
[<0>] el0_svc_common.constprop.0+0xc8/0xf0
[<0>] do_el0_svc+0x48/0x78
[<0>] el0_slow_syscall+0x44/0x1b8
[<0>] el0t_64_sync_handler+0x100/0x130
[<0>] el0t_64_sync+0x188/0x190
--- tid=550474 wchan=futex_wait_queue
[<0>] futex_wait_queue+0x78/0xb0
[<0>] futex_wait+0xe8/0x1d0
[<0>] do_futex+0xec/0x1a0
[<0>] __arm64_sys_futex+0x80/0x198
[<0>] invoke_syscall+0x50/0x128
[<0>] el0_svc_common.constprop.0+0xc8/0xf0
[<0>] do_el0_svc+0x48/0x78
[<0>] el0_slow_syscall+0x44/0x1b8
[<0>] el0t_64_sync_handler+0x100/0x130
[<0>] el0t_64_sync+0x188/0x190
--- tid=550475 wchan=futex_wait_queue
[<0>] futex_wait_queue+0x78/0xb0
[<0>] futex_wait+0xe8/0x1d0
[<0>] do_futex+0xec/0x1a0
[<0>] __arm64_sys_futex+0x80/0x198
[<0>] invoke_syscall+0x50/0x128
[<0>] el0_svc_common.constprop.0+0xc8/0xf0
[<0>] do_el0_svc+0x48/0x78
[<0>] el0_slow_syscall+0x44/0x1b8
[<0>] el0t_64_sync_handler+0x100/0x130
[<0>] el0t_64_sync+0x188/0x190
--- tid=550487 wchan=futex_wait_queue
[<0>] futex_wait_queue+0x78/0xb0
[<0>] futex_wait+0xe8/0x1d0
[<0>] do_futex+0xec/0x1a0
[<0>] __arm64_sys_futex+0x80/0x198
[<0>] invoke_syscall+0x50/0x128
[<0>] el0_svc_common.constprop.0+0xc8/0xf0
[<0>] do_el0_svc+0x48/0x78
[<0>] el0_slow_syscall+0x44/0x1b8
[<0>] el0t_64_sync_handler+0x100/0x130
[<0>] el0t_64_sync+0x188/0x190
--- tid=550506 wchan=futex_wait_queue
[<0>] futex_wait_queue+0x78/0xb0
[<0>] futex_wait+0xe8/0x1d0
[<0>] do_futex+0xec/0x1a0
[<0>] __arm64_sys_futex+0x80/0x198
[<0>] invoke_syscall+0x50/0x128
[<0>] el0_svc_common.constprop.0+0xc8/0xf0
[<0>] do_el0_svc+0x48/0x78
[<0>] el0_slow_syscall+0x44/0x1b8
[<0>] el0t_64_sync_handler+0x100/0x130
[<0>] el0t_64_sync+0x188/0x190
--- tid=550507 wchan=futex_wait_queue
[<0>] futex_wait_queue+0x78/0xb0
[<0>] futex_wait+0xe8/0x1d0
[<0>] do_futex+0xec/0x1a0
[<0>] __arm64_sys_futex+0x80/0x198
[<0>] invoke_syscall+0x50/0x128
[<0>] el0_svc_common.constprop.0+0xc8/0xf0
[<0>] do_el0_svc+0x48/0x78
[<0>] el0_slow_syscall+0x44/0x1b8
[<0>] el0t_64_sync_handler+0x100/0x130
[<0>] el0t_64_sync+0x188/0x190
--- tid=550508 wchan=ep_poll
[<0>] ep_poll+0x300/0x498
[<0>] do_epoll_wait+0x100/0x128
[<0>] do_epoll_pwait.part.0+0x1c/0xb8
[<0>] __arm64_sys_epoll_pwait+0x7c/0x128
[<0>] invoke_syscall+0x50/0x128
[<0>] el0_svc_common.constprop.0+0xc8/0xf0
[<0>] do_el0_svc+0x48/0x78
[<0>] el0_slow_syscall+0x44/0x1b8
[<0>] el0t_64_sync_handler+0x100/0x130
[<0>] el0t_64_sync+0x188/0x190
--- tid=550591 wchan=futex_wait_queue
[<0>] futex_wait_queue+0x78/0xb0
[<0>] futex_wait+0xe8/0x1d0
[<0>] do_futex+0xec/0x1a0
[<0>] __arm64_sys_futex+0x80/0x198
[<0>] invoke_syscall+0x50/0x128
[<0>] el0_svc_common.constprop.0+0xc8/0xf0
[<0>] do_el0_svc+0x48/0x78
[<0>] el0_slow_syscall+0x44/0x1b8
[<0>] el0t_64_sync_handler+0x100/0x130
[<0>] el0t_64_sync+0x188/0x190
--- tid=550592 wchan=futex_wait_queue
[<0>] futex_wait_queue+0x78/0xb0
[<0>] futex_wait+0xe8/0x1d0
[<0>] do_futex+0xec/0x1a0
[<0>] __arm64_sys_futex+0x80/0x198
[<0>] invoke_syscall+0x50/0x128
[<0>] el0_svc_common.constprop.0+0xc8/0xf0
[<0>] do_el0_svc+0x48/0x78
[<0>] el0_slow_syscall+0x44/0x1b8
[<0>] el0t_64_sync_handler+0x100/0x130
[<0>] el0t_64_sync+0x188/0x190
--- tid=550599 wchan=futex_wait_queue
[<0>] futex_wait_queue+0x78/0xb0
[<0>] futex_wait+0xe8/0x1d0
[<0>] do_futex+0xec/0x1a0
[<0>] __arm64_sys_futex+0x80/0x198
[<0>] invoke_syscall+0x50/0x128
[<0>] el0_svc_common.constprop.0+0xc8/0xf0
[<0>] do_el0_svc+0x48/0x78
[<0>] el0_slow_syscall+0x44/0x1b8
[<0>] el0t_64_sync_handler+0x100/0x130
[<0>] el0t_64_sync+0x188/0x190
--- tid=550607 wchan=ep_poll
[<0>] ep_poll+0x300/0x498
[<0>] do_epoll_wait+0x100/0x128
[<0>] do_epoll_pwait.part.0+0x1c/0xb8
[<0>] __arm64_sys_epoll_pwait+0x7c/0x128
[<0>] invoke_syscall+0x50/0x128
[<0>] el0_svc_common.constprop.0+0xc8/0xf0
[<0>] do_el0_svc+0x48/0x78
[<0>] el0_slow_syscall+0x44/0x1b8
[<0>] el0t_64_sync_handler+0x100/0x130
[<0>] el0t_64_sync+0x188/0x190
--- tid=550613 wchan=futex_wait_queue
[<0>] futex_wait_queue+0x78/0xb0
[<0>] futex_wait+0xe8/0x1d0
[<0>] do_futex+0xec/0x1a0
[<0>] __arm64_sys_futex+0x80/0x198
[<0>] invoke_syscall+0x50/0x128
[<0>] el0_svc_common.constprop.0+0xc8/0xf0
[<0>] do_el0_svc+0x48/0x78
[<0>] el0_slow_syscall+0x44/0x1b8
[<0>] el0t_64_sync_handler+0x100/0x130
[<0>] el0t_64_sync+0x188/0x190
--- tid=550614 wchan=futex_wait_queue
[<0>] futex_wait_queue+0x78/0xb0
[<0>] futex_wait+0xe8/0x1d0
[<0>] do_futex+0xec/0x1a0
[<0>] __arm64_sys_futex+0x80/0x198
[<0>] invoke_syscall+0x50/0x128
[<0>] el0_svc_common.constprop.0+0xc8/0xf0
[<0>] do_el0_svc+0x48/0x78
[<0>] el0_slow_syscall+0x44/0x1b8
[<0>] el0t_64_sync_handler+0x100/0x130
[<0>] el0t_64_sync+0x188/0x190
--- tid=550629 wchan=ep_poll
[<0>] ep_poll+0x300/0x498
[<0>] do_epoll_wait+0x100/0x128
[<0>] do_epoll_pwait.part.0+0x1c/0xb8
[<0>] __arm64_sys_epoll_pwait+0x7c/0x128
[<0>] invoke_syscall+0x50/0x128
[<0>] el0_svc_common.constprop.0+0xc8/0xf0
[<0>] do_el0_svc+0x48/0x78
[<0>] el0_slow_syscall+0x44/0x1b8
[<0>] el0t_64_sync_handler+0x100/0x130
[<0>] el0t_64_sync+0x188/0x190
--- tid=550635 wchan=ep_poll
[<0>] ep_poll+0x300/0x498
[<0>] do_epoll_wait+0x100/0x128
[<0>] do_epoll_pwait.part.0+0x1c/0xb8
[<0>] __arm64_sys_epoll_pwait+0x7c/0x128
[<0>] invoke_syscall+0x50/0x128
[<0>] el0_svc_common.constprop.0+0xc8/0xf0
[<0>] do_el0_svc+0x48/0x78
[<0>] el0_slow_syscall+0x44/0x1b8
[<0>] el0t_64_sync_handler+0x100/0x130
[<0>] el0t_64_sync+0x188/0x190
--- tid=550645 wchan=futex_wait_queue
[<0>] futex_wait_queue+0x78/0xb0
[<0>] futex_wait+0xe8/0x1d0
[<0>] do_futex+0xec/0x1a0
[<0>] __arm64_sys_futex+0x80/0x198
[<0>] invoke_syscall+0x50/0x128
[<0>] el0_svc_common.constprop.0+0xc8/0xf0
[<0>] do_el0_svc+0x48/0x78
[<0>] el0_slow_syscall+0x44/0x1b8
[<0>] el0t_64_sync_handler+0x100/0x130
[<0>] el0t_64_sync+0x188/0x190
--- tid=550652 wchan=ep_poll
[<0>] ep_poll+0x300/0x498
[<0>] do_epoll_wait+0x100/0x128
[<0>] do_epoll_pwait.part.0+0x1c/0xb8
[<0>] __arm64_sys_epoll_pwait+0x7c/0x128
[<0>] invoke_syscall+0x50/0x128
[<0>] el0_svc_common.constprop.0+0xc8/0xf0
[<0>] do_el0_svc+0x48/0x78
[<0>] el0_slow_syscall+0x44/0x1b8
[<0>] el0t_64_sync_handler+0x100/0x130
[<0>] el0t_64_sync+0x188/0x190
--- tid=550658 wchan=futex_wait_queue
[<0>] futex_wait_queue+0x78/0xb0
[<0>] futex_wait+0xe8/0x1d0
[<0>] do_futex+0xec/0x1a0
[<0>] __arm64_sys_futex+0x80/0x198
[<0>] invoke_syscall+0x50/0x128
[<0>] el0_svc_common.constprop.0+0xc8/0xf0
[<0>] do_el0_svc+0x48/0x78
[<0>] el0_slow_syscall+0x44/0x1b8
[<0>] el0t_64_sync_handler+0x100/0x130
[<0>] el0t_64_sync+0x188/0x190
--- tid=550662 wchan=futex_wait_queue
[<0>] futex_wait_queue+0x78/0xb0
[<0>] futex_wait+0xe8/0x1d0
[<0>] do_futex+0xec/0x1a0
[<0>] __arm64_sys_futex+0x80/0x198
[<0>] invoke_syscall+0x50/0x128
[<0>] el0_svc_common.constprop.0+0xc8/0xf0
[<0>] do_el0_svc+0x48/0x78
[<0>] el0_slow_syscall+0x44/0x1b8
[<0>] el0t_64_sync_handler+0x100/0x130
[<0>] el0t_64_sync+0x188/0x190
--- tid=550675 wchan=futex_wait_queue
[<0>] futex_wait_queue+0x78/0xb0
[<0>] futex_wait+0xe8/0x1d0
[<0>] do_futex+0xec/0x1a0
[<0>] __arm64_sys_futex+0x80/0x198
[<0>] invoke_syscall+0x50/0x128
[<0>] el0_svc_common.constprop.0+0xc8/0xf0
[<0>] do_el0_svc+0x48/0x78
[<0>] el0_slow_syscall+0x44/0x1b8
[<0>] el0t_64_sync_handler+0x100/0x130
[<0>] el0t_64_sync+0x188/0x190
--- tid=550685 wchan=ep_poll
[<0>] ep_poll+0x300/0x498
[<0>] do_epoll_wait+0x100/0x128
[<0>] do_epoll_pwait.part.0+0x1c/0xb8
[<0>] __arm64_sys_epoll_pwait+0x7c/0x128
[<0>] invoke_syscall+0x50/0x128
[<0>] el0_svc_common.constprop.0+0xc8/0xf0
[<0>] do_el0_svc+0x48/0x78
[<0>] el0_slow_syscall+0x44/0x1b8
[<0>] el0t_64_sync_handler+0x100/0x130
[<0>] el0t_64_sync+0x188/0x190
--- tid=550691 wchan=futex_wait_queue
[<0>] futex_wait_queue+0x78/0xb0
[<0>] futex_wait+0xe8/0x1d0
[<0>] do_futex+0xec/0x1a0
[<0>] __arm64_sys_futex+0x80/0x198
[<0>] invoke_syscall+0x50/0x128
[<0>] el0_svc_common.constprop.0+0xc8/0xf0
[<0>] do_el0_svc+0x48/0x78
[<0>] el0_slow_syscall+0x44/0x1b8
[<0>] el0t_64_sync_handler+0x100/0x130
[<0>] el0t_64_sync+0x188/0x190
--- tid=550697 wchan=futex_wait_queue
[<0>] futex_wait_queue+0x78/0xb0
[<0>] futex_wait+0xe8/0x1d0
[<0>] do_futex+0xec/0x1a0
[<0>] __arm64_sys_futex+0x80/0x198
[<0>] invoke_syscall+0x50/0x128
[<0>] el0_svc_common.constprop.0+0xc8/0xf0
[<0>] do_el0_svc+0x48/0x78
[<0>] el0_slow_syscall+0x44/0x1b8
[<0>] el0t_64_sync_handler+0x100/0x130
[<0>] el0t_64_sync+0x188/0x190
--- tid=550709 wchan=futex_wait_queue
[<0>] futex_wait_queue+0x78/0xb0
[<0>] futex_wait+0xe8/0x1d0
[<0>] do_futex+0xec/0x1a0
[<0>] __arm64_sys_futex+0x80/0x198
[<0>] invoke_syscall+0x50/0x128
[<0>] el0_svc_common.constprop.0+0xc8/0xf0
[<0>] do_el0_svc+0x48/0x78
[<0>] el0_slow_syscall+0x44/0x1b8
[<0>] el0t_64_sync_handler+0x100/0x130
[<0>] el0t_64_sync+0x188/0x190
--- tid=550718 wchan=ep_poll
[<0>] ep_poll+0x300/0x498
[<0>] do_epoll_wait+0x100/0x128
[<0>] do_epoll_pwait.part.0+0x1c/0xb8
[<0>] __arm64_sys_epoll_pwait+0x7c/0x128
[<0>] invoke_syscall+0x50/0x128
[<0>] el0_svc_common.constprop.0+0xc8/0xf0
[<0>] do_el0_svc+0x48/0x78
[<0>] el0_slow_syscall+0x44/0x1b8
[<0>] el0t_64_sync_handler+0x100/0x130
[<0>] el0t_64_sync+0x188/0x190
--- tid=550728 wchan=futex_wait_queue
[<0>] futex_wait_queue+0x78/0xb0
[<0>] futex_wait+0xe8/0x1d0
[<0>] do_futex+0xec/0x1a0
[<0>] __arm64_sys_futex+0x80/0x198
[<0>] invoke_syscall+0x50/0x128
[<0>] el0_svc_common.constprop.0+0xc8/0xf0
[<0>] do_el0_svc+0x48/0x78
[<0>] el0_slow_syscall+0x44/0x1b8
[<0>] el0t_64_sync_handler+0x100/0x130
[<0>] el0t_64_sync+0x188/0x190
--- tid=550735 wchan=futex_wait_queue
[<0>] futex_wait_queue+0x78/0xb0
[<0>] futex_wait+0xe8/0x1d0
[<0>] do_futex+0xec/0x1a0
[<0>] __arm64_sys_futex+0x80/0x198
[<0>] invoke_syscall+0x50/0x128
[<0>] el0_svc_common.constprop.0+0xc8/0xf0
[<0>] do_el0_svc+0x48/0x78
[<0>] el0_slow_syscall+0x44/0x1b8
[<0>] el0t_64_sync_handler+0x100/0x130
[<0>] el0t_64_sync+0x188/0x190
--- tid=550740 wchan=futex_wait_queue
[<0>] futex_wait_queue+0x78/0xb0
[<0>] futex_wait+0xe8/0x1d0
[<0>] do_futex+0xec/0x1a0
[<0>] __arm64_sys_futex+0x80/0x198
[<0>] invoke_syscall+0x50/0x128
[<0>] el0_svc_common.constprop.0+0xc8/0xf0
[<0>] do_el0_svc+0x48/0x78
[<0>] el0_slow_syscall+0x44/0x1b8
[<0>] el0t_64_sync_handler+0x100/0x130
[<0>] el0t_64_sync+0x188/0x190
--- tid=550747 wchan=ep_poll
[<0>] ep_poll+0x300/0x498
[<0>] do_epoll_wait+0x100/0x128
[<0>] do_epoll_pwait.part.0+0x1c/0xb8
[<0>] __arm64_sys_epoll_pwait+0x7c/0x128
[<0>] invoke_syscall+0x50/0x128
[<0>] el0_svc_common.constprop.0+0xc8/0xf0
[<0>] do_el0_svc+0x48/0x78
[<0>] el0_slow_syscall+0x44/0x1b8
[<0>] el0t_64_sync_handler+0x100/0x130
[<0>] el0t_64_sync+0x188/0x190
--- tid=550758 wchan=futex_wait_queue
[<0>] futex_wait_queue+0x78/0xb0
[<0>] futex_wait+0xe8/0x1d0
[<0>] do_futex+0xec/0x1a0
[<0>] __arm64_sys_futex+0x80/0x198
[<0>] invoke_syscall+0x50/0x128
[<0>] el0_svc_common.constprop.0+0xc8/0xf0
[<0>] do_el0_svc+0x48/0x78
[<0>] el0_slow_syscall+0x44/0x1b8
[<0>] el0t_64_sync_handler+0x100/0x130
[<0>] el0t_64_sync+0x188/0x190
--- tid=550762 wchan=futex_wait_queue
[<0>] futex_wait_queue+0x78/0xb0
[<0>] futex_wait+0xe8/0x1d0
[<0>] do_futex+0xec/0x1a0
[<0>] __arm64_sys_futex+0x80/0x198
[<0>] invoke_syscall+0x50/0x128
[<0>] el0_svc_common.constprop.0+0xc8/0xf0
[<0>] do_el0_svc+0x48/0x78
[<0>] el0_slow_syscall+0x44/0x1b8
[<0>] el0t_64_sync_handler+0x100/0x130
[<0>] el0t_64_sync+0x188/0x190
--- tid=550772 wchan=futex_wait_queue
[<0>] futex_wait_queue+0x78/0xb0
[<0>] futex_wait+0xe8/0x1d0
[<0>] do_futex+0xec/0x1a0
[<0>] __arm64_sys_futex+0x80/0x198
[<0>] invoke_syscall+0x50/0x128
[<0>] el0_svc_common.constprop.0+0xc8/0xf0
[<0>] do_el0_svc+0x48/0x78
[<0>] el0_slow_syscall+0x44/0x1b8
[<0>] el0t_64_sync_handler+0x100/0x130
[<0>] el0t_64_sync+0x188/0x190
--- tid=550782 wchan=ep_poll
[<0>] ep_poll+0x300/0x498
[<0>] do_epoll_wait+0x100/0x128
[<0>] do_epoll_pwait.part.0+0x1c/0xb8
[<0>] __arm64_sys_epoll_pwait+0x7c/0x128
[<0>] invoke_syscall+0x50/0x128
[<0>] el0_svc_common.constprop.0+0xc8/0xf0
[<0>] do_el0_svc+0x48/0x78
[<0>] el0_slow_syscall+0x44/0x1b8
[<0>] el0t_64_sync_handler+0x100/0x130
[<0>] el0t_64_sync+0x188/0x190
--- tid=550795 wchan=futex_wait_queue
[<0>] futex_wait_queue+0x78/0xb0
[<0>] futex_wait+0xe8/0x1d0
[<0>] do_futex+0xec/0x1a0
[<0>] __arm64_sys_futex+0x80/0x198
[<0>] invoke_syscall+0x50/0x128
[<0>] el0_svc_common.constprop.0+0xc8/0xf0
[<0>] do_el0_svc+0x48/0x78
[<0>] el0_slow_syscall+0x44/0x1b8
[<0>] el0t_64_sync_handler+0x100/0x130
[<0>] el0t_64_sync+0x188/0x190
--- tid=550796 wchan=futex_wait_queue
[<0>] futex_wait_queue+0x78/0xb0
[<0>] futex_wait+0xe8/0x1d0
[<0>] do_futex+0xec/0x1a0
[<0>] __arm64_sys_futex+0x80/0x198
[<0>] invoke_syscall+0x50/0x128
[<0>] el0_svc_common.constprop.0+0xc8/0xf0
[<0>] do_el0_svc+0x48/0x78
[<0>] el0_slow_syscall+0x44/0x1b8
[<0>] el0t_64_sync_handler+0x100/0x130
[<0>] el0t_64_sync+0x188/0x190
--- tid=550807 wchan=futex_wait_queue
[<0>] futex_wait_queue+0x78/0xb0
[<0>] futex_wait+0xe8/0x1d0
[<0>] do_futex+0xec/0x1a0
[<0>] __arm64_sys_futex+0x80/0x198
[<0>] invoke_syscall+0x50/0x128
[<0>] el0_svc_common.constprop.0+0xc8/0xf0
[<0>] do_el0_svc+0x48/0x78
[<0>] el0_slow_syscall+0x44/0x1b8
[<0>] el0t_64_sync_handler+0x100/0x130
[<0>] el0t_64_sync+0x188/0x190
--- tid=550814 wchan=ep_poll
[<0>] ep_poll+0x300/0x498
[<0>] do_epoll_wait+0x100/0x128
[<0>] do_epoll_pwait.part.0+0x1c/0xb8
[<0>] __arm64_sys_epoll_pwait+0x7c/0x128
[<0>] invoke_syscall+0x50/0x128
[<0>] el0_svc_common.constprop.0+0xc8/0xf0
[<0>] do_el0_svc+0x48/0x78
[<0>] el0_slow_syscall+0x44/0x1b8
[<0>] el0t_64_sync_handler+0x100/0x130
[<0>] el0t_64_sync+0x188/0x190
--- tid=550825 wchan=futex_wait_queue
[<0>] futex_wait_queue+0x78/0xb0
[<0>] futex_wait+0xe8/0x1d0
[<0>] do_futex+0xec/0x1a0
[<0>] __arm64_sys_futex+0x80/0x198
[<0>] invoke_syscall+0x50/0x128
[<0>] el0_svc_common.constprop.0+0xc8/0xf0
[<0>] do_el0_svc+0x48/0x78
[<0>] el0_slow_syscall+0x44/0x1b8
[<0>] el0t_64_sync_handler+0x100/0x130
[<0>] el0t_64_sync+0x188/0x190
--- tid=550827 wchan=futex_wait_queue
[<0>] futex_wait_queue+0x78/0xb0
[<0>] futex_wait+0xe8/0x1d0
[<0>] do_futex+0xec/0x1a0
[<0>] __arm64_sys_futex+0x80/0x198
[<0>] invoke_syscall+0x50/0x128
[<0>] el0_svc_common.constprop.0+0xc8/0xf0
[<0>] do_el0_svc+0x48/0x78
[<0>] el0_slow_syscall+0x44/0x1b8
[<0>] el0t_64_sync_handler+0x100/0x130
[<0>] el0t_64_sync+0x188/0x190
--- tid=550837 wchan=futex_wait_queue
[<0>] futex_wait_queue+0x78/0xb0
[<0>] futex_wait+0xe8/0x1d0
[<0>] do_futex+0xec/0x1a0
[<0>] __arm64_sys_futex+0x80/0x198
[<0>] invoke_syscall+0x50/0x128
[<0>] el0_svc_common.constprop.0+0xc8/0xf0
[<0>] do_el0_svc+0x48/0x78
[<0>] el0_slow_syscall+0x44/0x1b8
[<0>] el0t_64_sync_handler+0x100/0x130
[<0>] el0t_64_sync+0x188/0x190
--- tid=550842 wchan=futex_wait_queue
[<0>] futex_wait_queue+0x78/0xb0
[<0>] futex_wait+0xe8/0x1d0
[<0>] do_futex+0xec/0x1a0
[<0>] __arm64_sys_futex+0x80/0x198
[<0>] invoke_syscall+0x50/0x128
[<0>] el0_svc_common.constprop.0+0xc8/0xf0
[<0>] do_el0_svc+0x48/0x78
[<0>] el0_slow_syscall+0x44/0x1b8
[<0>] el0t_64_sync_handler+0x100/0x130
[<0>] el0t_64_sync+0x188/0x190
--- tid=550846 wchan=futex_wait_queue
[<0>] futex_wait_queue+0x78/0xb0
[<0>] futex_wait+0xe8/0x1d0
[<0>] do_futex+0xec/0x1a0
[<0>] __arm64_sys_futex+0x80/0x198
[<0>] invoke_syscall+0x50/0x128
[<0>] el0_svc_common.constprop.0+0xc8/0xf0
[<0>] do_el0_svc+0x48/0x78
[<0>] el0_slow_syscall+0x44/0x1b8
[<0>] el0t_64_sync_handler+0x100/0x130
[<0>] el0t_64_sync+0x188/0x190
--- tid=550852 wchan=futex_wait_queue
[<0>] futex_wait_queue+0x78/0xb0
[<0>] futex_wait+0xe8/0x1d0
[<0>] do_futex+0xec/0x1a0
[<0>] __arm64_sys_futex+0x80/0x198
[<0>] invoke_syscall+0x50/0x128
[<0>] el0_svc_common.constprop.0+0xc8/0xf0
[<0>] do_el0_svc+0x48/0x78
[<0>] el0_slow_syscall+0x44/0x1b8
[<0>] el0t_64_sync_handler+0x100/0x130
[<0>] el0t_64_sync+0x188/0x190
--- tid=550857 wchan=futex_wait_queue
[<0>] futex_wait_queue+0x78/0xb0
[<0>] futex_wait+0xe8/0x1d0
[<0>] do_futex+0xec/0x1a0
[<0>] __arm64_sys_futex+0x80/0x198
[<0>] invoke_syscall+0x50/0x128
[<0>] el0_svc_common.constprop.0+0xc8/0xf0
[<0>] do_el0_svc+0x48/0x78
[<0>] el0_slow_syscall+0x44/0x1b8
[<0>] el0t_64_sync_handler+0x100/0x130
[<0>] el0t_64_sync+0x188/0x190
--- tid=550865 wchan=futex_wait_queue
[<0>] futex_wait_queue+0x78/0xb0
[<0>] futex_wait+0xe8/0x1d0
[<0>] do_futex+0xec/0x1a0
[<0>] __arm64_sys_futex+0x80/0x198
[<0>] invoke_syscall+0x50/0x128
[<0>] el0_svc_common.constprop.0+0xc8/0xf0
[<0>] do_el0_svc+0x48/0x78
[<0>] el0_slow_syscall+0x44/0x1b8
[<0>] el0t_64_sync_handler+0x100/0x130
[<0>] el0t_64_sync+0x188/0x190
--- tid=550869 wchan=futex_wait_queue
[<0>] futex_wait_queue+0x78/0xb0
[<0>] futex_wait+0xe8/0x1d0
[<0>] do_futex+0xec/0x1a0
[<0>] __arm64_sys_futex+0x80/0x198
[<0>] invoke_syscall+0x50/0x128
[<0>] el0_svc_common.constprop.0+0xc8/0xf0
[<0>] do_el0_svc+0x48/0x78
[<0>] el0_slow_syscall+0x44/0x1b8
[<0>] el0t_64_sync_handler+0x100/0x130
[<0>] el0t_64_sync+0x188/0x190
--- tid=550876 wchan=futex_wait_queue
[<0>] futex_wait_queue+0x78/0xb0
[<0>] futex_wait+0xe8/0x1d0
[<0>] do_futex+0xec/0x1a0
[<0>] __arm64_sys_futex+0x80/0x198
[<0>] invoke_syscall+0x50/0x128
[<0>] el0_svc_common.constprop.0+0xc8/0xf0
[<0>] do_el0_svc+0x48/0x78
[<0>] el0_slow_syscall+0x44/0x1b8
[<0>] el0t_64_sync_handler+0x100/0x130
[<0>] el0t_64_sync+0x188/0x190
--- tid=550884 wchan=futex_wait_queue
[<0>] futex_wait_queue+0x78/0xb0
[<0>] futex_wait+0xe8/0x1d0
[<0>] do_futex+0xec/0x1a0
[<0>] __arm64_sys_futex+0x80/0x198
[<0>] invoke_syscall+0x50/0x128
[<0>] el0_svc_common.constprop.0+0xc8/0xf0
[<0>] do_el0_svc+0x48/0x78
[<0>] el0_slow_syscall+0x44/0x1b8
[<0>] el0t_64_sync_handler+0x100/0x130
[<0>] el0t_64_sync+0x188/0x190
--- tid=550959 wchan=futex_wait_queue
[<0>] futex_wait_queue+0x78/0xb0
[<0>] futex_wait+0xe8/0x1d0
[<0>] do_futex+0xec/0x1a0
[<0>] __arm64_sys_futex+0x80/0x198
[<0>] invoke_syscall+0x50/0x128
[<0>] el0_svc_common.constprop.0+0xc8/0xf0
[<0>] do_el0_svc+0x48/0x78
[<0>] el0_slow_syscall+0x44/0x1b8
[<0>] el0t_64_sync_handler+0x100/0x130
[<0>] el0t_64_sync+0x188/0x190
--- tid=550960 wchan=futex_wait_queue
[<0>] futex_wait_queue+0x78/0xb0
[<0>] futex_wait+0xe8/0x1d0
[<0>] do_futex+0xec/0x1a0
[<0>] __arm64_sys_futex+0x80/0x198
[<0>] invoke_syscall+0x50/0x128
[<0>] el0_svc_common.constprop.0+0xc8/0xf0
[<0>] do_el0_svc+0x48/0x78
[<0>] el0_slow_syscall+0x44/0x1b8
[<0>] el0t_64_sync_handler+0x100/0x130
[<0>] el0t_64_sync+0x188/0x190
--- tid=550961 wchan=futex_wait_queue
[<0>] futex_wait_queue+0x78/0xb0
[<0>] futex_wait+0xe8/0x1d0
[<0>] do_futex+0xec/0x1a0
[<0>] __arm64_sys_futex+0x80/0x198
[<0>] invoke_syscall+0x50/0x128
[<0>] el0_svc_common.constprop.0+0xc8/0xf0
[<0>] do_el0_svc+0x48/0x78
[<0>] el0_slow_syscall+0x44/0x1b8
[<0>] el0t_64_sync_handler+0x100/0x130
[<0>] el0t_64_sync+0x188/0x190
--- tid=550962 wchan=futex_wait_queue
[<0>] futex_wait_queue+0x78/0xb0
[<0>] futex_wait+0xe8/0x1d0
[<0>] do_futex+0xec/0x1a0
[<0>] __arm64_sys_futex+0x80/0x198
[<0>] invoke_syscall+0x50/0x128
[<0>] el0_svc_common.constprop.0+0xc8/0xf0
[<0>] do_el0_svc+0x48/0x78
[<0>] el0_slow_syscall+0x44/0x1b8
[<0>] el0t_64_sync_handler+0x100/0x130
[<0>] el0t_64_sync+0x188/0x190
--- tid=550963 wchan=futex_wait_queue
[<0>] futex_wait_queue+0x78/0xb0
[<0>] futex_wait+0xe8/0x1d0
[<0>] do_futex+0xec/0x1a0
[<0>] __arm64_sys_futex+0x80/0x198
[<0>] invoke_syscall+0x50/0x128
[<0>] el0_svc_common.constprop.0+0xc8/0xf0
[<0>] do_el0_svc+0x48/0x78
[<0>] el0_slow_syscall+0x44/0x1b8
[<0>] el0t_64_sync_handler+0x100/0x130
[<0>] el0t_64_sync+0x188/0x190
--- tid=550964 wchan=futex_wait_queue
[<0>] futex_wait_queue+0x78/0xb0
[<0>] futex_wait+0xe8/0x1d0
[<0>] do_futex+0xec/0x1a0
[<0>] __arm64_sys_futex+0x80/0x198
[<0>] invoke_syscall+0x50/0x128
[<0>] el0_svc_common.constprop.0+0xc8/0xf0
[<0>] do_el0_svc+0x48/0x78
[<0>] el0_slow_syscall+0x44/0x1b8
[<0>] el0t_64_sync_handler+0x100/0x130
[<0>] el0t_64_sync+0x188/0x190
--- tid=550965 wchan=futex_wait_queue
[<0>] futex_wait_queue+0x78/0xb0
[<0>] futex_wait+0xe8/0x1d0
[<0>] do_futex+0xec/0x1a0
[<0>] __arm64_sys_futex+0x80/0x198
[<0>] invoke_syscall+0x50/0x128
[<0>] el0_svc_common.constprop.0+0xc8/0xf0
[<0>] do_el0_svc+0x48/0x78
[<0>] el0_slow_syscall+0x44/0x1b8
[<0>] el0t_64_sync_handler+0x100/0x130
[<0>] el0t_64_sync+0x188/0x190
--- tid=550966 wchan=futex_wait_queue
[<0>] futex_wait_queue+0x78/0xb0
[<0>] futex_wait+0xe8/0x1d0
[<0>] do_futex+0xec/0x1a0
[<0>] __arm64_sys_futex+0x80/0x198
[<0>] invoke_syscall+0x50/0x128
[<0>] el0_svc_common.constprop.0+0xc8/0xf0
[<0>] do_el0_svc+0x48/0x78
[<0>] el0_slow_syscall+0x44/0x1b8
[<0>] el0t_64_sync_handler+0x100/0x130
[<0>] el0t_64_sync+0x188/0x190
--- tid=550967 wchan=futex_wait_queue
[<0>] futex_wait_queue+0x78/0xb0
[<0>] futex_wait+0xe8/0x1d0
[<0>] do_futex+0xec/0x1a0
[<0>] __arm64_sys_futex+0x80/0x198
[<0>] invoke_syscall+0x50/0x128
[<0>] el0_svc_common.constprop.0+0xc8/0xf0
[<0>] do_el0_svc+0x48/0x78
[<0>] el0_slow_syscall+0x44/0x1b8
[<0>] el0t_64_sync_handler+0x100/0x130
[<0>] el0t_64_sync+0x188/0x190
--- tid=551029 wchan=hrtimer_nanosleep
[<0>] hrtimer_nanosleep+0x80/0x100
[<0>] common_nsleep+0x4c/0x80
[<0>] __arm64_sys_clock_nanosleep+0xd4/0x158
[<0>] invoke_syscall+0x50/0x128
[<0>] el0_svc_common.constprop.0+0xc8/0xf0
[<0>] do_el0_svc+0x48/0x78
[<0>] el0_slow_syscall+0x44/0x1b8
[<0>] el0t_64_sync_handler+0x100/0x130
[<0>] el0t_64_sync+0x188/0x190
--- tid=553263 wchan=futex_wait_queue
[<0>] futex_wait_queue+0x78/0xb0
[<0>] futex_wait+0xe8/0x1d0
[<0>] do_futex+0xec/0x1a0
[<0>] __arm64_sys_futex+0x80/0x198
[<0>] invoke_syscall+0x50/0x128
[<0>] el0_svc_common.constprop.0+0xc8/0xf0
[<0>] do_el0_svc+0x48/0x78
[<0>] el0_slow_syscall+0x44/0x1b8
[<0>] el0t_64_sync_handler+0x100/0x130
[<0>] el0t_64_sync+0x188/0x190
--- tid=553264 wchan=ep_poll
[<0>] ep_poll+0x300/0x498
[<0>] do_epoll_wait+0x100/0x128
[<0>] do_epoll_pwait.part.0+0x1c/0xb8
[<0>] __arm64_sys_epoll_pwait+0x7c/0x128
[<0>] invoke_syscall+0x50/0x128
[<0>] el0_svc_common.constprop.0+0xc8/0xf0
[<0>] do_el0_svc+0x48/0x78
[<0>] el0_slow_syscall+0x44/0x1b8
[<0>] el0t_64_sync_handler+0x100/0x130
[<0>] el0t_64_sync+0x188/0x190
--- tid=553265 wchan=ep_poll
[<0>] ep_poll+0x300/0x498
[<0>] do_epoll_wait+0x100/0x128
[<0>] do_epoll_pwait.part.0+0x1c/0xb8
[<0>] __arm64_sys_epoll_pwait+0x7c/0x128
[<0>] invoke_syscall+0x50/0x128
[<0>] el0_svc_common.constprop.0+0xc8/0xf0
[<0>] do_el0_svc+0x48/0x78
[<0>] el0_slow_syscall+0x44/0x1b8
[<0>] el0t_64_sync_handler+0x100/0x130
[<0>] el0t_64_sync+0x188/0x190
--- tid=553266 wchan=ep_poll
[<0>] ep_poll+0x300/0x498
[<0>] do_epoll_wait+0x100/0x128
[<0>] do_epoll_pwait.part.0+0x1c/0xb8
[<0>] __arm64_sys_epoll_pwait+0x7c/0x128
[<0>] invoke_syscall+0x50/0x128
[<0>] el0_svc_common.constprop.0+0xc8/0xf0
[<0>] do_el0_svc+0x48/0x78
[<0>] el0_slow_syscall+0x44/0x1b8
[<0>] el0t_64_sync_handler+0x100/0x130
[<0>] el0t_64_sync+0x188/0x190
--- tid=553267 wchan=ep_poll
[<0>] ep_poll+0x300/0x498
[<0>] do_epoll_wait+0x100/0x128
[<0>] do_epoll_pwait.part.0+0x1c/0xb8
[<0>] __arm64_sys_epoll_pwait+0x7c/0x128
[<0>] invoke_syscall+0x50/0x128
[<0>] el0_svc_common.constprop.0+0xc8/0xf0
[<0>] do_el0_svc+0x48/0x78
[<0>] el0_slow_syscall+0x44/0x1b8
[<0>] el0t_64_sync_handler+0x100/0x130
[<0>] el0t_64_sync+0x188/0x190
--- tid=553268 wchan=pipe_read
[<0>] pipe_read+0x360/0x400
[<0>] new_sync_read+0x130/0x148
[<0>] vfs_read+0x194/0x1e8
[<0>] ksys_read+0xf4/0x118
[<0>] __arm64_sys_read+0x24/0x38
[<0>] invoke_syscall+0x50/0x128
[<0>] el0_svc_common.constprop.0+0xc8/0xf0
[<0>] do_el0_svc+0x48/0x78
[<0>] el0_slow_syscall+0x44/0x1b8
[<0>] el0t_64_sync_handler+0x100/0x130
[<0>] el0t_64_sync+0x188/0x190
--- tid=553320 wchan=futex_wait_queue
[<0>] futex_wait_queue+0x78/0xb0
[<0>] futex_wait+0xe8/0x1d0
[<0>] do_futex+0xec/0x1a0
[<0>] __arm64_sys_futex+0x80/0x198
[<0>] invoke_syscall+0x50/0x128
[<0>] el0_svc_common.constprop.0+0xc8/0xf0
[<0>] do_el0_svc+0x48/0x78
[<0>] el0_slow_syscall+0x44/0x1b8
[<0>] el0t_64_sync_handler+0x100/0x130
[<0>] el0t_64_sync+0x188/0x190
--- tid=553321 wchan=futex_wait_queue
[<0>] futex_wait_queue+0x78/0xb0
[<0>] futex_wait+0xe8/0x1d0
[<0>] do_futex+0xec/0x1a0
[<0>] __arm64_sys_futex+0x80/0x198
[<0>] invoke_syscall+0x50/0x128
[<0>] el0_svc_common.constprop.0+0xc8/0xf0
[<0>] do_el0_svc+0x48/0x78
[<0>] el0_slow_syscall+0x44/0x1b8
[<0>] el0t_64_sync_handler+0x100/0x130
[<0>] el0t_64_sync+0x188/0x190
--- tid=553322 wchan=futex_wait_queue
[<0>] futex_wait_queue+0x78/0xb0
[<0>] futex_wait+0xe8/0x1d0
[<0>] do_futex+0xec/0x1a0
[<0>] __arm64_sys_futex+0x80/0x198
[<0>] invoke_syscall+0x50/0x128
[<0>] el0_svc_common.constprop.0+0xc8/0xf0
[<0>] do_el0_svc+0x48/0x78
[<0>] el0_slow_syscall+0x44/0x1b8
[<0>] el0t_64_sync_handler+0x100/0x130
[<0>] el0t_64_sync+0x188/0x190
--- tid=553323 wchan=futex_wait_queue
[<0>] futex_wait_queue+0x78/0xb0
[<0>] futex_wait+0xe8/0x1d0
[<0>] do_futex+0xec/0x1a0
[<0>] __arm64_sys_futex+0x80/0x198
[<0>] invoke_syscall+0x50/0x128
[<0>] el0_svc_common.constprop.0+0xc8/0xf0
[<0>] do_el0_svc+0x48/0x78
[<0>] el0_slow_syscall+0x44/0x1b8
[<0>] el0t_64_sync_handler+0x100/0x130
[<0>] el0t_64_sync+0x188/0x190
--- tid=553324 wchan=futex_wait_queue
[<0>] futex_wait_queue+0x78/0xb0
[<0>] futex_wait+0xe8/0x1d0
[<0>] do_futex+0xec/0x1a0
[<0>] __arm64_sys_futex+0x80/0x198
[<0>] invoke_syscall+0x50/0x128
[<0>] el0_svc_common.constprop.0+0xc8/0xf0
[<0>] do_el0_svc+0x48/0x78
[<0>] el0_slow_syscall+0x44/0x1b8
[<0>] el0t_64_sync_handler+0x100/0x130
[<0>] el0t_64_sync+0x188/0x190
--- tid=553377 wchan=hrtimer_nanosleep
[<0>] hrtimer_nanosleep+0x80/0x100
[<0>] common_nsleep+0x4c/0x80
[<0>] __arm64_sys_clock_nanosleep+0xd4/0x158
[<0>] invoke_syscall+0x50/0x128
[<0>] el0_svc_common.constprop.0+0xc8/0xf0
[<0>] do_el0_svc+0x48/0x78
[<0>] el0_slow_syscall+0x44/0x1b8
[<0>] el0t_64_sync_handler+0x100/0x130
[<0>] el0t_64_sync+0x188/0x190
--- tid=553389 wchan=hrtimer_nanosleep
[<0>] hrtimer_nanosleep+0x80/0x100
[<0>] common_nsleep+0x4c/0x80
[<0>] __arm64_sys_clock_nanosleep+0xd4/0x158
[<0>] invoke_syscall+0x50/0x128
[<0>] el0_svc_common.constprop.0+0xc8/0xf0
[<0>] do_el0_svc+0x48/0x78
[<0>] el0_slow_syscall+0x44/0x1b8
[<0>] el0t_64_sync_handler+0x100/0x130
[<0>] el0t_64_sync+0x188/0x190
--- tid=565765 wchan=pipe_write
[<0>] pipe_write+0x1ec/0x558
[<0>] new_sync_write+0x140/0x158
[<0>] vfs_write+0x21c/0x2b0
[<0>] ksys_write+0xf4/0x118
[<0>] __arm64_sys_write+0x24/0x38
[<0>] invoke_syscall+0x50/0x128
[<0>] el0_svc_common.constprop.0+0xc8/0xf0
[<0>] do_el0_svc+0x48/0x78
[<0>] el0_slow_syscall+0x44/0x1b8
[<0>] el0t_64_sync_handler+0x100/0x130
[<0>] el0t_64_sync+0x188/0x190
  >>> sent SIGUSR1 to 549793 (Python stacks -> /home/g00619970/moeoffload_multi/log/model_2026_0814_0558_multimech.log)

================ pid=549794  comm=VLLM::Worker_DP ================
cmdline: VLLM::Worker_DP0_TP5_EP5                                                                                                                                  

State:	S (sleeping)
Threads:	122
--- tid=549794 wchan=hrtimer_nanosleep
[<0>] hrtimer_nanosleep+0x80/0x100
[<0>] common_nsleep+0x4c/0x80
[<0>] __arm64_sys_clock_nanosleep+0xd4/0x158
[<0>] invoke_syscall+0x50/0x128
[<0>] el0_svc_common.constprop.0+0xc8/0xf0
[<0>] do_el0_svc+0x48/0x78
[<0>] el0_slow_syscall+0x44/0x1b8
[<0>] el0t_64_sync_handler+0x100/0x130
[<0>] el0t_64_sync+0x188/0x190
--- tid=549857 wchan=futex_wait_queue
[<0>] futex_wait_queue+0x78/0xb0
[<0>] futex_wait+0xe8/0x1d0
[<0>] do_futex+0xec/0x1a0
[<0>] __arm64_sys_futex+0x80/0x198
[<0>] invoke_syscall+0x50/0x128
[<0>] el0_svc_common.constprop.0+0xc8/0xf0
[<0>] do_el0_svc+0x48/0x78
[<0>] el0_slow_syscall+0x44/0x1b8
[<0>] el0t_64_sync_handler+0x100/0x130
[<0>] el0t_64_sync+0x188/0x190
--- tid=549859 wchan=futex_wait_queue
[<0>] futex_wait_queue+0x78/0xb0
[<0>] futex_wait+0xe8/0x1d0
[<0>] do_futex+0xec/0x1a0
[<0>] __arm64_sys_futex+0x80/0x198
[<0>] invoke_syscall+0x50/0x128
[<0>] el0_svc_common.constprop.0+0xc8/0xf0
[<0>] do_el0_svc+0x48/0x78
[<0>] el0_slow_syscall+0x44/0x1b8
[<0>] el0t_64_sync_handler+0x100/0x130
[<0>] el0t_64_sync+0x188/0x190
--- tid=549861 wchan=futex_wait_queue
[<0>] futex_wait_queue+0x78/0xb0
[<0>] futex_wait+0xe8/0x1d0
[<0>] do_futex+0xec/0x1a0
[<0>] __arm64_sys_futex+0x80/0x198
[<0>] invoke_syscall+0x50/0x128
[<0>] el0_svc_common.constprop.0+0xc8/0xf0
[<0>] do_el0_svc+0x48/0x78
[<0>] el0_slow_syscall+0x44/0x1b8
[<0>] el0t_64_sync_handler+0x100/0x130
[<0>] el0t_64_sync+0x188/0x190
--- tid=549863 wchan=futex_wait_queue
[<0>] futex_wait_queue+0x78/0xb0
[<0>] futex_wait+0xe8/0x1d0
[<0>] do_futex+0xec/0x1a0
[<0>] __arm64_sys_futex+0x80/0x198
[<0>] invoke_syscall+0x50/0x128
[<0>] el0_svc_common.constprop.0+0xc8/0xf0
[<0>] do_el0_svc+0x48/0x78
[<0>] el0_slow_syscall+0x44/0x1b8
[<0>] el0t_64_sync_handler+0x100/0x130
[<0>] el0t_64_sync+0x188/0x190
--- tid=549864 wchan=futex_wait_queue
[<0>] futex_wait_queue+0x78/0xb0
[<0>] futex_wait+0xe8/0x1d0
[<0>] do_futex+0xec/0x1a0
[<0>] __arm64_sys_futex+0x80/0x198
[<0>] invoke_syscall+0x50/0x128
[<0>] el0_svc_common.constprop.0+0xc8/0xf0
[<0>] do_el0_svc+0x48/0x78
[<0>] el0_slow_syscall+0x44/0x1b8
[<0>] el0t_64_sync_handler+0x100/0x130
[<0>] el0t_64_sync+0x188/0x190
--- tid=549865 wchan=futex_wait_queue
[<0>] futex_wait_queue+0x78/0xb0
[<0>] futex_wait+0xe8/0x1d0
[<0>] do_futex+0xec/0x1a0
[<0>] __arm64_sys_futex+0x80/0x198
[<0>] invoke_syscall+0x50/0x128
[<0>] el0_svc_common.constprop.0+0xc8/0xf0
[<0>] do_el0_svc+0x48/0x78
[<0>] el0_slow_syscall+0x44/0x1b8
[<0>] el0t_64_sync_handler+0x100/0x130
[<0>] el0t_64_sync+0x188/0x190
--- tid=549866 wchan=futex_wait_queue
[<0>] futex_wait_queue+0x78/0xb0
[<0>] futex_wait+0xe8/0x1d0
[<0>] do_futex+0xec/0x1a0
[<0>] __arm64_sys_futex+0x80/0x198
[<0>] invoke_syscall+0x50/0x128
[<0>] el0_svc_common.constprop.0+0xc8/0xf0
[<0>] do_el0_svc+0x48/0x78
[<0>] el0_slow_syscall+0x44/0x1b8
[<0>] el0t_64_sync_handler+0x100/0x130
[<0>] el0t_64_sync+0x188/0x190
--- tid=549867 wchan=futex_wait_queue
[<0>] futex_wait_queue+0x78/0xb0
[<0>] futex_wait+0xe8/0x1d0
[<0>] do_futex+0xec/0x1a0
[<0>] __arm64_sys_futex+0x80/0x198
[<0>] invoke_syscall+0x50/0x128
[<0>] el0_svc_common.constprop.0+0xc8/0xf0
[<0>] do_el0_svc+0x48/0x78
[<0>] el0_slow_syscall+0x44/0x1b8
[<0>] el0t_64_sync_handler+0x100/0x130
[<0>] el0t_64_sync+0x188/0x190
--- tid=549868 wchan=futex_wait_queue
[<0>] futex_wait_queue+0x78/0xb0
[<0>] futex_wait+0xe8/0x1d0
[<0>] do_futex+0xec/0x1a0
[<0>] __arm64_sys_futex+0x80/0x198
[<0>] invoke_syscall+0x50/0x128
[<0>] el0_svc_common.constprop.0+0xc8/0xf0
[<0>] do_el0_svc+0x48/0x78
[<0>] el0_slow_syscall+0x44/0x1b8
[<0>] el0t_64_sync_handler+0x100/0x130
[<0>] el0t_64_sync+0x188/0x190
--- tid=549885 wchan=ep_poll
[<0>] ep_poll+0x300/0x498
[<0>] do_epoll_wait+0x100/0x128
[<0>] do_epoll_pwait.part.0+0x1c/0xb8
[<0>] __arm64_sys_epoll_pwait+0x7c/0x128
[<0>] invoke_syscall+0x50/0x128
[<0>] el0_svc_common.constprop.0+0xc8/0xf0
[<0>] do_el0_svc+0x48/0x78
[<0>] el0_slow_syscall+0x44/0x1b8
[<0>] el0t_64_sync_handler+0x100/0x130
[<0>] el0t_64_sync+0x188/0x190
--- tid=549893 wchan=hrtimer_nanosleep
[<0>] hrtimer_nanosleep+0x80/0x100
[<0>] common_nsleep+0x4c/0x80
[<0>] __arm64_sys_clock_nanosleep+0xd4/0x158
[<0>] invoke_syscall+0x50/0x128
[<0>] el0_svc_common.constprop.0+0xc8/0xf0
[<0>] do_el0_svc+0x48/0x78
[<0>] el0_slow_syscall+0x44/0x1b8
[<0>] el0t_64_sync_handler+0x100/0x130
[<0>] el0t_64_sync+0x188/0x190
--- tid=549898 wchan=hrtimer_nanosleep
[<0>] hrtimer_nanosleep+0x80/0x100
[<0>] common_nsleep+0x4c/0x80
[<0>] __arm64_sys_clock_nanosleep+0xd4/0x158
[<0>] invoke_syscall+0x50/0x128
[<0>] el0_svc_common.constprop.0+0xc8/0xf0
[<0>] do_el0_svc+0x48/0x78
[<0>] el0_slow_syscall+0x44/0x1b8
[<0>] el0t_64_sync_handler+0x100/0x130
[<0>] el0t_64_sync+0x188/0x190
--- tid=549903 wchan=hrtimer_nanosleep
[<0>] hrtimer_nanosleep+0x80/0x100
[<0>] common_nsleep+0x4c/0x80
[<0>] __arm64_sys_clock_nanosleep+0xd4/0x158
[<0>] invoke_syscall+0x50/0x128
[<0>] el0_svc_common.constprop.0+0xc8/0xf0
[<0>] do_el0_svc+0x48/0x78
[<0>] el0_slow_syscall+0x44/0x1b8
[<0>] el0t_64_sync_handler+0x100/0x130
[<0>] el0t_64_sync+0x188/0x190
--- tid=550127 wchan=futex_wait_queue
[<0>] futex_wait_queue+0x78/0xb0
[<0>] futex_wait+0xe8/0x1d0
[<0>] do_futex+0xec/0x1a0
[<0>] __arm64_sys_futex+0x80/0x198
[<0>] invoke_syscall+0x50/0x128
[<0>] el0_svc_common.constprop.0+0xc8/0xf0
[<0>] do_el0_svc+0x48/0x78
[<0>] el0_slow_syscall+0x44/0x1b8
[<0>] el0t_64_sync_handler+0x100/0x130
[<0>] el0t_64_sync+0x188/0x190
--- tid=550128 wchan=futex_wait_queue
[<0>] futex_wait_queue+0x78/0xb0
[<0>] futex_wait+0xe8/0x1d0
[<0>] do_futex+0xec/0x1a0
[<0>] __arm64_sys_futex+0x80/0x198
[<0>] invoke_syscall+0x50/0x128
[<0>] el0_svc_common.constprop.0+0xc8/0xf0
[<0>] do_el0_svc+0x48/0x78
[<0>] el0_slow_syscall+0x44/0x1b8
[<0>] el0t_64_sync_handler+0x100/0x130
[<0>] el0t_64_sync+0x188/0x190
--- tid=550129 wchan=futex_wait_queue
[<0>] futex_wait_queue+0x78/0xb0
[<0>] futex_wait+0xe8/0x1d0
[<0>] do_futex+0xec/0x1a0
[<0>] __arm64_sys_futex+0x80/0x198
[<0>] invoke_syscall+0x50/0x128
[<0>] el0_svc_common.constprop.0+0xc8/0xf0
[<0>] do_el0_svc+0x48/0x78
[<0>] el0_slow_syscall+0x44/0x1b8
[<0>] el0t_64_sync_handler+0x100/0x130
[<0>] el0t_64_sync+0x188/0x190
--- tid=550130 wchan=futex_wait_queue
[<0>] futex_wait_queue+0x78/0xb0
[<0>] futex_wait+0xe8/0x1d0
[<0>] do_futex+0xec/0x1a0
[<0>] __arm64_sys_futex+0x80/0x198
[<0>] invoke_syscall+0x50/0x128
[<0>] el0_svc_common.constprop.0+0xc8/0xf0
[<0>] do_el0_svc+0x48/0x78
[<0>] el0_slow_syscall+0x44/0x1b8
[<0>] el0t_64_sync_handler+0x100/0x130
[<0>] el0t_64_sync+0x188/0x190
--- tid=550131 wchan=futex_wait_queue
[<0>] futex_wait_queue+0x78/0xb0
[<0>] futex_wait+0xe8/0x1d0
[<0>] do_futex+0xec/0x1a0
[<0>] __arm64_sys_futex+0x80/0x198
[<0>] invoke_syscall+0x50/0x128
[<0>] el0_svc_common.constprop.0+0xc8/0xf0
[<0>] do_el0_svc+0x48/0x78
[<0>] el0_slow_syscall+0x44/0x1b8
[<0>] el0t_64_sync_handler+0x100/0x130
[<0>] el0t_64_sync+0x188/0x190
--- tid=550132 wchan=futex_wait_queue
[<0>] futex_wait_queue+0x78/0xb0
[<0>] futex_wait+0xe8/0x1d0
[<0>] do_futex+0xec/0x1a0
[<0>] __arm64_sys_futex+0x80/0x198
[<0>] invoke_syscall+0x50/0x128
[<0>] el0_svc_common.constprop.0+0xc8/0xf0
[<0>] do_el0_svc+0x48/0x78
[<0>] el0_slow_syscall+0x44/0x1b8
[<0>] el0t_64_sync_handler+0x100/0x130
[<0>] el0t_64_sync+0x188/0x190
--- tid=550133 wchan=futex_wait_queue
[<0>] futex_wait_queue+0x78/0xb0
[<0>] futex_wait+0xe8/0x1d0
[<0>] do_futex+0xec/0x1a0
[<0>] __arm64_sys_futex+0x80/0x198
[<0>] invoke_syscall+0x50/0x128
[<0>] el0_svc_common.constprop.0+0xc8/0xf0
[<0>] do_el0_svc+0x48/0x78
[<0>] el0_slow_syscall+0x44/0x1b8
[<0>] el0t_64_sync_handler+0x100/0x130
[<0>] el0t_64_sync+0x188/0x190
--- tid=550134 wchan=futex_wait_queue
[<0>] futex_wait_queue+0x78/0xb0
[<0>] futex_wait+0xe8/0x1d0
[<0>] do_futex+0xec/0x1a0
[<0>] __arm64_sys_futex+0x80/0x198
[<0>] invoke_syscall+0x50/0x128
[<0>] el0_svc_common.constprop.0+0xc8/0xf0
[<0>] do_el0_svc+0x48/0x78
[<0>] el0_slow_syscall+0x44/0x1b8
[<0>] el0t_64_sync_handler+0x100/0x130
[<0>] el0t_64_sync+0x188/0x190
--- tid=550135 wchan=futex_wait_queue
[<0>] futex_wait_queue+0x78/0xb0
[<0>] futex_wait+0xe8/0x1d0
[<0>] do_futex+0xec/0x1a0
[<0>] __arm64_sys_futex+0x80/0x198
[<0>] invoke_syscall+0x50/0x128
[<0>] el0_svc_common.constprop.0+0xc8/0xf0
[<0>] do_el0_svc+0x48/0x78
[<0>] el0_slow_syscall+0x44/0x1b8
[<0>] el0t_64_sync_handler+0x100/0x130
[<0>] el0t_64_sync+0x188/0x190
--- tid=550251 wchan=do_sigtimedwait
[<0>] do_sigtimedwait+0x1d4/0x2a8
[<0>] __se_sys_rt_sigtimedwait+0x94/0x160
[<0>] __arm64_sys_rt_sigtimedwait+0x24/0x38
[<0>] invoke_syscall+0x50/0x128
[<0>] el0_svc_common.constprop.0+0xc8/0xf0
[<0>] do_el0_svc+0x48/0x78
[<0>] el0_slow_syscall+0x44/0x1b8
[<0>] el0t_64_sync_handler+0x100/0x130
[<0>] el0t_64_sync+0x188/0x190
--- tid=550364 wchan=futex_wait_queue
[<0>] futex_wait_queue+0x78/0xb0
[<0>] futex_wait+0xe8/0x1d0
[<0>] do_futex+0xec/0x1a0
[<0>] __arm64_sys_futex+0x80/0x198
[<0>] invoke_syscall+0x50/0x128
[<0>] el0_svc_common.constprop.0+0xc8/0xf0
[<0>] do_el0_svc+0x48/0x78
[<0>] el0_slow_syscall+0x44/0x1b8
[<0>] el0t_64_sync_handler+0x100/0x130
[<0>] el0t_64_sync+0x188/0x190
--- tid=550365 wchan=futex_wait_queue
[<0>] futex_wait_queue+0x78/0xb0
[<0>] futex_wait+0xe8/0x1d0
[<0>] do_futex+0xec/0x1a0
[<0>] __arm64_sys_futex+0x80/0x198
[<0>] invoke_syscall+0x50/0x128
[<0>] el0_svc_common.constprop.0+0xc8/0xf0
[<0>] do_el0_svc+0x48/0x78
[<0>] el0_slow_syscall+0x44/0x1b8
[<0>] el0t_64_sync_handler+0x100/0x130
[<0>] el0t_64_sync+0x188/0x190
--- tid=550366 wchan=ep_poll
[<0>] ep_poll+0x300/0x498
[<0>] do_epoll_wait+0x100/0x128
[<0>] do_epoll_pwait.part.0+0x1c/0xb8
[<0>] __arm64_sys_epoll_pwait+0x7c/0x128
[<0>] invoke_syscall+0x50/0x128
[<0>] el0_svc_common.constprop.0+0xc8/0xf0
[<0>] do_el0_svc+0x48/0x78
[<0>] el0_slow_syscall+0x44/0x1b8
[<0>] el0t_64_sync_handler+0x100/0x130
[<0>] el0t_64_sync+0x188/0x190
--- tid=550367 wchan=hdcdrv_ub_cmd_wait_ctrl_msg
[<0>] hdcdrv_ub_cmd_wait_ctrl_msg+0x378/0x440 [drv_pcie_hdc_host]
[<0>] hdcdrv_ioctl+0x108/0x510 [drv_pcie_hdc_host]
[<0>] drv_ascend_intf_ioctl+0x7c/0x2b8 [asdrv_pbl]
[<0>] __arm64_sys_ioctl+0xb4/0x100
[<0>] invoke_syscall+0x50/0x128
[<0>] el0_svc_common.constprop.0+0xc8/0xf0
[<0>] do_el0_svc+0x48/0x78
[<0>] el0_slow_syscall+0x44/0x1b8
[<0>] el0t_64_sync_handler+0x100/0x130
[<0>] el0t_64_sync+0x188/0x190
--- tid=550368 wchan=ep_poll
[<0>] ep_poll+0x300/0x498
[<0>] do_epoll_wait+0x100/0x128
[<0>] do_epoll_pwait.part.0+0x1c/0xb8
[<0>] __arm64_sys_epoll_pwait+0x7c/0x128
[<0>] invoke_syscall+0x50/0x128
[<0>] el0_svc_common.constprop.0+0xc8/0xf0
[<0>] do_el0_svc+0x48/0x78
[<0>] el0_slow_syscall+0x44/0x1b8
[<0>] el0t_64_sync_handler+0x100/0x130
[<0>] el0t_64_sync+0x188/0x190
--- tid=550369 wchan=hdcdrv_ub_cmd_wait_ctrl_msg
[<0>] hdcdrv_ub_cmd_wait_ctrl_msg+0x378/0x440 [drv_pcie_hdc_host]
[<0>] hdcdrv_ioctl+0x108/0x510 [drv_pcie_hdc_host]
[<0>] drv_ascend_intf_ioctl+0x7c/0x2b8 [asdrv_pbl]
[<0>] __arm64_sys_ioctl+0xb4/0x100
[<0>] invoke_syscall+0x50/0x128
[<0>] el0_svc_common.constprop.0+0xc8/0xf0
[<0>] do_el0_svc+0x48/0x78
[<0>] el0_slow_syscall+0x44/0x1b8
[<0>] el0t_64_sync_handler+0x100/0x130
[<0>] el0t_64_sync+0x188/0x190
--- tid=550370 wchan=hdcdrv_ub_cmd_wait_ctrl_msg
[<0>] hdcdrv_ub_cmd_wait_ctrl_msg+0x378/0x440 [drv_pcie_hdc_host]
[<0>] hdcdrv_ioctl+0x108/0x510 [drv_pcie_hdc_host]
[<0>] drv_ascend_intf_ioctl+0x7c/0x2b8 [asdrv_pbl]
[<0>] __arm64_sys_ioctl+0xb4/0x100
[<0>] invoke_syscall+0x50/0x128
[<0>] el0_svc_common.constprop.0+0xc8/0xf0
[<0>] do_el0_svc+0x48/0x78
[<0>] el0_slow_syscall+0x44/0x1b8
[<0>] el0t_64_sync_handler+0x100/0x130
[<0>] el0t_64_sync+0x188/0x190
--- tid=550371 wchan=hdcdrv_ub_cmd_wait_ctrl_msg
[<0>] hdcdrv_ub_cmd_wait_ctrl_msg+0x378/0x440 [drv_pcie_hdc_host]
[<0>] hdcdrv_ioctl+0x108/0x510 [drv_pcie_hdc_host]
[<0>] drv_ascend_intf_ioctl+0x7c/0x2b8 [asdrv_pbl]
[<0>] __arm64_sys_ioctl+0xb4/0x100
[<0>] invoke_syscall+0x50/0x128
[<0>] el0_svc_common.constprop.0+0xc8/0xf0
[<0>] do_el0_svc+0x48/0x78
[<0>] el0_slow_syscall+0x44/0x1b8
[<0>] el0t_64_sync_handler+0x100/0x130
[<0>] el0t_64_sync+0x188/0x190
--- tid=550372 wchan=hdcdrv_ub_cmd_wait_ctrl_msg
[<0>] hdcdrv_ub_cmd_wait_ctrl_msg+0x378/0x440 [drv_pcie_hdc_host]
[<0>] hdcdrv_ioctl+0x108/0x510 [drv_pcie_hdc_host]
[<0>] drv_ascend_intf_ioctl+0x7c/0x2b8 [asdrv_pbl]
[<0>] __arm64_sys_ioctl+0xb4/0x100
[<0>] invoke_syscall+0x50/0x128
[<0>] el0_svc_common.constprop.0+0xc8/0xf0
[<0>] do_el0_svc+0x48/0x78
[<0>] el0_slow_syscall+0x44/0x1b8
[<0>] el0t_64_sync_handler+0x100/0x130
[<0>] el0t_64_sync+0x188/0x190
--- tid=550373 wchan=hdcdrv_ub_cmd_wait_ctrl_msg
[<0>] hdcdrv_ub_cmd_wait_ctrl_msg+0x378/0x440 [drv_pcie_hdc_host]
[<0>] hdcdrv_ioctl+0x108/0x510 [drv_pcie_hdc_host]
[<0>] drv_ascend_intf_ioctl+0x7c/0x2b8 [asdrv_pbl]
[<0>] __arm64_sys_ioctl+0xb4/0x100
[<0>] invoke_syscall+0x50/0x128
[<0>] el0_svc_common.constprop.0+0xc8/0xf0
[<0>] do_el0_svc+0x48/0x78
[<0>] el0_slow_syscall+0x44/0x1b8
[<0>] el0t_64_sync_handler+0x100/0x130
[<0>] el0t_64_sync+0x188/0x190
--- tid=550374 wchan=hdcdrv_ub_cmd_wait_ctrl_msg
[<0>] hdcdrv_ub_cmd_wait_ctrl_msg+0x378/0x440 [drv_pcie_hdc_host]
[<0>] hdcdrv_ioctl+0x108/0x510 [drv_pcie_hdc_host]
[<0>] drv_ascend_intf_ioctl+0x7c/0x2b8 [asdrv_pbl]
[<0>] __arm64_sys_ioctl+0xb4/0x100
[<0>] invoke_syscall+0x50/0x128
[<0>] el0_svc_common.constprop.0+0xc8/0xf0
[<0>] do_el0_svc+0x48/0x78
[<0>] el0_slow_syscall+0x44/0x1b8
[<0>] el0t_64_sync_handler+0x100/0x130
[<0>] el0t_64_sync+0x188/0x190
--- tid=550375 wchan=hdcdrv_ub_cmd_wait_ctrl_msg
[<0>] hdcdrv_ub_cmd_wait_ctrl_msg+0x378/0x440 [drv_pcie_hdc_host]
[<0>] hdcdrv_ioctl+0x108/0x510 [drv_pcie_hdc_host]
[<0>] drv_ascend_intf_ioctl+0x7c/0x2b8 [asdrv_pbl]
[<0>] __arm64_sys_ioctl+0xb4/0x100
[<0>] invoke_syscall+0x50/0x128
[<0>] el0_svc_common.constprop.0+0xc8/0xf0
[<0>] do_el0_svc+0x48/0x78
[<0>] el0_slow_syscall+0x44/0x1b8
[<0>] el0t_64_sync_handler+0x100/0x130
[<0>] el0t_64_sync+0x188/0x190
--- tid=550376 wchan=futex_wait_queue
[<0>] futex_wait_queue+0x78/0xb0
[<0>] futex_wait+0xe8/0x1d0
[<0>] do_futex+0xec/0x1a0
[<0>] __arm64_sys_futex+0x80/0x198
[<0>] invoke_syscall+0x50/0x128
[<0>] el0_svc_common.constprop.0+0xc8/0xf0
[<0>] do_el0_svc+0x48/0x78
[<0>] el0_slow_syscall+0x44/0x1b8
[<0>] el0t_64_sync_handler+0x100/0x130
[<0>] el0t_64_sync+0x188/0x190
--- tid=550378 wchan=futex_wait_queue
[<0>] futex_wait_queue+0x78/0xb0
[<0>] futex_wait+0xe8/0x1d0
[<0>] do_futex+0xec/0x1a0
[<0>] __arm64_sys_futex+0x80/0x198
[<0>] invoke_syscall+0x50/0x128
[<0>] el0_svc_common.constprop.0+0xc8/0xf0
[<0>] do_el0_svc+0x48/0x78
[<0>] el0_slow_syscall+0x44/0x1b8
[<0>] el0t_64_sync_handler+0x100/0x130
[<0>] el0t_64_sync+0x188/0x190
--- tid=550422 wchan=sched_wait_event
[<0>] sched_wait_event+0x6e0/0x2220 [asdrv_esched]
[<0>] sched_fop_wait_event+0x90/0x190 [asdrv_esched]
[<0>] _sched_fop_ioctl+0x58/0x198 [asdrv_esched]
[<0>] sched_fop_ioctl+0xc0/0x168 [asdrv_esched]
[<0>] drv_ascend_intf_ioctl+0x7c/0x2b8 [asdrv_pbl]
[<0>] __arm64_sys_ioctl+0xb4/0x100
[<0>] invoke_syscall+0x50/0x128
[<0>] el0_svc_common.constprop.0+0xc8/0xf0
[<0>] do_el0_svc+0x48/0x78
[<0>] el0_slow_syscall+0x44/0x1b8
[<0>] el0t_64_sync_handler+0x100/0x130
[<0>] el0t_64_sync+0x188/0x190
--- tid=550460 wchan=ep_poll
[<0>] ep_poll+0x300/0x498
[<0>] do_epoll_wait+0x100/0x128
[<0>] do_epoll_pwait.part.0+0x1c/0xb8
[<0>] __arm64_sys_epoll_pwait+0x7c/0x128
[<0>] invoke_syscall+0x50/0x128
[<0>] el0_svc_common.constprop.0+0xc8/0xf0
[<0>] do_el0_svc+0x48/0x78
[<0>] el0_slow_syscall+0x44/0x1b8
[<0>] el0t_64_sync_handler+0x100/0x130
[<0>] el0t_64_sync+0x188/0x190
--- tid=550484 wchan=hrtimer_nanosleep
[<0>] hrtimer_nanosleep+0x80/0x100
[<0>] common_nsleep+0x4c/0x80
[<0>] __arm64_sys_clock_nanosleep+0xd4/0x158
[<0>] invoke_syscall+0x50/0x128
[<0>] el0_svc_common.constprop.0+0xc8/0xf0
[<0>] do_el0_svc+0x48/0x78
[<0>] el0_slow_syscall+0x44/0x1b8
[<0>] el0t_64_sync_handler+0x100/0x130
[<0>] el0t_64_sync+0x188/0x190
--- tid=550485 wchan=dms_event_wait_interrupt
[<0>] dms_event_wait_interrupt+0xb8/0x230 [asdrv_fms]
[<0>] dms_event_get_exception+0x88/0x238 [asdrv_fms]
[<0>] dms_event_get_fault_event+0xd8/0x448 [asdrv_fms]
[<0>] urd_feature_handle+0x74/0x220 [asdrv_pbl]
[<0>] dms_feature_process+0xc0/0x390 [asdrv_pbl]
[<0>] dms_cmd_process+0x110/0x260 [asdrv_pbl]
[<0>] dms_ioctl+0x1b4/0x260 [asdrv_pbl]
[<0>] drv_ascend_intf_ioctl+0x7c/0x2b8 [asdrv_pbl]
[<0>] __arm64_sys_ioctl+0xb4/0x100
[<0>] invoke_syscall+0x50/0x128
[<0>] el0_svc_common.constprop.0+0xc8/0xf0
[<0>] do_el0_svc+0x48/0x78
--- tid=550486 wchan=futex_wait_queue
[<0>] futex_wait_queue+0x78/0xb0
[<0>] futex_wait+0xe8/0x1d0
[<0>] do_futex+0xec/0x1a0
[<0>] __arm64_sys_futex+0x80/0x198
[<0>] invoke_syscall+0x50/0x128
[<0>] el0_svc_common.constprop.0+0xc8/0xf0
[<0>] do_el0_svc+0x48/0x78
[<0>] el0_slow_syscall+0x44/0x1b8
[<0>] el0t_64_sync_handler+0x100/0x130
[<0>] el0t_64_sync+0x188/0x190
--- tid=550489 wchan=do_wait_intr_irq
[<0>] do_wait_intr_irq+0x94/0x168
[<0>] eventfd_read+0xc0/0x2c8
[<0>] new_sync_read+0xac/0x148
[<0>] vfs_read+0x194/0x1e8
[<0>] ksys_read+0x78/0x118
[<0>] __arm64_sys_read+0x24/0x38
[<0>] invoke_syscall+0x50/0x128
[<0>] el0_svc_common.constprop.0+0xc8/0xf0
[<0>] do_el0_svc+0x48/0x78
[<0>] el0_slow_syscall+0x44/0x1b8
[<0>] el0t_64_sync_handler+0x100/0x130
[<0>] el0t_64_sync+0x188/0x190
--- tid=550490 wchan=do_select
[<0>] do_select+0x424/0x618
[<0>] core_sys_select+0x1dc/0x510
[<0>] __se_sys_pselect6+0x104/0x1c8
[<0>] __arm64_sys_pselect6+0x28/0x48
[<0>] invoke_syscall+0x50/0x128
[<0>] el0_svc_common.constprop.0+0xc8/0xf0
[<0>] do_el0_svc+0x48/0x78
[<0>] el0_slow_syscall+0x44/0x1b8
[<0>] el0t_64_sync_handler+0x100/0x130
[<0>] el0t_64_sync+0x188/0x190
--- tid=550492 wchan=futex_wait_queue
[<0>] futex_wait_queue+0x78/0xb0
[<0>] futex_wait+0xe8/0x1d0
[<0>] do_futex+0xec/0x1a0
[<0>] __arm64_sys_futex+0x80/0x198
[<0>] invoke_syscall+0x50/0x128
[<0>] el0_svc_common.constprop.0+0xc8/0xf0
[<0>] do_el0_svc+0x48/0x78
[<0>] el0_slow_syscall+0x44/0x1b8
[<0>] el0t_64_sync_handler+0x100/0x130
[<0>] el0t_64_sync+0x188/0x190
--- tid=550493 wchan=futex_wait_queue
[<0>] futex_wait_queue+0x78/0xb0
[<0>] futex_wait+0xe8/0x1d0
[<0>] do_futex+0xec/0x1a0
[<0>] __arm64_sys_futex+0x80/0x198
[<0>] invoke_syscall+0x50/0x128
[<0>] el0_svc_common.constprop.0+0xc8/0xf0
[<0>] do_el0_svc+0x48/0x78
[<0>] el0_slow_syscall+0x44/0x1b8
[<0>] el0t_64_sync_handler+0x100/0x130
[<0>] el0t_64_sync+0x188/0x190
--- tid=550494 wchan=futex_wait_queue
[<0>] futex_wait_queue+0x78/0xb0
[<0>] futex_wait+0xe8/0x1d0
[<0>] do_futex+0xec/0x1a0
[<0>] __arm64_sys_futex+0x80/0x198
[<0>] invoke_syscall+0x50/0x128
[<0>] el0_svc_common.constprop.0+0xc8/0xf0
[<0>] do_el0_svc+0x48/0x78
[<0>] el0_slow_syscall+0x44/0x1b8
[<0>] el0t_64_sync_handler+0x100/0x130
[<0>] el0t_64_sync+0x188/0x190
--- tid=550495 wchan=futex_wait_queue
[<0>] futex_wait_queue+0x78/0xb0
[<0>] futex_wait+0xe8/0x1d0
[<0>] do_futex+0xec/0x1a0
[<0>] __arm64_sys_futex+0x80/0x198
[<0>] invoke_syscall+0x50/0x128
[<0>] el0_svc_common.constprop.0+0xc8/0xf0
[<0>] do_el0_svc+0x48/0x78
[<0>] el0_slow_syscall+0x44/0x1b8
[<0>] el0t_64_sync_handler+0x100/0x130
[<0>] el0t_64_sync+0x188/0x190
--- tid=550496 wchan=futex_wait_queue
[<0>] futex_wait_queue+0x78/0xb0
[<0>] futex_wait+0xe8/0x1d0
[<0>] do_futex+0xec/0x1a0
[<0>] __arm64_sys_futex+0x80/0x198
[<0>] invoke_syscall+0x50/0x128
[<0>] el0_svc_common.constprop.0+0xc8/0xf0
[<0>] do_el0_svc+0x48/0x78
[<0>] el0_slow_syscall+0x44/0x1b8
[<0>] el0t_64_sync_handler+0x100/0x130
[<0>] el0t_64_sync+0x188/0x190
--- tid=550497 wchan=futex_wait_queue
[<0>] futex_wait_queue+0x78/0xb0
[<0>] futex_wait+0xe8/0x1d0
[<0>] do_futex+0xec/0x1a0
[<0>] __arm64_sys_futex+0x80/0x198
[<0>] invoke_syscall+0x50/0x128
[<0>] el0_svc_common.constprop.0+0xc8/0xf0
[<0>] do_el0_svc+0x48/0x78
[<0>] el0_slow_syscall+0x44/0x1b8
[<0>] el0t_64_sync_handler+0x100/0x130
[<0>] el0t_64_sync+0x188/0x190
--- tid=550498 wchan=futex_wait_queue
[<0>] futex_wait_queue+0x78/0xb0
[<0>] futex_wait+0xe8/0x1d0
[<0>] do_futex+0xec/0x1a0
[<0>] __arm64_sys_futex+0x80/0x198
[<0>] invoke_syscall+0x50/0x128
[<0>] el0_svc_common.constprop.0+0xc8/0xf0
[<0>] do_el0_svc+0x48/0x78
[<0>] el0_slow_syscall+0x44/0x1b8
[<0>] el0t_64_sync_handler+0x100/0x130
[<0>] el0t_64_sync+0x188/0x190
--- tid=550499 wchan=futex_wait_queue
[<0>] futex_wait_queue+0x78/0xb0
[<0>] futex_wait+0xe8/0x1d0
[<0>] do_futex+0xec/0x1a0
[<0>] __arm64_sys_futex+0x80/0x198
[<0>] invoke_syscall+0x50/0x128
[<0>] el0_svc_common.constprop.0+0xc8/0xf0
[<0>] do_el0_svc+0x48/0x78
[<0>] el0_slow_syscall+0x44/0x1b8
[<0>] el0t_64_sync_handler+0x100/0x130
[<0>] el0t_64_sync+0x188/0x190
--- tid=550500 wchan=futex_wait_queue
[<0>] futex_wait_queue+0x78/0xb0
[<0>] futex_wait+0xe8/0x1d0
[<0>] do_futex+0xec/0x1a0
[<0>] __arm64_sys_futex+0x80/0x198
[<0>] invoke_syscall+0x50/0x128
[<0>] el0_svc_common.constprop.0+0xc8/0xf0
[<0>] do_el0_svc+0x48/0x78
[<0>] el0_slow_syscall+0x44/0x1b8
[<0>] el0t_64_sync_handler+0x100/0x130
[<0>] el0t_64_sync+0x188/0x190
--- tid=550521 wchan=futex_wait_queue
[<0>] futex_wait_queue+0x78/0xb0
[<0>] futex_wait+0xe8/0x1d0
[<0>] do_futex+0xec/0x1a0
[<0>] __arm64_sys_futex+0x80/0x198
[<0>] invoke_syscall+0x50/0x128
[<0>] el0_svc_common.constprop.0+0xc8/0xf0
[<0>] do_el0_svc+0x48/0x78
[<0>] el0_slow_syscall+0x44/0x1b8
[<0>] el0t_64_sync_handler+0x100/0x130
[<0>] el0t_64_sync+0x188/0x190
--- tid=550522 wchan=futex_wait_queue
[<0>] futex_wait_queue+0x78/0xb0
[<0>] futex_wait+0xe8/0x1d0
[<0>] do_futex+0xec/0x1a0
[<0>] __arm64_sys_futex+0x80/0x198
[<0>] invoke_syscall+0x50/0x128
[<0>] el0_svc_common.constprop.0+0xc8/0xf0
[<0>] do_el0_svc+0x48/0x78
[<0>] el0_slow_syscall+0x44/0x1b8
[<0>] el0t_64_sync_handler+0x100/0x130
[<0>] el0t_64_sync+0x188/0x190
--- tid=550523 wchan=ep_poll
[<0>] ep_poll+0x300/0x498
[<0>] do_epoll_wait+0x100/0x128
[<0>] do_epoll_pwait.part.0+0x1c/0xb8
[<0>] __arm64_sys_epoll_pwait+0x7c/0x128
[<0>] invoke_syscall+0x50/0x128
[<0>] el0_svc_common.constprop.0+0xc8/0xf0
[<0>] do_el0_svc+0x48/0x78
[<0>] el0_slow_syscall+0x44/0x1b8
[<0>] el0t_64_sync_handler+0x100/0x130
[<0>] el0t_64_sync+0x188/0x190
--- tid=550589 wchan=futex_wait_queue
[<0>] futex_wait_queue+0x78/0xb0
[<0>] futex_wait+0xe8/0x1d0
[<0>] do_futex+0xec/0x1a0
[<0>] __arm64_sys_futex+0x80/0x198
[<0>] invoke_syscall+0x50/0x128
[<0>] el0_svc_common.constprop.0+0xc8/0xf0
[<0>] do_el0_svc+0x48/0x78
[<0>] el0_slow_syscall+0x44/0x1b8
[<0>] el0t_64_sync_handler+0x100/0x130
[<0>] el0t_64_sync+0x188/0x190
--- tid=550590 wchan=futex_wait_queue
[<0>] futex_wait_queue+0x78/0xb0
[<0>] futex_wait+0xe8/0x1d0
[<0>] do_futex+0xec/0x1a0
[<0>] __arm64_sys_futex+0x80/0x198
[<0>] invoke_syscall+0x50/0x128
[<0>] el0_svc_common.constprop.0+0xc8/0xf0
[<0>] do_el0_svc+0x48/0x78
[<0>] el0_slow_syscall+0x44/0x1b8
[<0>] el0t_64_sync_handler+0x100/0x130
[<0>] el0t_64_sync+0x188/0x190
--- tid=550597 wchan=futex_wait_queue
[<0>] futex_wait_queue+0x78/0xb0
[<0>] futex_wait+0xe8/0x1d0
[<0>] do_futex+0xec/0x1a0
[<0>] __arm64_sys_futex+0x80/0x198
[<0>] invoke_syscall+0x50/0x128
[<0>] el0_svc_common.constprop.0+0xc8/0xf0
[<0>] do_el0_svc+0x48/0x78
[<0>] el0_slow_syscall+0x44/0x1b8
[<0>] el0t_64_sync_handler+0x100/0x130
[<0>] el0t_64_sync+0x188/0x190
--- tid=550606 wchan=ep_poll
[<0>] ep_poll+0x300/0x498
[<0>] do_epoll_wait+0x100/0x128
[<0>] do_epoll_pwait.part.0+0x1c/0xb8
[<0>] __arm64_sys_epoll_pwait+0x7c/0x128
[<0>] invoke_syscall+0x50/0x128
[<0>] el0_svc_common.constprop.0+0xc8/0xf0
[<0>] do_el0_svc+0x48/0x78
[<0>] el0_slow_syscall+0x44/0x1b8
[<0>] el0t_64_sync_handler+0x100/0x130
[<0>] el0t_64_sync+0x188/0x190
--- tid=550610 wchan=futex_wait_queue
[<0>] futex_wait_queue+0x78/0xb0
[<0>] futex_wait+0xe8/0x1d0
[<0>] do_futex+0xec/0x1a0
[<0>] __arm64_sys_futex+0x80/0x198
[<0>] invoke_syscall+0x50/0x128
[<0>] el0_svc_common.constprop.0+0xc8/0xf0
[<0>] do_el0_svc+0x48/0x78
[<0>] el0_slow_syscall+0x44/0x1b8
[<0>] el0t_64_sync_handler+0x100/0x130
[<0>] el0t_64_sync+0x188/0x190
--- tid=550612 wchan=futex_wait_queue
[<0>] futex_wait_queue+0x78/0xb0
[<0>] futex_wait+0xe8/0x1d0
[<0>] do_futex+0xec/0x1a0
[<0>] __arm64_sys_futex+0x80/0x198
[<0>] invoke_syscall+0x50/0x128
[<0>] el0_svc_common.constprop.0+0xc8/0xf0
[<0>] do_el0_svc+0x48/0x78
[<0>] el0_slow_syscall+0x44/0x1b8
[<0>] el0t_64_sync_handler+0x100/0x130
[<0>] el0t_64_sync+0x188/0x190
--- tid=550630 wchan=ep_poll
[<0>] ep_poll+0x300/0x498
[<0>] do_epoll_wait+0x100/0x128
[<0>] do_epoll_pwait.part.0+0x1c/0xb8
[<0>] __arm64_sys_epoll_pwait+0x7c/0x128
[<0>] invoke_syscall+0x50/0x128
[<0>] el0_svc_common.constprop.0+0xc8/0xf0
[<0>] do_el0_svc+0x48/0x78
[<0>] el0_slow_syscall+0x44/0x1b8
[<0>] el0t_64_sync_handler+0x100/0x130
[<0>] el0t_64_sync+0x188/0x190
--- tid=550637 wchan=ep_poll
[<0>] ep_poll+0x300/0x498
[<0>] do_epoll_wait+0x100/0x128
[<0>] do_epoll_pwait.part.0+0x1c/0xb8
[<0>] __arm64_sys_epoll_pwait+0x7c/0x128
[<0>] invoke_syscall+0x50/0x128
[<0>] el0_svc_common.constprop.0+0xc8/0xf0
[<0>] do_el0_svc+0x48/0x78
[<0>] el0_slow_syscall+0x44/0x1b8
[<0>] el0t_64_sync_handler+0x100/0x130
[<0>] el0t_64_sync+0x188/0x190
--- tid=550646 wchan=futex_wait_queue
[<0>] futex_wait_queue+0x78/0xb0
[<0>] futex_wait+0xe8/0x1d0
[<0>] do_futex+0xec/0x1a0
[<0>] __arm64_sys_futex+0x80/0x198
[<0>] invoke_syscall+0x50/0x128
[<0>] el0_svc_common.constprop.0+0xc8/0xf0
[<0>] do_el0_svc+0x48/0x78
[<0>] el0_slow_syscall+0x44/0x1b8
[<0>] el0t_64_sync_handler+0x100/0x130
[<0>] el0t_64_sync+0x188/0x190
--- tid=550656 wchan=ep_poll
[<0>] ep_poll+0x300/0x498
[<0>] do_epoll_wait+0x100/0x128
[<0>] do_epoll_pwait.part.0+0x1c/0xb8
[<0>] __arm64_sys_epoll_pwait+0x7c/0x128
[<0>] invoke_syscall+0x50/0x128
[<0>] el0_svc_common.constprop.0+0xc8/0xf0
[<0>] do_el0_svc+0x48/0x78
[<0>] el0_slow_syscall+0x44/0x1b8
[<0>] el0t_64_sync_handler+0x100/0x130
[<0>] el0t_64_sync+0x188/0x190
--- tid=550663 wchan=futex_wait_queue
[<0>] futex_wait_queue+0x78/0xb0
[<0>] futex_wait+0xe8/0x1d0
[<0>] do_futex+0xec/0x1a0
[<0>] __arm64_sys_futex+0x80/0x198
[<0>] invoke_syscall+0x50/0x128
[<0>] el0_svc_common.constprop.0+0xc8/0xf0
[<0>] do_el0_svc+0x48/0x78
[<0>] el0_slow_syscall+0x44/0x1b8
[<0>] el0t_64_sync_handler+0x100/0x130
[<0>] el0t_64_sync+0x188/0x190
--- tid=550670 wchan=futex_wait_queue
[<0>] futex_wait_queue+0x78/0xb0
[<0>] futex_wait+0xe8/0x1d0
[<0>] do_futex+0xec/0x1a0
[<0>] __arm64_sys_futex+0x80/0x198
[<0>] invoke_syscall+0x50/0x128
[<0>] el0_svc_common.constprop.0+0xc8/0xf0
[<0>] do_el0_svc+0x48/0x78
[<0>] el0_slow_syscall+0x44/0x1b8
[<0>] el0t_64_sync_handler+0x100/0x130
[<0>] el0t_64_sync+0x188/0x190
--- tid=550679 wchan=futex_wait_queue
[<0>] futex_wait_queue+0x78/0xb0
[<0>] futex_wait+0xe8/0x1d0
[<0>] do_futex+0xec/0x1a0
[<0>] __arm64_sys_futex+0x80/0x198
[<0>] invoke_syscall+0x50/0x128
[<0>] el0_svc_common.constprop.0+0xc8/0xf0
[<0>] do_el0_svc+0x48/0x78
[<0>] el0_slow_syscall+0x44/0x1b8
[<0>] el0t_64_sync_handler+0x100/0x130
[<0>] el0t_64_sync+0x188/0x190
--- tid=550687 wchan=ep_poll
[<0>] ep_poll+0x300/0x498
[<0>] do_epoll_wait+0x100/0x128
[<0>] do_epoll_pwait.part.0+0x1c/0xb8
[<0>] __arm64_sys_epoll_pwait+0x7c/0x128
[<0>] invoke_syscall+0x50/0x128
[<0>] el0_svc_common.constprop.0+0xc8/0xf0
[<0>] do_el0_svc+0x48/0x78
[<0>] el0_slow_syscall+0x44/0x1b8
[<0>] el0t_64_sync_handler+0x100/0x130
[<0>] el0t_64_sync+0x188/0x190
--- tid=550695 wchan=futex_wait_queue
[<0>] futex_wait_queue+0x78/0xb0
[<0>] futex_wait+0xe8/0x1d0
[<0>] do_futex+0xec/0x1a0
[<0>] __arm64_sys_futex+0x80/0x198
[<0>] invoke_syscall+0x50/0x128
[<0>] el0_svc_common.constprop.0+0xc8/0xf0
[<0>] do_el0_svc+0x48/0x78
[<0>] el0_slow_syscall+0x44/0x1b8
[<0>] el0t_64_sync_handler+0x100/0x130
[<0>] el0t_64_sync+0x188/0x190
--- tid=550704 wchan=futex_wait_queue
[<0>] futex_wait_queue+0x78/0xb0
[<0>] futex_wait+0xe8/0x1d0
[<0>] do_futex+0xec/0x1a0
[<0>] __arm64_sys_futex+0x80/0x198
[<0>] invoke_syscall+0x50/0x128
[<0>] el0_svc_common.constprop.0+0xc8/0xf0
[<0>] do_el0_svc+0x48/0x78
[<0>] el0_slow_syscall+0x44/0x1b8
[<0>] el0t_64_sync_handler+0x100/0x130
[<0>] el0t_64_sync+0x188/0x190
--- tid=550712 wchan=futex_wait_queue
[<0>] futex_wait_queue+0x78/0xb0
[<0>] futex_wait+0xe8/0x1d0
[<0>] do_futex+0xec/0x1a0
[<0>] __arm64_sys_futex+0x80/0x198
[<0>] invoke_syscall+0x50/0x128
[<0>] el0_svc_common.constprop.0+0xc8/0xf0
[<0>] do_el0_svc+0x48/0x78
[<0>] el0_slow_syscall+0x44/0x1b8
[<0>] el0t_64_sync_handler+0x100/0x130
[<0>] el0t_64_sync+0x188/0x190
--- tid=550720 wchan=ep_poll
[<0>] ep_poll+0x300/0x498
[<0>] do_epoll_wait+0x100/0x128
[<0>] do_epoll_pwait.part.0+0x1c/0xb8
[<0>] __arm64_sys_epoll_pwait+0x7c/0x128
[<0>] invoke_syscall+0x50/0x128
[<0>] el0_svc_common.constprop.0+0xc8/0xf0
[<0>] do_el0_svc+0x48/0x78
[<0>] el0_slow_syscall+0x44/0x1b8
[<0>] el0t_64_sync_handler+0x100/0x130
[<0>] el0t_64_sync+0x188/0x190
--- tid=550727 wchan=futex_wait_queue
[<0>] futex_wait_queue+0x78/0xb0
[<0>] futex_wait+0xe8/0x1d0
[<0>] do_futex+0xec/0x1a0
[<0>] __arm64_sys_futex+0x80/0x198
[<0>] invoke_syscall+0x50/0x128
[<0>] el0_svc_common.constprop.0+0xc8/0xf0
[<0>] do_el0_svc+0x48/0x78
[<0>] el0_slow_syscall+0x44/0x1b8
[<0>] el0t_64_sync_handler+0x100/0x130
[<0>] el0t_64_sync+0x188/0x190
--- tid=550736 wchan=futex_wait_queue
[<0>] futex_wait_queue+0x78/0xb0
[<0>] futex_wait+0xe8/0x1d0
[<0>] do_futex+0xec/0x1a0
[<0>] __arm64_sys_futex+0x80/0x198
[<0>] invoke_syscall+0x50/0x128
[<0>] el0_svc_common.constprop.0+0xc8/0xf0
[<0>] do_el0_svc+0x48/0x78
[<0>] el0_slow_syscall+0x44/0x1b8
[<0>] el0t_64_sync_handler+0x100/0x130
[<0>] el0t_64_sync+0x188/0x190
--- tid=550743 wchan=futex_wait_queue
[<0>] futex_wait_queue+0x78/0xb0
[<0>] futex_wait+0xe8/0x1d0
[<0>] do_futex+0xec/0x1a0
[<0>] __arm64_sys_futex+0x80/0x198
[<0>] invoke_syscall+0x50/0x128
[<0>] el0_svc_common.constprop.0+0xc8/0xf0
[<0>] do_el0_svc+0x48/0x78
[<0>] el0_slow_syscall+0x44/0x1b8
[<0>] el0t_64_sync_handler+0x100/0x130
[<0>] el0t_64_sync+0x188/0x190
--- tid=550750 wchan=ep_poll
[<0>] ep_poll+0x300/0x498
[<0>] do_epoll_wait+0x100/0x128
[<0>] do_epoll_pwait.part.0+0x1c/0xb8
[<0>] __arm64_sys_epoll_pwait+0x7c/0x128
[<0>] invoke_syscall+0x50/0x128
[<0>] el0_svc_common.constprop.0+0xc8/0xf0
[<0>] do_el0_svc+0x48/0x78
[<0>] el0_slow_syscall+0x44/0x1b8
[<0>] el0t_64_sync_handler+0x100/0x130
[<0>] el0t_64_sync+0x188/0x190
--- tid=550760 wchan=futex_wait_queue
[<0>] futex_wait_queue+0x78/0xb0
[<0>] futex_wait+0xe8/0x1d0
[<0>] do_futex+0xec/0x1a0
[<0>] __arm64_sys_futex+0x80/0x198
[<0>] invoke_syscall+0x50/0x128
[<0>] el0_svc_common.constprop.0+0xc8/0xf0
[<0>] do_el0_svc+0x48/0x78
[<0>] el0_slow_syscall+0x44/0x1b8
[<0>] el0t_64_sync_handler+0x100/0x130
[<0>] el0t_64_sync+0x188/0x190
--- tid=550763 wchan=futex_wait_queue
[<0>] futex_wait_queue+0x78/0xb0
[<0>] futex_wait+0xe8/0x1d0
[<0>] do_futex+0xec/0x1a0
[<0>] __arm64_sys_futex+0x80/0x198
[<0>] invoke_syscall+0x50/0x128
[<0>] el0_svc_common.constprop.0+0xc8/0xf0
[<0>] do_el0_svc+0x48/0x78
[<0>] el0_slow_syscall+0x44/0x1b8
[<0>] el0t_64_sync_handler+0x100/0x130
[<0>] el0t_64_sync+0x188/0x190
--- tid=550773 wchan=futex_wait_queue
[<0>] futex_wait_queue+0x78/0xb0
[<0>] futex_wait+0xe8/0x1d0
[<0>] do_futex+0xec/0x1a0
[<0>] __arm64_sys_futex+0x80/0x198
[<0>] invoke_syscall+0x50/0x128
[<0>] el0_svc_common.constprop.0+0xc8/0xf0
[<0>] do_el0_svc+0x48/0x78
[<0>] el0_slow_syscall+0x44/0x1b8
[<0>] el0t_64_sync_handler+0x100/0x130
[<0>] el0t_64_sync+0x188/0x190
--- tid=550781 wchan=ep_poll
[<0>] ep_poll+0x300/0x498
[<0>] do_epoll_wait+0x100/0x128
[<0>] do_epoll_pwait.part.0+0x1c/0xb8
[<0>] __arm64_sys_epoll_pwait+0x7c/0x128
[<0>] invoke_syscall+0x50/0x128
[<0>] el0_svc_common.constprop.0+0xc8/0xf0
[<0>] do_el0_svc+0x48/0x78
[<0>] el0_slow_syscall+0x44/0x1b8
[<0>] el0t_64_sync_handler+0x100/0x130
[<0>] el0t_64_sync+0x188/0x190
--- tid=550797 wchan=futex_wait_queue
[<0>] futex_wait_queue+0x78/0xb0
[<0>] futex_wait+0xe8/0x1d0
[<0>] do_futex+0xec/0x1a0
[<0>] __arm64_sys_futex+0x80/0x198
[<0>] invoke_syscall+0x50/0x128
[<0>] el0_svc_common.constprop.0+0xc8/0xf0
[<0>] do_el0_svc+0x48/0x78
[<0>] el0_slow_syscall+0x44/0x1b8
[<0>] el0t_64_sync_handler+0x100/0x130
[<0>] el0t_64_sync+0x188/0x190
--- tid=550798 wchan=futex_wait_queue
[<0>] futex_wait_queue+0x78/0xb0
[<0>] futex_wait+0xe8/0x1d0
[<0>] do_futex+0xec/0x1a0
[<0>] __arm64_sys_futex+0x80/0x198
[<0>] invoke_syscall+0x50/0x128
[<0>] el0_svc_common.constprop.0+0xc8/0xf0
[<0>] do_el0_svc+0x48/0x78
[<0>] el0_slow_syscall+0x44/0x1b8
[<0>] el0t_64_sync_handler+0x100/0x130
[<0>] el0t_64_sync+0x188/0x190
--- tid=550806 wchan=futex_wait_queue
[<0>] futex_wait_queue+0x78/0xb0
[<0>] futex_wait+0xe8/0x1d0
[<0>] do_futex+0xec/0x1a0
[<0>] __arm64_sys_futex+0x80/0x198
[<0>] invoke_syscall+0x50/0x128
[<0>] el0_svc_common.constprop.0+0xc8/0xf0
[<0>] do_el0_svc+0x48/0x78
[<0>] el0_slow_syscall+0x44/0x1b8
[<0>] el0t_64_sync_handler+0x100/0x130
[<0>] el0t_64_sync+0x188/0x190
--- tid=550815 wchan=ep_poll
[<0>] ep_poll+0x300/0x498
[<0>] do_epoll_wait+0x100/0x128
[<0>] do_epoll_pwait.part.0+0x1c/0xb8
[<0>] __arm64_sys_epoll_pwait+0x7c/0x128
[<0>] invoke_syscall+0x50/0x128
[<0>] el0_svc_common.constprop.0+0xc8/0xf0
[<0>] do_el0_svc+0x48/0x78
[<0>] el0_slow_syscall+0x44/0x1b8
[<0>] el0t_64_sync_handler+0x100/0x130
[<0>] el0t_64_sync+0x188/0x190
--- tid=550826 wchan=futex_wait_queue
[<0>] futex_wait_queue+0x78/0xb0
[<0>] futex_wait+0xe8/0x1d0
[<0>] do_futex+0xec/0x1a0
[<0>] __arm64_sys_futex+0x80/0x198
[<0>] invoke_syscall+0x50/0x128
[<0>] el0_svc_common.constprop.0+0xc8/0xf0
[<0>] do_el0_svc+0x48/0x78
[<0>] el0_slow_syscall+0x44/0x1b8
[<0>] el0t_64_sync_handler+0x100/0x130
[<0>] el0t_64_sync+0x188/0x190
--- tid=550828 wchan=futex_wait_queue
[<0>] futex_wait_queue+0x78/0xb0
[<0>] futex_wait+0xe8/0x1d0
[<0>] do_futex+0xec/0x1a0
[<0>] __arm64_sys_futex+0x80/0x198
[<0>] invoke_syscall+0x50/0x128
[<0>] el0_svc_common.constprop.0+0xc8/0xf0
[<0>] do_el0_svc+0x48/0x78
[<0>] el0_slow_syscall+0x44/0x1b8
[<0>] el0t_64_sync_handler+0x100/0x130
[<0>] el0t_64_sync+0x188/0x190
--- tid=550875 wchan=futex_wait_queue
[<0>] futex_wait_queue+0x78/0xb0
[<0>] futex_wait+0xe8/0x1d0
[<0>] do_futex+0xec/0x1a0
[<0>] __arm64_sys_futex+0x80/0x198
[<0>] invoke_syscall+0x50/0x128
[<0>] el0_svc_common.constprop.0+0xc8/0xf0
[<0>] do_el0_svc+0x48/0x78
[<0>] el0_slow_syscall+0x44/0x1b8
[<0>] el0t_64_sync_handler+0x100/0x130
[<0>] el0t_64_sync+0x188/0x190
--- tid=550883 wchan=futex_wait_queue
[<0>] futex_wait_queue+0x78/0xb0
[<0>] futex_wait+0xe8/0x1d0
[<0>] do_futex+0xec/0x1a0
[<0>] __arm64_sys_futex+0x80/0x198
[<0>] invoke_syscall+0x50/0x128
[<0>] el0_svc_common.constprop.0+0xc8/0xf0
[<0>] do_el0_svc+0x48/0x78
[<0>] el0_slow_syscall+0x44/0x1b8
[<0>] el0t_64_sync_handler+0x100/0x130
[<0>] el0t_64_sync+0x188/0x190
--- tid=550889 wchan=futex_wait_queue
[<0>] futex_wait_queue+0x78/0xb0
[<0>] futex_wait+0xe8/0x1d0
[<0>] do_futex+0xec/0x1a0
[<0>] __arm64_sys_futex+0x80/0x198
[<0>] invoke_syscall+0x50/0x128
[<0>] el0_svc_common.constprop.0+0xc8/0xf0
[<0>] do_el0_svc+0x48/0x78
[<0>] el0_slow_syscall+0x44/0x1b8
[<0>] el0t_64_sync_handler+0x100/0x130
[<0>] el0t_64_sync+0x188/0x190
--- tid=550890 wchan=futex_wait_queue
[<0>] futex_wait_queue+0x78/0xb0
[<0>] futex_wait+0xe8/0x1d0
[<0>] do_futex+0xec/0x1a0
[<0>] __arm64_sys_futex+0x80/0x198
[<0>] invoke_syscall+0x50/0x128
[<0>] el0_svc_common.constprop.0+0xc8/0xf0
[<0>] do_el0_svc+0x48/0x78
[<0>] el0_slow_syscall+0x44/0x1b8
[<0>] el0t_64_sync_handler+0x100/0x130
[<0>] el0t_64_sync+0x188/0x190
--- tid=550891 wchan=futex_wait_queue
[<0>] futex_wait_queue+0x78/0xb0
[<0>] futex_wait+0xe8/0x1d0
[<0>] do_futex+0xec/0x1a0
[<0>] __arm64_sys_futex+0x80/0x198
[<0>] invoke_syscall+0x50/0x128
[<0>] el0_svc_common.constprop.0+0xc8/0xf0
[<0>] do_el0_svc+0x48/0x78
[<0>] el0_slow_syscall+0x44/0x1b8
[<0>] el0t_64_sync_handler+0x100/0x130
[<0>] el0t_64_sync+0x188/0x190
--- tid=550892 wchan=futex_wait_queue
[<0>] futex_wait_queue+0x78/0xb0
[<0>] futex_wait+0xe8/0x1d0
[<0>] do_futex+0xec/0x1a0
[<0>] __arm64_sys_futex+0x80/0x198
[<0>] invoke_syscall+0x50/0x128
[<0>] el0_svc_common.constprop.0+0xc8/0xf0
[<0>] do_el0_svc+0x48/0x78
[<0>] el0_slow_syscall+0x44/0x1b8
[<0>] el0t_64_sync_handler+0x100/0x130
[<0>] el0t_64_sync+0x188/0x190
--- tid=550893 wchan=futex_wait_queue
[<0>] futex_wait_queue+0x78/0xb0
[<0>] futex_wait+0xe8/0x1d0
[<0>] do_futex+0xec/0x1a0
[<0>] __arm64_sys_futex+0x80/0x198
[<0>] invoke_syscall+0x50/0x128
[<0>] el0_svc_common.constprop.0+0xc8/0xf0
[<0>] do_el0_svc+0x48/0x78
[<0>] el0_slow_syscall+0x44/0x1b8
[<0>] el0t_64_sync_handler+0x100/0x130
[<0>] el0t_64_sync+0x188/0x190
--- tid=550894 wchan=futex_wait_queue
[<0>] futex_wait_queue+0x78/0xb0
[<0>] futex_wait+0xe8/0x1d0
[<0>] do_futex+0xec/0x1a0
[<0>] __arm64_sys_futex+0x80/0x198
[<0>] invoke_syscall+0x50/0x128
[<0>] el0_svc_common.constprop.0+0xc8/0xf0
[<0>] do_el0_svc+0x48/0x78
[<0>] el0_slow_syscall+0x44/0x1b8
[<0>] el0t_64_sync_handler+0x100/0x130
[<0>] el0t_64_sync+0x188/0x190
--- tid=550895 wchan=futex_wait_queue
[<0>] futex_wait_queue+0x78/0xb0
[<0>] futex_wait+0xe8/0x1d0
[<0>] do_futex+0xec/0x1a0
[<0>] __arm64_sys_futex+0x80/0x198
[<0>] invoke_syscall+0x50/0x128
[<0>] el0_svc_common.constprop.0+0xc8/0xf0
[<0>] do_el0_svc+0x48/0x78
[<0>] el0_slow_syscall+0x44/0x1b8
[<0>] el0t_64_sync_handler+0x100/0x130
[<0>] el0t_64_sync+0x188/0x190
--- tid=550932 wchan=futex_wait_queue
[<0>] futex_wait_queue+0x78/0xb0
[<0>] futex_wait+0xe8/0x1d0
[<0>] do_futex+0xec/0x1a0
[<0>] __arm64_sys_futex+0x80/0x198
[<0>] invoke_syscall+0x50/0x128
[<0>] el0_svc_common.constprop.0+0xc8/0xf0
[<0>] do_el0_svc+0x48/0x78
[<0>] el0_slow_syscall+0x44/0x1b8
[<0>] el0t_64_sync_handler+0x100/0x130
[<0>] el0t_64_sync+0x188/0x190
--- tid=550935 wchan=futex_wait_queue
[<0>] futex_wait_queue+0x78/0xb0
[<0>] futex_wait+0xe8/0x1d0
[<0>] do_futex+0xec/0x1a0
[<0>] __arm64_sys_futex+0x80/0x198
[<0>] invoke_syscall+0x50/0x128
[<0>] el0_svc_common.constprop.0+0xc8/0xf0
[<0>] do_el0_svc+0x48/0x78
[<0>] el0_slow_syscall+0x44/0x1b8
[<0>] el0t_64_sync_handler+0x100/0x130
[<0>] el0t_64_sync+0x188/0x190
--- tid=550937 wchan=futex_wait_queue
[<0>] futex_wait_queue+0x78/0xb0
[<0>] futex_wait+0xe8/0x1d0
[<0>] do_futex+0xec/0x1a0
[<0>] __arm64_sys_futex+0x80/0x198
[<0>] invoke_syscall+0x50/0x128
[<0>] el0_svc_common.constprop.0+0xc8/0xf0
[<0>] do_el0_svc+0x48/0x78
[<0>] el0_slow_syscall+0x44/0x1b8
[<0>] el0t_64_sync_handler+0x100/0x130
[<0>] el0t_64_sync+0x188/0x190
--- tid=550938 wchan=futex_wait_queue
[<0>] futex_wait_queue+0x78/0xb0
[<0>] futex_wait+0xe8/0x1d0
[<0>] do_futex+0xec/0x1a0
[<0>] __arm64_sys_futex+0x80/0x198
[<0>] invoke_syscall+0x50/0x128
[<0>] el0_svc_common.constprop.0+0xc8/0xf0
[<0>] do_el0_svc+0x48/0x78
[<0>] el0_slow_syscall+0x44/0x1b8
[<0>] el0t_64_sync_handler+0x100/0x130
[<0>] el0t_64_sync+0x188/0x190
--- tid=550941 wchan=futex_wait_queue
[<0>] futex_wait_queue+0x78/0xb0
[<0>] futex_wait+0xe8/0x1d0
[<0>] do_futex+0xec/0x1a0
[<0>] __arm64_sys_futex+0x80/0x198
[<0>] invoke_syscall+0x50/0x128
[<0>] el0_svc_common.constprop.0+0xc8/0xf0
[<0>] do_el0_svc+0x48/0x78
[<0>] el0_slow_syscall+0x44/0x1b8
[<0>] el0t_64_sync_handler+0x100/0x130
[<0>] el0t_64_sync+0x188/0x190
--- tid=550942 wchan=futex_wait_queue
[<0>] futex_wait_queue+0x78/0xb0
[<0>] futex_wait+0xe8/0x1d0
[<0>] do_futex+0xec/0x1a0
[<0>] __arm64_sys_futex+0x80/0x198
[<0>] invoke_syscall+0x50/0x128
[<0>] el0_svc_common.constprop.0+0xc8/0xf0
[<0>] do_el0_svc+0x48/0x78
[<0>] el0_slow_syscall+0x44/0x1b8
[<0>] el0t_64_sync_handler+0x100/0x130
[<0>] el0t_64_sync+0x188/0x190
--- tid=550944 wchan=futex_wait_queue
[<0>] futex_wait_queue+0x78/0xb0
[<0>] futex_wait+0xe8/0x1d0
[<0>] do_futex+0xec/0x1a0
[<0>] __arm64_sys_futex+0x80/0x198
[<0>] invoke_syscall+0x50/0x128
[<0>] el0_svc_common.constprop.0+0xc8/0xf0
[<0>] do_el0_svc+0x48/0x78
[<0>] el0_slow_syscall+0x44/0x1b8
[<0>] el0t_64_sync_handler+0x100/0x130
[<0>] el0t_64_sync+0x188/0x190
--- tid=550947 wchan=futex_wait_queue
[<0>] futex_wait_queue+0x78/0xb0
[<0>] futex_wait+0xe8/0x1d0
[<0>] do_futex+0xec/0x1a0
[<0>] __arm64_sys_futex+0x80/0x198
[<0>] invoke_syscall+0x50/0x128
[<0>] el0_svc_common.constprop.0+0xc8/0xf0
[<0>] do_el0_svc+0x48/0x78
[<0>] el0_slow_syscall+0x44/0x1b8
[<0>] el0t_64_sync_handler+0x100/0x130
[<0>] el0t_64_sync+0x188/0x190
--- tid=550949 wchan=futex_wait_queue
[<0>] futex_wait_queue+0x78/0xb0
[<0>] futex_wait+0xe8/0x1d0
[<0>] do_futex+0xec/0x1a0
[<0>] __arm64_sys_futex+0x80/0x198
[<0>] invoke_syscall+0x50/0x128
[<0>] el0_svc_common.constprop.0+0xc8/0xf0
[<0>] do_el0_svc+0x48/0x78
[<0>] el0_slow_syscall+0x44/0x1b8
[<0>] el0t_64_sync_handler+0x100/0x130
[<0>] el0t_64_sync+0x188/0x190
--- tid=551034 wchan=hrtimer_nanosleep
[<0>] hrtimer_nanosleep+0x80/0x100
[<0>] common_nsleep+0x4c/0x80
[<0>] __arm64_sys_clock_nanosleep+0xd4/0x158
[<0>] invoke_syscall+0x50/0x128
[<0>] el0_svc_common.constprop.0+0xc8/0xf0
[<0>] do_el0_svc+0x48/0x78
[<0>] el0_slow_syscall+0x44/0x1b8
[<0>] el0t_64_sync_handler+0x100/0x130
[<0>] el0t_64_sync+0x188/0x190
--- tid=553235 wchan=futex_wait_queue
[<0>] futex_wait_queue+0x78/0xb0
[<0>] futex_wait+0xe8/0x1d0
[<0>] do_futex+0xec/0x1a0
[<0>] __arm64_sys_futex+0x80/0x198
[<0>] invoke_syscall+0x50/0x128
[<0>] el0_svc_common.constprop.0+0xc8/0xf0
[<0>] do_el0_svc+0x48/0x78
[<0>] el0_slow_syscall+0x44/0x1b8
[<0>] el0t_64_sync_handler+0x100/0x130
[<0>] el0t_64_sync+0x188/0x190
--- tid=553236 wchan=ep_poll
[<0>] ep_poll+0x300/0x498
[<0>] do_epoll_wait+0x100/0x128
[<0>] do_epoll_pwait.part.0+0x1c/0xb8
[<0>] __arm64_sys_epoll_pwait+0x7c/0x128
[<0>] invoke_syscall+0x50/0x128
[<0>] el0_svc_common.constprop.0+0xc8/0xf0
[<0>] do_el0_svc+0x48/0x78
[<0>] el0_slow_syscall+0x44/0x1b8
[<0>] el0t_64_sync_handler+0x100/0x130
[<0>] el0t_64_sync+0x188/0x190
--- tid=553237 wchan=ep_poll
[<0>] ep_poll+0x300/0x498
[<0>] do_epoll_wait+0x100/0x128
[<0>] do_epoll_pwait.part.0+0x1c/0xb8
[<0>] __arm64_sys_epoll_pwait+0x7c/0x128
[<0>] invoke_syscall+0x50/0x128
[<0>] el0_svc_common.constprop.0+0xc8/0xf0
[<0>] do_el0_svc+0x48/0x78
[<0>] el0_slow_syscall+0x44/0x1b8
[<0>] el0t_64_sync_handler+0x100/0x130
[<0>] el0t_64_sync+0x188/0x190
--- tid=553238 wchan=ep_poll
[<0>] ep_poll+0x300/0x498
[<0>] do_epoll_wait+0x100/0x128
[<0>] do_epoll_pwait.part.0+0x1c/0xb8
[<0>] __arm64_sys_epoll_pwait+0x7c/0x128
[<0>] invoke_syscall+0x50/0x128
[<0>] el0_svc_common.constprop.0+0xc8/0xf0
[<0>] do_el0_svc+0x48/0x78
[<0>] el0_slow_syscall+0x44/0x1b8
[<0>] el0t_64_sync_handler+0x100/0x130
[<0>] el0t_64_sync+0x188/0x190
--- tid=553239 wchan=ep_poll
[<0>] ep_poll+0x300/0x498
[<0>] do_epoll_wait+0x100/0x128
[<0>] do_epoll_pwait.part.0+0x1c/0xb8
[<0>] __arm64_sys_epoll_pwait+0x7c/0x128
[<0>] invoke_syscall+0x50/0x128
[<0>] el0_svc_common.constprop.0+0xc8/0xf0
[<0>] do_el0_svc+0x48/0x78
[<0>] el0_slow_syscall+0x44/0x1b8
[<0>] el0t_64_sync_handler+0x100/0x130
[<0>] el0t_64_sync+0x188/0x190
--- tid=553240 wchan=pipe_read
[<0>] pipe_read+0x360/0x400
[<0>] new_sync_read+0x130/0x148
[<0>] vfs_read+0x194/0x1e8
[<0>] ksys_read+0xf4/0x118
[<0>] __arm64_sys_read+0x24/0x38
[<0>] invoke_syscall+0x50/0x128
[<0>] el0_svc_common.constprop.0+0xc8/0xf0
[<0>] do_el0_svc+0x48/0x78
[<0>] el0_slow_syscall+0x44/0x1b8
[<0>] el0t_64_sync_handler+0x100/0x130
[<0>] el0t_64_sync+0x188/0x190
--- tid=553330 wchan=futex_wait_queue
[<0>] futex_wait_queue+0x78/0xb0
[<0>] futex_wait+0xe8/0x1d0
[<0>] do_futex+0xec/0x1a0
[<0>] __arm64_sys_futex+0x80/0x198
[<0>] invoke_syscall+0x50/0x128
[<0>] el0_svc_common.constprop.0+0xc8/0xf0
[<0>] do_el0_svc+0x48/0x78
[<0>] el0_slow_syscall+0x44/0x1b8
[<0>] el0t_64_sync_handler+0x100/0x130
[<0>] el0t_64_sync+0x188/0x190
--- tid=553331 wchan=futex_wait_queue
[<0>] futex_wait_queue+0x78/0xb0
[<0>] futex_wait+0xe8/0x1d0
[<0>] do_futex+0xec/0x1a0
[<0>] __arm64_sys_futex+0x80/0x198
[<0>] invoke_syscall+0x50/0x128
[<0>] el0_svc_common.constprop.0+0xc8/0xf0
[<0>] do_el0_svc+0x48/0x78
[<0>] el0_slow_syscall+0x44/0x1b8
[<0>] el0t_64_sync_handler+0x100/0x130
[<0>] el0t_64_sync+0x188/0x190
--- tid=553332 wchan=futex_wait_queue
[<0>] futex_wait_queue+0x78/0xb0
[<0>] futex_wait+0xe8/0x1d0
[<0>] do_futex+0xec/0x1a0
[<0>] __arm64_sys_futex+0x80/0x198
[<0>] invoke_syscall+0x50/0x128
[<0>] el0_svc_common.constprop.0+0xc8/0xf0
[<0>] do_el0_svc+0x48/0x78
[<0>] el0_slow_syscall+0x44/0x1b8
[<0>] el0t_64_sync_handler+0x100/0x130
[<0>] el0t_64_sync+0x188/0x190
--- tid=553333 wchan=futex_wait_queue
[<0>] futex_wait_queue+0x78/0xb0
[<0>] futex_wait+0xe8/0x1d0
[<0>] do_futex+0xec/0x1a0
[<0>] __arm64_sys_futex+0x80/0x198
[<0>] invoke_syscall+0x50/0x128
[<0>] el0_svc_common.constprop.0+0xc8/0xf0
[<0>] do_el0_svc+0x48/0x78
[<0>] el0_slow_syscall+0x44/0x1b8
[<0>] el0t_64_sync_handler+0x100/0x130
[<0>] el0t_64_sync+0x188/0x190
--- tid=553334 wchan=futex_wait_queue
[<0>] futex_wait_queue+0x78/0xb0
[<0>] futex_wait+0xe8/0x1d0
[<0>] do_futex+0xec/0x1a0
[<0>] __arm64_sys_futex+0x80/0x198
[<0>] invoke_syscall+0x50/0x128
[<0>] el0_svc_common.constprop.0+0xc8/0xf0
[<0>] do_el0_svc+0x48/0x78
[<0>] el0_slow_syscall+0x44/0x1b8
[<0>] el0t_64_sync_handler+0x100/0x130
[<0>] el0t_64_sync+0x188/0x190
--- tid=553376 wchan=hrtimer_nanosleep
[<0>] hrtimer_nanosleep+0x80/0x100
[<0>] common_nsleep+0x4c/0x80
[<0>] __arm64_sys_clock_nanosleep+0xd4/0x158
[<0>] invoke_syscall+0x50/0x128
[<0>] el0_svc_common.constprop.0+0xc8/0xf0
[<0>] do_el0_svc+0x48/0x78
[<0>] el0_slow_syscall+0x44/0x1b8
[<0>] el0t_64_sync_handler+0x100/0x130
[<0>] el0t_64_sync+0x188/0x190
--- tid=553387 wchan=hrtimer_nanosleep
[<0>] hrtimer_nanosleep+0x80/0x100
[<0>] common_nsleep+0x4c/0x80
[<0>] __arm64_sys_clock_nanosleep+0xd4/0x158
[<0>] invoke_syscall+0x50/0x128
[<0>] el0_svc_common.constprop.0+0xc8/0xf0
[<0>] do_el0_svc+0x48/0x78
[<0>] el0_slow_syscall+0x44/0x1b8
[<0>] el0t_64_sync_handler+0x100/0x130
[<0>] el0t_64_sync+0x188/0x190
--- tid=565770 wchan=pipe_write
[<0>] pipe_write+0x1ec/0x558
[<0>] new_sync_write+0x140/0x158
[<0>] vfs_write+0x21c/0x2b0
[<0>] ksys_write+0xf4/0x118
[<0>] __arm64_sys_write+0x24/0x38
[<0>] invoke_syscall+0x50/0x128
[<0>] el0_svc_common.constprop.0+0xc8/0xf0
[<0>] do_el0_svc+0x48/0x78
[<0>] el0_slow_syscall+0x44/0x1b8
[<0>] el0t_64_sync_handler+0x100/0x130
[<0>] el0t_64_sync+0x188/0x190
  >>> sent SIGUSR1 to 549794 (Python stacks -> /home/g00619970/moeoffload_multi/log/model_2026_0814_0558_multimech.log)

================ pid=549795  comm=VLLM::Worker_DP ================
cmdline: VLLM::Worker_DP0_TP6_EP6                                                                                                                                  

State:	S (sleeping)
Threads:	122
--- tid=549795 wchan=hrtimer_nanosleep
[<0>] hrtimer_nanosleep+0x80/0x100
[<0>] common_nsleep+0x4c/0x80
[<0>] __arm64_sys_clock_nanosleep+0xd4/0x158
[<0>] invoke_syscall+0x50/0x128
[<0>] el0_svc_common.constprop.0+0xc8/0xf0
[<0>] do_el0_svc+0x48/0x78
[<0>] el0_slow_syscall+0x44/0x1b8
[<0>] el0t_64_sync_handler+0x100/0x130
[<0>] el0t_64_sync+0x188/0x190
--- tid=549848 wchan=futex_wait_queue
[<0>] futex_wait_queue+0x78/0xb0
[<0>] futex_wait+0xe8/0x1d0
[<0>] do_futex+0xec/0x1a0
[<0>] __arm64_sys_futex+0x80/0x198
[<0>] invoke_syscall+0x50/0x128
[<0>] el0_svc_common.constprop.0+0xc8/0xf0
[<0>] do_el0_svc+0x48/0x78
[<0>] el0_slow_syscall+0x44/0x1b8
[<0>] el0t_64_sync_handler+0x100/0x130
[<0>] el0t_64_sync+0x188/0x190
--- tid=549850 wchan=futex_wait_queue
[<0>] futex_wait_queue+0x78/0xb0
[<0>] futex_wait+0xe8/0x1d0
[<0>] do_futex+0xec/0x1a0
[<0>] __arm64_sys_futex+0x80/0x198
[<0>] invoke_syscall+0x50/0x128
[<0>] el0_svc_common.constprop.0+0xc8/0xf0
[<0>] do_el0_svc+0x48/0x78
[<0>] el0_slow_syscall+0x44/0x1b8
[<0>] el0t_64_sync_handler+0x100/0x130
[<0>] el0t_64_sync+0x188/0x190
--- tid=549853 wchan=futex_wait_queue
[<0>] futex_wait_queue+0x78/0xb0
[<0>] futex_wait+0xe8/0x1d0
[<0>] do_futex+0xec/0x1a0
[<0>] __arm64_sys_futex+0x80/0x198
[<0>] invoke_syscall+0x50/0x128
[<0>] el0_svc_common.constprop.0+0xc8/0xf0
[<0>] do_el0_svc+0x48/0x78
[<0>] el0_slow_syscall+0x44/0x1b8
[<0>] el0t_64_sync_handler+0x100/0x130
[<0>] el0t_64_sync+0x188/0x190
--- tid=549854 wchan=futex_wait_queue
[<0>] futex_wait_queue+0x78/0xb0
[<0>] futex_wait+0xe8/0x1d0
[<0>] do_futex+0xec/0x1a0
[<0>] __arm64_sys_futex+0x80/0x198
[<0>] invoke_syscall+0x50/0x128
[<0>] el0_svc_common.constprop.0+0xc8/0xf0
[<0>] do_el0_svc+0x48/0x78
[<0>] el0_slow_syscall+0x44/0x1b8
[<0>] el0t_64_sync_handler+0x100/0x130
[<0>] el0t_64_sync+0x188/0x190
--- tid=549855 wchan=futex_wait_queue
[<0>] futex_wait_queue+0x78/0xb0
[<0>] futex_wait+0xe8/0x1d0
[<0>] do_futex+0xec/0x1a0
[<0>] __arm64_sys_futex+0x80/0x198
[<0>] invoke_syscall+0x50/0x128
[<0>] el0_svc_common.constprop.0+0xc8/0xf0
[<0>] do_el0_svc+0x48/0x78
[<0>] el0_slow_syscall+0x44/0x1b8
[<0>] el0t_64_sync_handler+0x100/0x130
[<0>] el0t_64_sync+0x188/0x190
--- tid=549856 wchan=futex_wait_queue
[<0>] futex_wait_queue+0x78/0xb0
[<0>] futex_wait+0xe8/0x1d0
[<0>] do_futex+0xec/0x1a0
[<0>] __arm64_sys_futex+0x80/0x198
[<0>] invoke_syscall+0x50/0x128
[<0>] el0_svc_common.constprop.0+0xc8/0xf0
[<0>] do_el0_svc+0x48/0x78
[<0>] el0_slow_syscall+0x44/0x1b8
[<0>] el0t_64_sync_handler+0x100/0x130
[<0>] el0t_64_sync+0x188/0x190
--- tid=549858 wchan=futex_wait_queue
[<0>] futex_wait_queue+0x78/0xb0
[<0>] futex_wait+0xe8/0x1d0
[<0>] do_futex+0xec/0x1a0
[<0>] __arm64_sys_futex+0x80/0x198
[<0>] invoke_syscall+0x50/0x128
[<0>] el0_svc_common.constprop.0+0xc8/0xf0
[<0>] do_el0_svc+0x48/0x78
[<0>] el0_slow_syscall+0x44/0x1b8
[<0>] el0t_64_sync_handler+0x100/0x130
[<0>] el0t_64_sync+0x188/0x190
--- tid=549860 wchan=futex_wait_queue
[<0>] futex_wait_queue+0x78/0xb0
[<0>] futex_wait+0xe8/0x1d0
[<0>] do_futex+0xec/0x1a0
[<0>] __arm64_sys_futex+0x80/0x198
[<0>] invoke_syscall+0x50/0x128
[<0>] el0_svc_common.constprop.0+0xc8/0xf0
[<0>] do_el0_svc+0x48/0x78
[<0>] el0_slow_syscall+0x44/0x1b8
[<0>] el0t_64_sync_handler+0x100/0x130
[<0>] el0t_64_sync+0x188/0x190
--- tid=549862 wchan=futex_wait_queue
[<0>] futex_wait_queue+0x78/0xb0
[<0>] futex_wait+0xe8/0x1d0
[<0>] do_futex+0xec/0x1a0
[<0>] __arm64_sys_futex+0x80/0x198
[<0>] invoke_syscall+0x50/0x128
[<0>] el0_svc_common.constprop.0+0xc8/0xf0
[<0>] do_el0_svc+0x48/0x78
[<0>] el0_slow_syscall+0x44/0x1b8
[<0>] el0t_64_sync_handler+0x100/0x130
[<0>] el0t_64_sync+0x188/0x190
--- tid=549884 wchan=ep_poll
[<0>] ep_poll+0x300/0x498
[<0>] do_epoll_wait+0x100/0x128
[<0>] do_epoll_pwait.part.0+0x1c/0xb8
[<0>] __arm64_sys_epoll_pwait+0x7c/0x128
[<0>] invoke_syscall+0x50/0x128
[<0>] el0_svc_common.constprop.0+0xc8/0xf0
[<0>] do_el0_svc+0x48/0x78
[<0>] el0_slow_syscall+0x44/0x1b8
[<0>] el0t_64_sync_handler+0x100/0x130
[<0>] el0t_64_sync+0x188/0x190
--- tid=549892 wchan=hrtimer_nanosleep
[<0>] hrtimer_nanosleep+0x80/0x100
[<0>] common_nsleep+0x4c/0x80
[<0>] __arm64_sys_clock_nanosleep+0xd4/0x158
[<0>] invoke_syscall+0x50/0x128
[<0>] el0_svc_common.constprop.0+0xc8/0xf0
[<0>] do_el0_svc+0x48/0x78
[<0>] el0_slow_syscall+0x44/0x1b8
[<0>] el0t_64_sync_handler+0x100/0x130
[<0>] el0t_64_sync+0x188/0x190
--- tid=549897 wchan=hrtimer_nanosleep
[<0>] hrtimer_nanosleep+0x80/0x100
[<0>] common_nsleep+0x4c/0x80
[<0>] __arm64_sys_clock_nanosleep+0xd4/0x158
[<0>] invoke_syscall+0x50/0x128
[<0>] el0_svc_common.constprop.0+0xc8/0xf0
[<0>] do_el0_svc+0x48/0x78
[<0>] el0_slow_syscall+0x44/0x1b8
[<0>] el0t_64_sync_handler+0x100/0x130
[<0>] el0t_64_sync+0x188/0x190
--- tid=549902 wchan=hrtimer_nanosleep
[<0>] hrtimer_nanosleep+0x80/0x100
[<0>] common_nsleep+0x4c/0x80
[<0>] __arm64_sys_clock_nanosleep+0xd4/0x158
[<0>] invoke_syscall+0x50/0x128
[<0>] el0_svc_common.constprop.0+0xc8/0xf0
[<0>] do_el0_svc+0x48/0x78
[<0>] el0_slow_syscall+0x44/0x1b8
[<0>] el0t_64_sync_handler+0x100/0x130
[<0>] el0t_64_sync+0x188/0x190
--- tid=550099 wchan=futex_wait_queue
[<0>] futex_wait_queue+0x78/0xb0
[<0>] futex_wait+0xe8/0x1d0
[<0>] do_futex+0xec/0x1a0
[<0>] __arm64_sys_futex+0x80/0x198
[<0>] invoke_syscall+0x50/0x128
[<0>] el0_svc_common.constprop.0+0xc8/0xf0
[<0>] do_el0_svc+0x48/0x78
[<0>] el0_slow_syscall+0x44/0x1b8
[<0>] el0t_64_sync_handler+0x100/0x130
[<0>] el0t_64_sync+0x188/0x190
--- tid=550100 wchan=futex_wait_queue
[<0>] futex_wait_queue+0x78/0xb0
[<0>] futex_wait+0xe8/0x1d0
[<0>] do_futex+0xec/0x1a0
[<0>] __arm64_sys_futex+0x80/0x198
[<0>] invoke_syscall+0x50/0x128
[<0>] el0_svc_common.constprop.0+0xc8/0xf0
[<0>] do_el0_svc+0x48/0x78
[<0>] el0_slow_syscall+0x44/0x1b8
[<0>] el0t_64_sync_handler+0x100/0x130
[<0>] el0t_64_sync+0x188/0x190
--- tid=550101 wchan=futex_wait_queue
[<0>] futex_wait_queue+0x78/0xb0
[<0>] futex_wait+0xe8/0x1d0
[<0>] do_futex+0xec/0x1a0
[<0>] __arm64_sys_futex+0x80/0x198
[<0>] invoke_syscall+0x50/0x128
[<0>] el0_svc_common.constprop.0+0xc8/0xf0
[<0>] do_el0_svc+0x48/0x78
[<0>] el0_slow_syscall+0x44/0x1b8
[<0>] el0t_64_sync_handler+0x100/0x130
[<0>] el0t_64_sync+0x188/0x190
--- tid=550102 wchan=futex_wait_queue
[<0>] futex_wait_queue+0x78/0xb0
[<0>] futex_wait+0xe8/0x1d0
[<0>] do_futex+0xec/0x1a0
[<0>] __arm64_sys_futex+0x80/0x198
[<0>] invoke_syscall+0x50/0x128
[<0>] el0_svc_common.constprop.0+0xc8/0xf0
[<0>] do_el0_svc+0x48/0x78
[<0>] el0_slow_syscall+0x44/0x1b8
[<0>] el0t_64_sync_handler+0x100/0x130
[<0>] el0t_64_sync+0x188/0x190
--- tid=550103 wchan=futex_wait_queue
[<0>] futex_wait_queue+0x78/0xb0
[<0>] futex_wait+0xe8/0x1d0
[<0>] do_futex+0xec/0x1a0
[<0>] __arm64_sys_futex+0x80/0x198
[<0>] invoke_syscall+0x50/0x128
[<0>] el0_svc_common.constprop.0+0xc8/0xf0
[<0>] do_el0_svc+0x48/0x78
[<0>] el0_slow_syscall+0x44/0x1b8
[<0>] el0t_64_sync_handler+0x100/0x130
[<0>] el0t_64_sync+0x188/0x190
--- tid=550104 wchan=futex_wait_queue
[<0>] futex_wait_queue+0x78/0xb0
[<0>] futex_wait+0xe8/0x1d0
[<0>] do_futex+0xec/0x1a0
[<0>] __arm64_sys_futex+0x80/0x198
[<0>] invoke_syscall+0x50/0x128
[<0>] el0_svc_common.constprop.0+0xc8/0xf0
[<0>] do_el0_svc+0x48/0x78
[<0>] el0_slow_syscall+0x44/0x1b8
[<0>] el0t_64_sync_handler+0x100/0x130
[<0>] el0t_64_sync+0x188/0x190
--- tid=550105 wchan=futex_wait_queue
[<0>] futex_wait_queue+0x78/0xb0
[<0>] futex_wait+0xe8/0x1d0
[<0>] do_futex+0xec/0x1a0
[<0>] __arm64_sys_futex+0x80/0x198
[<0>] invoke_syscall+0x50/0x128
[<0>] el0_svc_common.constprop.0+0xc8/0xf0
[<0>] do_el0_svc+0x48/0x78
[<0>] el0_slow_syscall+0x44/0x1b8
[<0>] el0t_64_sync_handler+0x100/0x130
[<0>] el0t_64_sync+0x188/0x190
--- tid=550106 wchan=futex_wait_queue
[<0>] futex_wait_queue+0x78/0xb0
[<0>] futex_wait+0xe8/0x1d0
[<0>] do_futex+0xec/0x1a0
[<0>] __arm64_sys_futex+0x80/0x198
[<0>] invoke_syscall+0x50/0x128
[<0>] el0_svc_common.constprop.0+0xc8/0xf0
[<0>] do_el0_svc+0x48/0x78
[<0>] el0_slow_syscall+0x44/0x1b8
[<0>] el0t_64_sync_handler+0x100/0x130
[<0>] el0t_64_sync+0x188/0x190
--- tid=550107 wchan=futex_wait_queue
[<0>] futex_wait_queue+0x78/0xb0
[<0>] futex_wait+0xe8/0x1d0
[<0>] do_futex+0xec/0x1a0
[<0>] __arm64_sys_futex+0x80/0x198
[<0>] invoke_syscall+0x50/0x128
[<0>] el0_svc_common.constprop.0+0xc8/0xf0
[<0>] do_el0_svc+0x48/0x78
[<0>] el0_slow_syscall+0x44/0x1b8
[<0>] el0t_64_sync_handler+0x100/0x130
[<0>] el0t_64_sync+0x188/0x190
--- tid=550221 wchan=do_sigtimedwait
[<0>] do_sigtimedwait+0x1d4/0x2a8
[<0>] __se_sys_rt_sigtimedwait+0x94/0x160
[<0>] __arm64_sys_rt_sigtimedwait+0x24/0x38
[<0>] invoke_syscall+0x50/0x128
[<0>] el0_svc_common.constprop.0+0xc8/0xf0
[<0>] do_el0_svc+0x48/0x78
[<0>] el0_slow_syscall+0x44/0x1b8
[<0>] el0t_64_sync_handler+0x100/0x130
[<0>] el0t_64_sync+0x188/0x190
--- tid=550268 wchan=futex_wait_queue
[<0>] futex_wait_queue+0x78/0xb0
[<0>] futex_wait+0xe8/0x1d0
[<0>] do_futex+0xec/0x1a0
[<0>] __arm64_sys_futex+0x80/0x198
[<0>] invoke_syscall+0x50/0x128
[<0>] el0_svc_common.constprop.0+0xc8/0xf0
[<0>] do_el0_svc+0x48/0x78
[<0>] el0_slow_syscall+0x44/0x1b8
[<0>] el0t_64_sync_handler+0x100/0x130
[<0>] el0t_64_sync+0x188/0x190
--- tid=550269 wchan=futex_wait_queue
[<0>] futex_wait_queue+0x78/0xb0
[<0>] futex_wait+0xe8/0x1d0
[<0>] do_futex+0xec/0x1a0
[<0>] __arm64_sys_futex+0x80/0x198
[<0>] invoke_syscall+0x50/0x128
[<0>] el0_svc_common.constprop.0+0xc8/0xf0
[<0>] do_el0_svc+0x48/0x78
[<0>] el0_slow_syscall+0x44/0x1b8
[<0>] el0t_64_sync_handler+0x100/0x130
[<0>] el0t_64_sync+0x188/0x190
--- tid=550270 wchan=ep_poll
[<0>] ep_poll+0x300/0x498
[<0>] do_epoll_wait+0x100/0x128
[<0>] do_epoll_pwait.part.0+0x1c/0xb8
[<0>] __arm64_sys_epoll_pwait+0x7c/0x128
[<0>] invoke_syscall+0x50/0x128
[<0>] el0_svc_common.constprop.0+0xc8/0xf0
[<0>] do_el0_svc+0x48/0x78
[<0>] el0_slow_syscall+0x44/0x1b8
[<0>] el0t_64_sync_handler+0x100/0x130
[<0>] el0t_64_sync+0x188/0x190
--- tid=550271 wchan=hdcdrv_ub_cmd_wait_ctrl_msg
[<0>] hdcdrv_ub_cmd_wait_ctrl_msg+0x378/0x440 [drv_pcie_hdc_host]
[<0>] hdcdrv_ioctl+0x108/0x510 [drv_pcie_hdc_host]
[<0>] drv_ascend_intf_ioctl+0x7c/0x2b8 [asdrv_pbl]
[<0>] __arm64_sys_ioctl+0xb4/0x100
[<0>] invoke_syscall+0x50/0x128
[<0>] el0_svc_common.constprop.0+0xc8/0xf0
[<0>] do_el0_svc+0x48/0x78
[<0>] el0_slow_syscall+0x44/0x1b8
[<0>] el0t_64_sync_handler+0x100/0x130
[<0>] el0t_64_sync+0x188/0x190
--- tid=550272 wchan=ep_poll
[<0>] ep_poll+0x300/0x498
[<0>] do_epoll_wait+0x100/0x128
[<0>] do_epoll_pwait.part.0+0x1c/0xb8
[<0>] __arm64_sys_epoll_pwait+0x7c/0x128
[<0>] invoke_syscall+0x50/0x128
[<0>] el0_svc_common.constprop.0+0xc8/0xf0
[<0>] do_el0_svc+0x48/0x78
[<0>] el0_slow_syscall+0x44/0x1b8
[<0>] el0t_64_sync_handler+0x100/0x130
[<0>] el0t_64_sync+0x188/0x190
--- tid=550273 wchan=hdcdrv_ub_cmd_wait_ctrl_msg
[<0>] hdcdrv_ub_cmd_wait_ctrl_msg+0x378/0x440 [drv_pcie_hdc_host]
[<0>] hdcdrv_ioctl+0x108/0x510 [drv_pcie_hdc_host]
[<0>] drv_ascend_intf_ioctl+0x7c/0x2b8 [asdrv_pbl]
[<0>] __arm64_sys_ioctl+0xb4/0x100
[<0>] invoke_syscall+0x50/0x128
[<0>] el0_svc_common.constprop.0+0xc8/0xf0
[<0>] do_el0_svc+0x48/0x78
[<0>] el0_slow_syscall+0x44/0x1b8
[<0>] el0t_64_sync_handler+0x100/0x130
[<0>] el0t_64_sync+0x188/0x190
--- tid=550274 wchan=hdcdrv_ub_cmd_wait_ctrl_msg
[<0>] hdcdrv_ub_cmd_wait_ctrl_msg+0x378/0x440 [drv_pcie_hdc_host]
[<0>] hdcdrv_ioctl+0x108/0x510 [drv_pcie_hdc_host]
[<0>] drv_ascend_intf_ioctl+0x7c/0x2b8 [asdrv_pbl]
[<0>] __arm64_sys_ioctl+0xb4/0x100
[<0>] invoke_syscall+0x50/0x128
[<0>] el0_svc_common.constprop.0+0xc8/0xf0
[<0>] do_el0_svc+0x48/0x78
[<0>] el0_slow_syscall+0x44/0x1b8
[<0>] el0t_64_sync_handler+0x100/0x130
[<0>] el0t_64_sync+0x188/0x190
--- tid=550275 wchan=hdcdrv_ub_cmd_wait_ctrl_msg
[<0>] hdcdrv_ub_cmd_wait_ctrl_msg+0x378/0x440 [drv_pcie_hdc_host]
[<0>] hdcdrv_ioctl+0x108/0x510 [drv_pcie_hdc_host]
[<0>] drv_ascend_intf_ioctl+0x7c/0x2b8 [asdrv_pbl]
[<0>] __arm64_sys_ioctl+0xb4/0x100
[<0>] invoke_syscall+0x50/0x128
[<0>] el0_svc_common.constprop.0+0xc8/0xf0
[<0>] do_el0_svc+0x48/0x78
[<0>] el0_slow_syscall+0x44/0x1b8
[<0>] el0t_64_sync_handler+0x100/0x130
[<0>] el0t_64_sync+0x188/0x190
--- tid=550276 wchan=hdcdrv_ub_cmd_wait_ctrl_msg
[<0>] hdcdrv_ub_cmd_wait_ctrl_msg+0x378/0x440 [drv_pcie_hdc_host]
[<0>] hdcdrv_ioctl+0x108/0x510 [drv_pcie_hdc_host]
[<0>] drv_ascend_intf_ioctl+0x7c/0x2b8 [asdrv_pbl]
[<0>] __arm64_sys_ioctl+0xb4/0x100
[<0>] invoke_syscall+0x50/0x128
[<0>] el0_svc_common.constprop.0+0xc8/0xf0
[<0>] do_el0_svc+0x48/0x78
[<0>] el0_slow_syscall+0x44/0x1b8
[<0>] el0t_64_sync_handler+0x100/0x130
[<0>] el0t_64_sync+0x188/0x190
--- tid=550277 wchan=hdcdrv_ub_cmd_wait_ctrl_msg
[<0>] hdcdrv_ub_cmd_wait_ctrl_msg+0x378/0x440 [drv_pcie_hdc_host]
[<0>] hdcdrv_ioctl+0x108/0x510 [drv_pcie_hdc_host]
[<0>] drv_ascend_intf_ioctl+0x7c/0x2b8 [asdrv_pbl]
[<0>] __arm64_sys_ioctl+0xb4/0x100
[<0>] invoke_syscall+0x50/0x128
[<0>] el0_svc_common.constprop.0+0xc8/0xf0
[<0>] do_el0_svc+0x48/0x78
[<0>] el0_slow_syscall+0x44/0x1b8
[<0>] el0t_64_sync_handler+0x100/0x130
[<0>] el0t_64_sync+0x188/0x190
--- tid=550278 wchan=hdcdrv_ub_cmd_wait_ctrl_msg
[<0>] hdcdrv_ub_cmd_wait_ctrl_msg+0x378/0x440 [drv_pcie_hdc_host]
[<0>] hdcdrv_ioctl+0x108/0x510 [drv_pcie_hdc_host]
[<0>] drv_ascend_intf_ioctl+0x7c/0x2b8 [asdrv_pbl]
[<0>] __arm64_sys_ioctl+0xb4/0x100
[<0>] invoke_syscall+0x50/0x128
[<0>] el0_svc_common.constprop.0+0xc8/0xf0
[<0>] do_el0_svc+0x48/0x78
[<0>] el0_slow_syscall+0x44/0x1b8
[<0>] el0t_64_sync_handler+0x100/0x130
[<0>] el0t_64_sync+0x188/0x190
--- tid=550279 wchan=hdcdrv_ub_cmd_wait_ctrl_msg
[<0>] hdcdrv_ub_cmd_wait_ctrl_msg+0x378/0x440 [drv_pcie_hdc_host]
[<0>] hdcdrv_ioctl+0x108/0x510 [drv_pcie_hdc_host]
[<0>] drv_ascend_intf_ioctl+0x7c/0x2b8 [asdrv_pbl]
[<0>] __arm64_sys_ioctl+0xb4/0x100
[<0>] invoke_syscall+0x50/0x128
[<0>] el0_svc_common.constprop.0+0xc8/0xf0
[<0>] do_el0_svc+0x48/0x78
[<0>] el0_slow_syscall+0x44/0x1b8
[<0>] el0t_64_sync_handler+0x100/0x130
[<0>] el0t_64_sync+0x188/0x190
--- tid=550280 wchan=futex_wait_queue
[<0>] futex_wait_queue+0x78/0xb0
[<0>] futex_wait+0xe8/0x1d0
[<0>] do_futex+0xec/0x1a0
[<0>] __arm64_sys_futex+0x80/0x198
[<0>] invoke_syscall+0x50/0x128
[<0>] el0_svc_common.constprop.0+0xc8/0xf0
[<0>] do_el0_svc+0x48/0x78
[<0>] el0_slow_syscall+0x44/0x1b8
[<0>] el0t_64_sync_handler+0x100/0x130
[<0>] el0t_64_sync+0x188/0x190
--- tid=550282 wchan=futex_wait_queue
[<0>] futex_wait_queue+0x78/0xb0
[<0>] futex_wait+0xe8/0x1d0
[<0>] do_futex+0xec/0x1a0
[<0>] __arm64_sys_futex+0x80/0x198
[<0>] invoke_syscall+0x50/0x128
[<0>] el0_svc_common.constprop.0+0xc8/0xf0
[<0>] do_el0_svc+0x48/0x78
[<0>] el0_slow_syscall+0x44/0x1b8
[<0>] el0t_64_sync_handler+0x100/0x130
[<0>] el0t_64_sync+0x188/0x190
--- tid=550343 wchan=sched_wait_event
[<0>] sched_wait_event+0x6e0/0x2220 [asdrv_esched]
[<0>] sched_fop_wait_event+0x90/0x190 [asdrv_esched]
[<0>] _sched_fop_ioctl+0x58/0x198 [asdrv_esched]
[<0>] sched_fop_ioctl+0xc0/0x168 [asdrv_esched]
[<0>] drv_ascend_intf_ioctl+0x7c/0x2b8 [asdrv_pbl]
[<0>] __arm64_sys_ioctl+0xb4/0x100
[<0>] invoke_syscall+0x50/0x128
[<0>] el0_svc_common.constprop.0+0xc8/0xf0
[<0>] do_el0_svc+0x48/0x78
[<0>] el0_slow_syscall+0x44/0x1b8
[<0>] el0t_64_sync_handler+0x100/0x130
[<0>] el0t_64_sync+0x188/0x190
--- tid=550391 wchan=ep_poll
[<0>] ep_poll+0x300/0x498
[<0>] do_epoll_wait+0x100/0x128
[<0>] do_epoll_pwait.part.0+0x1c/0xb8
[<0>] __arm64_sys_epoll_pwait+0x7c/0x128
[<0>] invoke_syscall+0x50/0x128
[<0>] el0_svc_common.constprop.0+0xc8/0xf0
[<0>] do_el0_svc+0x48/0x78
[<0>] el0_slow_syscall+0x44/0x1b8
[<0>] el0t_64_sync_handler+0x100/0x130
[<0>] el0t_64_sync+0x188/0x190
--- tid=550396 wchan=hrtimer_nanosleep
[<0>] hrtimer_nanosleep+0x80/0x100
[<0>] common_nsleep+0x4c/0x80
[<0>] __arm64_sys_clock_nanosleep+0xd4/0x158
[<0>] invoke_syscall+0x50/0x128
[<0>] el0_svc_common.constprop.0+0xc8/0xf0
[<0>] do_el0_svc+0x48/0x78
[<0>] el0_slow_syscall+0x44/0x1b8
[<0>] el0t_64_sync_handler+0x100/0x130
[<0>] el0t_64_sync+0x188/0x190
--- tid=550397 wchan=dms_event_wait_interrupt
[<0>] dms_event_wait_interrupt+0xb8/0x230 [asdrv_fms]
[<0>] dms_event_get_exception+0x88/0x238 [asdrv_fms]
[<0>] dms_event_get_fault_event+0xd8/0x448 [asdrv_fms]
[<0>] urd_feature_handle+0x74/0x220 [asdrv_pbl]
[<0>] dms_feature_process+0xc0/0x390 [asdrv_pbl]
[<0>] dms_cmd_process+0x110/0x260 [asdrv_pbl]
[<0>] dms_ioctl+0x1b4/0x260 [asdrv_pbl]
[<0>] drv_ascend_intf_ioctl+0x7c/0x2b8 [asdrv_pbl]
[<0>] __arm64_sys_ioctl+0xb4/0x100
[<0>] invoke_syscall+0x50/0x128
[<0>] el0_svc_common.constprop.0+0xc8/0xf0
[<0>] do_el0_svc+0x48/0x78
--- tid=550398 wchan=futex_wait_queue
[<0>] futex_wait_queue+0x78/0xb0
[<0>] futex_wait+0xe8/0x1d0
[<0>] do_futex+0xec/0x1a0
[<0>] __arm64_sys_futex+0x80/0x198
[<0>] invoke_syscall+0x50/0x128
[<0>] el0_svc_common.constprop.0+0xc8/0xf0
[<0>] do_el0_svc+0x48/0x78
[<0>] el0_slow_syscall+0x44/0x1b8
[<0>] el0t_64_sync_handler+0x100/0x130
[<0>] el0t_64_sync+0x188/0x190
--- tid=550399 wchan=do_wait_intr_irq
[<0>] do_wait_intr_irq+0x94/0x168
[<0>] eventfd_read+0xc0/0x2c8
[<0>] new_sync_read+0xac/0x148
[<0>] vfs_read+0x194/0x1e8
[<0>] ksys_read+0x78/0x118
[<0>] __arm64_sys_read+0x24/0x38
[<0>] invoke_syscall+0x50/0x128
[<0>] el0_svc_common.constprop.0+0xc8/0xf0
[<0>] do_el0_svc+0x48/0x78
[<0>] el0_slow_syscall+0x44/0x1b8
[<0>] el0t_64_sync_handler+0x100/0x130
[<0>] el0t_64_sync+0x188/0x190
--- tid=550400 wchan=do_select
[<0>] do_select+0x424/0x618
[<0>] core_sys_select+0x1dc/0x510
[<0>] __se_sys_pselect6+0x104/0x1c8
[<0>] __arm64_sys_pselect6+0x28/0x48
[<0>] invoke_syscall+0x50/0x128
[<0>] el0_svc_common.constprop.0+0xc8/0xf0
[<0>] do_el0_svc+0x48/0x78
[<0>] el0_slow_syscall+0x44/0x1b8
[<0>] el0t_64_sync_handler+0x100/0x130
[<0>] el0t_64_sync+0x188/0x190
--- tid=550403 wchan=futex_wait_queue
[<0>] futex_wait_queue+0x78/0xb0
[<0>] futex_wait+0xe8/0x1d0
[<0>] do_futex+0xec/0x1a0
[<0>] __arm64_sys_futex+0x80/0x198
[<0>] invoke_syscall+0x50/0x128
[<0>] el0_svc_common.constprop.0+0xc8/0xf0
[<0>] do_el0_svc+0x48/0x78
[<0>] el0_slow_syscall+0x44/0x1b8
[<0>] el0t_64_sync_handler+0x100/0x130
[<0>] el0t_64_sync+0x188/0x190
--- tid=550404 wchan=futex_wait_queue
[<0>] futex_wait_queue+0x78/0xb0
[<0>] futex_wait+0xe8/0x1d0
[<0>] do_futex+0xec/0x1a0
[<0>] __arm64_sys_futex+0x80/0x198
[<0>] invoke_syscall+0x50/0x128
[<0>] el0_svc_common.constprop.0+0xc8/0xf0
[<0>] do_el0_svc+0x48/0x78
[<0>] el0_slow_syscall+0x44/0x1b8
[<0>] el0t_64_sync_handler+0x100/0x130
[<0>] el0t_64_sync+0x188/0x190
--- tid=550405 wchan=futex_wait_queue
[<0>] futex_wait_queue+0x78/0xb0
[<0>] futex_wait+0xe8/0x1d0
[<0>] do_futex+0xec/0x1a0
[<0>] __arm64_sys_futex+0x80/0x198
[<0>] invoke_syscall+0x50/0x128
[<0>] el0_svc_common.constprop.0+0xc8/0xf0
[<0>] do_el0_svc+0x48/0x78
[<0>] el0_slow_syscall+0x44/0x1b8
[<0>] el0t_64_sync_handler+0x100/0x130
[<0>] el0t_64_sync+0x188/0x190
--- tid=550406 wchan=futex_wait_queue
[<0>] futex_wait_queue+0x78/0xb0
[<0>] futex_wait+0xe8/0x1d0
[<0>] do_futex+0xec/0x1a0
[<0>] __arm64_sys_futex+0x80/0x198
[<0>] invoke_syscall+0x50/0x128
[<0>] el0_svc_common.constprop.0+0xc8/0xf0
[<0>] do_el0_svc+0x48/0x78
[<0>] el0_slow_syscall+0x44/0x1b8
[<0>] el0t_64_sync_handler+0x100/0x130
[<0>] el0t_64_sync+0x188/0x190
--- tid=550407 wchan=futex_wait_queue
[<0>] futex_wait_queue+0x78/0xb0
[<0>] futex_wait+0xe8/0x1d0
[<0>] do_futex+0xec/0x1a0
[<0>] __arm64_sys_futex+0x80/0x198
[<0>] invoke_syscall+0x50/0x128
[<0>] el0_svc_common.constprop.0+0xc8/0xf0
[<0>] do_el0_svc+0x48/0x78
[<0>] el0_slow_syscall+0x44/0x1b8
[<0>] el0t_64_sync_handler+0x100/0x130
[<0>] el0t_64_sync+0x188/0x190
--- tid=550408 wchan=futex_wait_queue
[<0>] futex_wait_queue+0x78/0xb0
[<0>] futex_wait+0xe8/0x1d0
[<0>] do_futex+0xec/0x1a0
[<0>] __arm64_sys_futex+0x80/0x198
[<0>] invoke_syscall+0x50/0x128
[<0>] el0_svc_common.constprop.0+0xc8/0xf0
[<0>] do_el0_svc+0x48/0x78
[<0>] el0_slow_syscall+0x44/0x1b8
[<0>] el0t_64_sync_handler+0x100/0x130
[<0>] el0t_64_sync+0x188/0x190
--- tid=550409 wchan=futex_wait_queue
[<0>] futex_wait_queue+0x78/0xb0
[<0>] futex_wait+0xe8/0x1d0
[<0>] do_futex+0xec/0x1a0
[<0>] __arm64_sys_futex+0x80/0x198
[<0>] invoke_syscall+0x50/0x128
[<0>] el0_svc_common.constprop.0+0xc8/0xf0
[<0>] do_el0_svc+0x48/0x78
[<0>] el0_slow_syscall+0x44/0x1b8
[<0>] el0t_64_sync_handler+0x100/0x130
[<0>] el0t_64_sync+0x188/0x190
--- tid=550410 wchan=futex_wait_queue
[<0>] futex_wait_queue+0x78/0xb0
[<0>] futex_wait+0xe8/0x1d0
[<0>] do_futex+0xec/0x1a0
[<0>] __arm64_sys_futex+0x80/0x198
[<0>] invoke_syscall+0x50/0x128
[<0>] el0_svc_common.constprop.0+0xc8/0xf0
[<0>] do_el0_svc+0x48/0x78
[<0>] el0_slow_syscall+0x44/0x1b8
[<0>] el0t_64_sync_handler+0x100/0x130
[<0>] el0t_64_sync+0x188/0x190
--- tid=550411 wchan=futex_wait_queue
[<0>] futex_wait_queue+0x78/0xb0
[<0>] futex_wait+0xe8/0x1d0
[<0>] do_futex+0xec/0x1a0
[<0>] __arm64_sys_futex+0x80/0x198
[<0>] invoke_syscall+0x50/0x128
[<0>] el0_svc_common.constprop.0+0xc8/0xf0
[<0>] do_el0_svc+0x48/0x78
[<0>] el0_slow_syscall+0x44/0x1b8
[<0>] el0t_64_sync_handler+0x100/0x130
[<0>] el0t_64_sync+0x188/0x190
--- tid=550416 wchan=futex_wait_queue
[<0>] futex_wait_queue+0x78/0xb0
[<0>] futex_wait+0xe8/0x1d0
[<0>] do_futex+0xec/0x1a0
[<0>] __arm64_sys_futex+0x80/0x198
[<0>] invoke_syscall+0x50/0x128
[<0>] el0_svc_common.constprop.0+0xc8/0xf0
[<0>] do_el0_svc+0x48/0x78
[<0>] el0_slow_syscall+0x44/0x1b8
[<0>] el0t_64_sync_handler+0x100/0x130
[<0>] el0t_64_sync+0x188/0x190
--- tid=550417 wchan=futex_wait_queue
[<0>] futex_wait_queue+0x78/0xb0
[<0>] futex_wait+0xe8/0x1d0
[<0>] do_futex+0xec/0x1a0
[<0>] __arm64_sys_futex+0x80/0x198
[<0>] invoke_syscall+0x50/0x128
[<0>] el0_svc_common.constprop.0+0xc8/0xf0
[<0>] do_el0_svc+0x48/0x78
[<0>] el0_slow_syscall+0x44/0x1b8
[<0>] el0t_64_sync_handler+0x100/0x130
[<0>] el0t_64_sync+0x188/0x190
--- tid=550418 wchan=ep_poll
[<0>] ep_poll+0x300/0x498
[<0>] do_epoll_wait+0x100/0x128
[<0>] do_epoll_pwait.part.0+0x1c/0xb8
[<0>] __arm64_sys_epoll_pwait+0x7c/0x128
[<0>] invoke_syscall+0x50/0x128
[<0>] el0_svc_common.constprop.0+0xc8/0xf0
[<0>] do_el0_svc+0x48/0x78
[<0>] el0_slow_syscall+0x44/0x1b8
[<0>] el0t_64_sync_handler+0x100/0x130
[<0>] el0t_64_sync+0x188/0x190
--- tid=550587 wchan=futex_wait_queue
[<0>] futex_wait_queue+0x78/0xb0
[<0>] futex_wait+0xe8/0x1d0
[<0>] do_futex+0xec/0x1a0
[<0>] __arm64_sys_futex+0x80/0x198
[<0>] invoke_syscall+0x50/0x128
[<0>] el0_svc_common.constprop.0+0xc8/0xf0
[<0>] do_el0_svc+0x48/0x78
[<0>] el0_slow_syscall+0x44/0x1b8
[<0>] el0t_64_sync_handler+0x100/0x130
[<0>] el0t_64_sync+0x188/0x190
--- tid=550588 wchan=futex_wait_queue
[<0>] futex_wait_queue+0x78/0xb0
[<0>] futex_wait+0xe8/0x1d0
[<0>] do_futex+0xec/0x1a0
[<0>] __arm64_sys_futex+0x80/0x198
[<0>] invoke_syscall+0x50/0x128
[<0>] el0_svc_common.constprop.0+0xc8/0xf0
[<0>] do_el0_svc+0x48/0x78
[<0>] el0_slow_syscall+0x44/0x1b8
[<0>] el0t_64_sync_handler+0x100/0x130
[<0>] el0t_64_sync+0x188/0x190
--- tid=550596 wchan=futex_wait_queue
[<0>] futex_wait_queue+0x78/0xb0
[<0>] futex_wait+0xe8/0x1d0
[<0>] do_futex+0xec/0x1a0
[<0>] __arm64_sys_futex+0x80/0x198
[<0>] invoke_syscall+0x50/0x128
[<0>] el0_svc_common.constprop.0+0xc8/0xf0
[<0>] do_el0_svc+0x48/0x78
[<0>] el0_slow_syscall+0x44/0x1b8
[<0>] el0t_64_sync_handler+0x100/0x130
[<0>] el0t_64_sync+0x188/0x190
--- tid=550605 wchan=ep_poll
[<0>] ep_poll+0x300/0x498
[<0>] do_epoll_wait+0x100/0x128
[<0>] do_epoll_pwait.part.0+0x1c/0xb8
[<0>] __arm64_sys_epoll_pwait+0x7c/0x128
[<0>] invoke_syscall+0x50/0x128
[<0>] el0_svc_common.constprop.0+0xc8/0xf0
[<0>] do_el0_svc+0x48/0x78
[<0>] el0_slow_syscall+0x44/0x1b8
[<0>] el0t_64_sync_handler+0x100/0x130
[<0>] el0t_64_sync+0x188/0x190
--- tid=550621 wchan=futex_wait_queue
[<0>] futex_wait_queue+0x78/0xb0
[<0>] futex_wait+0xe8/0x1d0
[<0>] do_futex+0xec/0x1a0
[<0>] __arm64_sys_futex+0x80/0x198
[<0>] invoke_syscall+0x50/0x128
[<0>] el0_svc_common.constprop.0+0xc8/0xf0
[<0>] do_el0_svc+0x48/0x78
[<0>] el0_slow_syscall+0x44/0x1b8
[<0>] el0t_64_sync_handler+0x100/0x130
[<0>] el0t_64_sync+0x188/0x190
--- tid=550622 wchan=futex_wait_queue
[<0>] futex_wait_queue+0x78/0xb0
[<0>] futex_wait+0xe8/0x1d0
[<0>] do_futex+0xec/0x1a0
[<0>] __arm64_sys_futex+0x80/0x198
[<0>] invoke_syscall+0x50/0x128
[<0>] el0_svc_common.constprop.0+0xc8/0xf0
[<0>] do_el0_svc+0x48/0x78
[<0>] el0_slow_syscall+0x44/0x1b8
[<0>] el0t_64_sync_handler+0x100/0x130
[<0>] el0t_64_sync+0x188/0x190
--- tid=550633 wchan=ep_poll
[<0>] ep_poll+0x300/0x498
[<0>] do_epoll_wait+0x100/0x128
[<0>] do_epoll_pwait.part.0+0x1c/0xb8
[<0>] __arm64_sys_epoll_pwait+0x7c/0x128
[<0>] invoke_syscall+0x50/0x128
[<0>] el0_svc_common.constprop.0+0xc8/0xf0
[<0>] do_el0_svc+0x48/0x78
[<0>] el0_slow_syscall+0x44/0x1b8
[<0>] el0t_64_sync_handler+0x100/0x130
[<0>] el0t_64_sync+0x188/0x190
--- tid=550639 wchan=ep_poll
[<0>] ep_poll+0x300/0x498
[<0>] do_epoll_wait+0x100/0x128
[<0>] do_epoll_pwait.part.0+0x1c/0xb8
[<0>] __arm64_sys_epoll_pwait+0x7c/0x128
[<0>] invoke_syscall+0x50/0x128
[<0>] el0_svc_common.constprop.0+0xc8/0xf0
[<0>] do_el0_svc+0x48/0x78
[<0>] el0_slow_syscall+0x44/0x1b8
[<0>] el0t_64_sync_handler+0x100/0x130
[<0>] el0t_64_sync+0x188/0x190
--- tid=550647 wchan=futex_wait_queue
[<0>] futex_wait_queue+0x78/0xb0
[<0>] futex_wait+0xe8/0x1d0
[<0>] do_futex+0xec/0x1a0
[<0>] __arm64_sys_futex+0x80/0x198
[<0>] invoke_syscall+0x50/0x128
[<0>] el0_svc_common.constprop.0+0xc8/0xf0
[<0>] do_el0_svc+0x48/0x78
[<0>] el0_slow_syscall+0x44/0x1b8
[<0>] el0t_64_sync_handler+0x100/0x130
[<0>] el0t_64_sync+0x188/0x190
--- tid=550655 wchan=ep_poll
[<0>] ep_poll+0x300/0x498
[<0>] do_epoll_wait+0x100/0x128
[<0>] do_epoll_pwait.part.0+0x1c/0xb8
[<0>] __arm64_sys_epoll_pwait+0x7c/0x128
[<0>] invoke_syscall+0x50/0x128
[<0>] el0_svc_common.constprop.0+0xc8/0xf0
[<0>] do_el0_svc+0x48/0x78
[<0>] el0_slow_syscall+0x44/0x1b8
[<0>] el0t_64_sync_handler+0x100/0x130
[<0>] el0t_64_sync+0x188/0x190
--- tid=550667 wchan=futex_wait_queue
[<0>] futex_wait_queue+0x78/0xb0
[<0>] futex_wait+0xe8/0x1d0
[<0>] do_futex+0xec/0x1a0
[<0>] __arm64_sys_futex+0x80/0x198
[<0>] invoke_syscall+0x50/0x128
[<0>] el0_svc_common.constprop.0+0xc8/0xf0
[<0>] do_el0_svc+0x48/0x78
[<0>] el0_slow_syscall+0x44/0x1b8
[<0>] el0t_64_sync_handler+0x100/0x130
[<0>] el0t_64_sync+0x188/0x190
--- tid=550672 wchan=futex_wait_queue
[<0>] futex_wait_queue+0x78/0xb0
[<0>] futex_wait+0xe8/0x1d0
[<0>] do_futex+0xec/0x1a0
[<0>] __arm64_sys_futex+0x80/0x198
[<0>] invoke_syscall+0x50/0x128
[<0>] el0_svc_common.constprop.0+0xc8/0xf0
[<0>] do_el0_svc+0x48/0x78
[<0>] el0_slow_syscall+0x44/0x1b8
[<0>] el0t_64_sync_handler+0x100/0x130
[<0>] el0t_64_sync+0x188/0x190
--- tid=550674 wchan=futex_wait_queue
[<0>] futex_wait_queue+0x78/0xb0
[<0>] futex_wait+0xe8/0x1d0
[<0>] do_futex+0xec/0x1a0
[<0>] __arm64_sys_futex+0x80/0x198
[<0>] invoke_syscall+0x50/0x128
[<0>] el0_svc_common.constprop.0+0xc8/0xf0
[<0>] do_el0_svc+0x48/0x78
[<0>] el0_slow_syscall+0x44/0x1b8
[<0>] el0t_64_sync_handler+0x100/0x130
[<0>] el0t_64_sync+0x188/0x190
--- tid=550682 wchan=ep_poll
[<0>] ep_poll+0x300/0x498
[<0>] do_epoll_wait+0x100/0x128
[<0>] do_epoll_pwait.part.0+0x1c/0xb8
[<0>] __arm64_sys_epoll_pwait+0x7c/0x128
[<0>] invoke_syscall+0x50/0x128
[<0>] el0_svc_common.constprop.0+0xc8/0xf0
[<0>] do_el0_svc+0x48/0x78
[<0>] el0_slow_syscall+0x44/0x1b8
[<0>] el0t_64_sync_handler+0x100/0x130
[<0>] el0t_64_sync+0x188/0x190
--- tid=550689 wchan=futex_wait_queue
[<0>] futex_wait_queue+0x78/0xb0
[<0>] futex_wait+0xe8/0x1d0
[<0>] do_futex+0xec/0x1a0
[<0>] __arm64_sys_futex+0x80/0x198
[<0>] invoke_syscall+0x50/0x128
[<0>] el0_svc_common.constprop.0+0xc8/0xf0
[<0>] do_el0_svc+0x48/0x78
[<0>] el0_slow_syscall+0x44/0x1b8
[<0>] el0t_64_sync_handler+0x100/0x130
[<0>] el0t_64_sync+0x188/0x190
--- tid=550698 wchan=futex_wait_queue
[<0>] futex_wait_queue+0x78/0xb0
[<0>] futex_wait+0xe8/0x1d0
[<0>] do_futex+0xec/0x1a0
[<0>] __arm64_sys_futex+0x80/0x198
[<0>] invoke_syscall+0x50/0x128
[<0>] el0_svc_common.constprop.0+0xc8/0xf0
[<0>] do_el0_svc+0x48/0x78
[<0>] el0_slow_syscall+0x44/0x1b8
[<0>] el0t_64_sync_handler+0x100/0x130
[<0>] el0t_64_sync+0x188/0x190
--- tid=550706 wchan=futex_wait_queue
[<0>] futex_wait_queue+0x78/0xb0
[<0>] futex_wait+0xe8/0x1d0
[<0>] do_futex+0xec/0x1a0
[<0>] __arm64_sys_futex+0x80/0x198
[<0>] invoke_syscall+0x50/0x128
[<0>] el0_svc_common.constprop.0+0xc8/0xf0
[<0>] do_el0_svc+0x48/0x78
[<0>] el0_slow_syscall+0x44/0x1b8
[<0>] el0t_64_sync_handler+0x100/0x130
[<0>] el0t_64_sync+0x188/0x190
--- tid=550713 wchan=ep_poll
[<0>] ep_poll+0x300/0x498
[<0>] do_epoll_wait+0x100/0x128
[<0>] do_epoll_pwait.part.0+0x1c/0xb8
[<0>] __arm64_sys_epoll_pwait+0x7c/0x128
[<0>] invoke_syscall+0x50/0x128
[<0>] el0_svc_common.constprop.0+0xc8/0xf0
[<0>] do_el0_svc+0x48/0x78
[<0>] el0_slow_syscall+0x44/0x1b8
[<0>] el0t_64_sync_handler+0x100/0x130
[<0>] el0t_64_sync+0x188/0x190
--- tid=550721 wchan=futex_wait_queue
[<0>] futex_wait_queue+0x78/0xb0
[<0>] futex_wait+0xe8/0x1d0
[<0>] do_futex+0xec/0x1a0
[<0>] __arm64_sys_futex+0x80/0x198
[<0>] invoke_syscall+0x50/0x128
[<0>] el0_svc_common.constprop.0+0xc8/0xf0
[<0>] do_el0_svc+0x48/0x78
[<0>] el0_slow_syscall+0x44/0x1b8
[<0>] el0t_64_sync_handler+0x100/0x130
[<0>] el0t_64_sync+0x188/0x190
--- tid=550729 wchan=futex_wait_queue
[<0>] futex_wait_queue+0x78/0xb0
[<0>] futex_wait+0xe8/0x1d0
[<0>] do_futex+0xec/0x1a0
[<0>] __arm64_sys_futex+0x80/0x198
[<0>] invoke_syscall+0x50/0x128
[<0>] el0_svc_common.constprop.0+0xc8/0xf0
[<0>] do_el0_svc+0x48/0x78
[<0>] el0_slow_syscall+0x44/0x1b8
[<0>] el0t_64_sync_handler+0x100/0x130
[<0>] el0t_64_sync+0x188/0x190
--- tid=550738 wchan=futex_wait_queue
[<0>] futex_wait_queue+0x78/0xb0
[<0>] futex_wait+0xe8/0x1d0
[<0>] do_futex+0xec/0x1a0
[<0>] __arm64_sys_futex+0x80/0x198
[<0>] invoke_syscall+0x50/0x128
[<0>] el0_svc_common.constprop.0+0xc8/0xf0
[<0>] do_el0_svc+0x48/0x78
[<0>] el0_slow_syscall+0x44/0x1b8
[<0>] el0t_64_sync_handler+0x100/0x130
[<0>] el0t_64_sync+0x188/0x190
--- tid=550745 wchan=ep_poll
[<0>] ep_poll+0x300/0x498
[<0>] do_epoll_wait+0x100/0x128
[<0>] do_epoll_pwait.part.0+0x1c/0xb8
[<0>] __arm64_sys_epoll_pwait+0x7c/0x128
[<0>] invoke_syscall+0x50/0x128
[<0>] el0_svc_common.constprop.0+0xc8/0xf0
[<0>] do_el0_svc+0x48/0x78
[<0>] el0_slow_syscall+0x44/0x1b8
[<0>] el0t_64_sync_handler+0x100/0x130
[<0>] el0t_64_sync+0x188/0x190
--- tid=550764 wchan=futex_wait_queue
[<0>] futex_wait_queue+0x78/0xb0
[<0>] futex_wait+0xe8/0x1d0
[<0>] do_futex+0xec/0x1a0
[<0>] __arm64_sys_futex+0x80/0x198
[<0>] invoke_syscall+0x50/0x128
[<0>] el0_svc_common.constprop.0+0xc8/0xf0
[<0>] do_el0_svc+0x48/0x78
[<0>] el0_slow_syscall+0x44/0x1b8
[<0>] el0t_64_sync_handler+0x100/0x130
[<0>] el0t_64_sync+0x188/0x190
--- tid=550767 wchan=futex_wait_queue
[<0>] futex_wait_queue+0x78/0xb0
[<0>] futex_wait+0xe8/0x1d0
[<0>] do_futex+0xec/0x1a0
[<0>] __arm64_sys_futex+0x80/0x198
[<0>] invoke_syscall+0x50/0x128
[<0>] el0_svc_common.constprop.0+0xc8/0xf0
[<0>] do_el0_svc+0x48/0x78
[<0>] el0_slow_syscall+0x44/0x1b8
[<0>] el0t_64_sync_handler+0x100/0x130
[<0>] el0t_64_sync+0x188/0x190
--- tid=550770 wchan=futex_wait_queue
[<0>] futex_wait_queue+0x78/0xb0
[<0>] futex_wait+0xe8/0x1d0
[<0>] do_futex+0xec/0x1a0
[<0>] __arm64_sys_futex+0x80/0x198
[<0>] invoke_syscall+0x50/0x128
[<0>] el0_svc_common.constprop.0+0xc8/0xf0
[<0>] do_el0_svc+0x48/0x78
[<0>] el0_slow_syscall+0x44/0x1b8
[<0>] el0t_64_sync_handler+0x100/0x130
[<0>] el0t_64_sync+0x188/0x190
--- tid=550778 wchan=ep_poll
[<0>] ep_poll+0x300/0x498
[<0>] do_epoll_wait+0x100/0x128
[<0>] do_epoll_pwait.part.0+0x1c/0xb8
[<0>] __arm64_sys_epoll_pwait+0x7c/0x128
[<0>] invoke_syscall+0x50/0x128
[<0>] el0_svc_common.constprop.0+0xc8/0xf0
[<0>] do_el0_svc+0x48/0x78
[<0>] el0_slow_syscall+0x44/0x1b8
[<0>] el0t_64_sync_handler+0x100/0x130
[<0>] el0t_64_sync+0x188/0x190
--- tid=550799 wchan=futex_wait_queue
[<0>] futex_wait_queue+0x78/0xb0
[<0>] futex_wait+0xe8/0x1d0
[<0>] do_futex+0xec/0x1a0
[<0>] __arm64_sys_futex+0x80/0x198
[<0>] invoke_syscall+0x50/0x128
[<0>] el0_svc_common.constprop.0+0xc8/0xf0
[<0>] do_el0_svc+0x48/0x78
[<0>] el0_slow_syscall+0x44/0x1b8
[<0>] el0t_64_sync_handler+0x100/0x130
[<0>] el0t_64_sync+0x188/0x190
--- tid=550801 wchan=futex_wait_queue
[<0>] futex_wait_queue+0x78/0xb0
[<0>] futex_wait+0xe8/0x1d0
[<0>] do_futex+0xec/0x1a0
[<0>] __arm64_sys_futex+0x80/0x198
[<0>] invoke_syscall+0x50/0x128
[<0>] el0_svc_common.constprop.0+0xc8/0xf0
[<0>] do_el0_svc+0x48/0x78
[<0>] el0_slow_syscall+0x44/0x1b8
[<0>] el0t_64_sync_handler+0x100/0x130
[<0>] el0t_64_sync+0x188/0x190
--- tid=550808 wchan=futex_wait_queue
[<0>] futex_wait_queue+0x78/0xb0
[<0>] futex_wait+0xe8/0x1d0
[<0>] do_futex+0xec/0x1a0
[<0>] __arm64_sys_futex+0x80/0x198
[<0>] invoke_syscall+0x50/0x128
[<0>] el0_svc_common.constprop.0+0xc8/0xf0
[<0>] do_el0_svc+0x48/0x78
[<0>] el0_slow_syscall+0x44/0x1b8
[<0>] el0t_64_sync_handler+0x100/0x130
[<0>] el0t_64_sync+0x188/0x190
--- tid=550816 wchan=ep_poll
[<0>] ep_poll+0x300/0x498
[<0>] do_epoll_wait+0x100/0x128
[<0>] do_epoll_pwait.part.0+0x1c/0xb8
[<0>] __arm64_sys_epoll_pwait+0x7c/0x128
[<0>] invoke_syscall+0x50/0x128
[<0>] el0_svc_common.constprop.0+0xc8/0xf0
[<0>] do_el0_svc+0x48/0x78
[<0>] el0_slow_syscall+0x44/0x1b8
[<0>] el0t_64_sync_handler+0x100/0x130
[<0>] el0t_64_sync+0x188/0x190
--- tid=550829 wchan=futex_wait_queue
[<0>] futex_wait_queue+0x78/0xb0
[<0>] futex_wait+0xe8/0x1d0
[<0>] do_futex+0xec/0x1a0
[<0>] __arm64_sys_futex+0x80/0x198
[<0>] invoke_syscall+0x50/0x128
[<0>] el0_svc_common.constprop.0+0xc8/0xf0
[<0>] do_el0_svc+0x48/0x78
[<0>] el0_slow_syscall+0x44/0x1b8
[<0>] el0t_64_sync_handler+0x100/0x130
[<0>] el0t_64_sync+0x188/0x190
--- tid=550830 wchan=futex_wait_queue
[<0>] futex_wait_queue+0x78/0xb0
[<0>] futex_wait+0xe8/0x1d0
[<0>] do_futex+0xec/0x1a0
[<0>] __arm64_sys_futex+0x80/0x198
[<0>] invoke_syscall+0x50/0x128
[<0>] el0_svc_common.constprop.0+0xc8/0xf0
[<0>] do_el0_svc+0x48/0x78
[<0>] el0_slow_syscall+0x44/0x1b8
[<0>] el0t_64_sync_handler+0x100/0x130
[<0>] el0t_64_sync+0x188/0x190
--- tid=550834 wchan=futex_wait_queue
[<0>] futex_wait_queue+0x78/0xb0
[<0>] futex_wait+0xe8/0x1d0
[<0>] do_futex+0xec/0x1a0
[<0>] __arm64_sys_futex+0x80/0x198
[<0>] invoke_syscall+0x50/0x128
[<0>] el0_svc_common.constprop.0+0xc8/0xf0
[<0>] do_el0_svc+0x48/0x78
[<0>] el0_slow_syscall+0x44/0x1b8
[<0>] el0t_64_sync_handler+0x100/0x130
[<0>] el0t_64_sync+0x188/0x190
--- tid=550841 wchan=futex_wait_queue
[<0>] futex_wait_queue+0x78/0xb0
[<0>] futex_wait+0xe8/0x1d0
[<0>] do_futex+0xec/0x1a0
[<0>] __arm64_sys_futex+0x80/0x198
[<0>] invoke_syscall+0x50/0x128
[<0>] el0_svc_common.constprop.0+0xc8/0xf0
[<0>] do_el0_svc+0x48/0x78
[<0>] el0_slow_syscall+0x44/0x1b8
[<0>] el0t_64_sync_handler+0x100/0x130
[<0>] el0t_64_sync+0x188/0x190
--- tid=550847 wchan=futex_wait_queue
[<0>] futex_wait_queue+0x78/0xb0
[<0>] futex_wait+0xe8/0x1d0
[<0>] do_futex+0xec/0x1a0
[<0>] __arm64_sys_futex+0x80/0x198
[<0>] invoke_syscall+0x50/0x128
[<0>] el0_svc_common.constprop.0+0xc8/0xf0
[<0>] do_el0_svc+0x48/0x78
[<0>] el0_slow_syscall+0x44/0x1b8
[<0>] el0t_64_sync_handler+0x100/0x130
[<0>] el0t_64_sync+0x188/0x190
--- tid=550854 wchan=futex_wait_queue
[<0>] futex_wait_queue+0x78/0xb0
[<0>] futex_wait+0xe8/0x1d0
[<0>] do_futex+0xec/0x1a0
[<0>] __arm64_sys_futex+0x80/0x198
[<0>] invoke_syscall+0x50/0x128
[<0>] el0_svc_common.constprop.0+0xc8/0xf0
[<0>] do_el0_svc+0x48/0x78
[<0>] el0_slow_syscall+0x44/0x1b8
[<0>] el0t_64_sync_handler+0x100/0x130
[<0>] el0t_64_sync+0x188/0x190
--- tid=550860 wchan=futex_wait_queue
[<0>] futex_wait_queue+0x78/0xb0
[<0>] futex_wait+0xe8/0x1d0
[<0>] do_futex+0xec/0x1a0
[<0>] __arm64_sys_futex+0x80/0x198
[<0>] invoke_syscall+0x50/0x128
[<0>] el0_svc_common.constprop.0+0xc8/0xf0
[<0>] do_el0_svc+0x48/0x78
[<0>] el0_slow_syscall+0x44/0x1b8
[<0>] el0t_64_sync_handler+0x100/0x130
[<0>] el0t_64_sync+0x188/0x190
--- tid=550866 wchan=futex_wait_queue
[<0>] futex_wait_queue+0x78/0xb0
[<0>] futex_wait+0xe8/0x1d0
[<0>] do_futex+0xec/0x1a0
[<0>] __arm64_sys_futex+0x80/0x198
[<0>] invoke_syscall+0x50/0x128
[<0>] el0_svc_common.constprop.0+0xc8/0xf0
[<0>] do_el0_svc+0x48/0x78
[<0>] el0_slow_syscall+0x44/0x1b8
[<0>] el0t_64_sync_handler+0x100/0x130
[<0>] el0t_64_sync+0x188/0x190
--- tid=550870 wchan=futex_wait_queue
[<0>] futex_wait_queue+0x78/0xb0
[<0>] futex_wait+0xe8/0x1d0
[<0>] do_futex+0xec/0x1a0
[<0>] __arm64_sys_futex+0x80/0x198
[<0>] invoke_syscall+0x50/0x128
[<0>] el0_svc_common.constprop.0+0xc8/0xf0
[<0>] do_el0_svc+0x48/0x78
[<0>] el0_slow_syscall+0x44/0x1b8
[<0>] el0t_64_sync_handler+0x100/0x130
[<0>] el0t_64_sync+0x188/0x190
--- tid=550877 wchan=futex_wait_queue
[<0>] futex_wait_queue+0x78/0xb0
[<0>] futex_wait+0xe8/0x1d0
[<0>] do_futex+0xec/0x1a0
[<0>] __arm64_sys_futex+0x80/0x198
[<0>] invoke_syscall+0x50/0x128
[<0>] el0_svc_common.constprop.0+0xc8/0xf0
[<0>] do_el0_svc+0x48/0x78
[<0>] el0_slow_syscall+0x44/0x1b8
[<0>] el0t_64_sync_handler+0x100/0x130
[<0>] el0t_64_sync+0x188/0x190
--- tid=550882 wchan=futex_wait_queue
[<0>] futex_wait_queue+0x78/0xb0
[<0>] futex_wait+0xe8/0x1d0
[<0>] do_futex+0xec/0x1a0
[<0>] __arm64_sys_futex+0x80/0x198
[<0>] invoke_syscall+0x50/0x128
[<0>] el0_svc_common.constprop.0+0xc8/0xf0
[<0>] do_el0_svc+0x48/0x78
[<0>] el0_slow_syscall+0x44/0x1b8
[<0>] el0t_64_sync_handler+0x100/0x130
[<0>] el0t_64_sync+0x188/0x190
--- tid=550933 wchan=futex_wait_queue
[<0>] futex_wait_queue+0x78/0xb0
[<0>] futex_wait+0xe8/0x1d0
[<0>] do_futex+0xec/0x1a0
[<0>] __arm64_sys_futex+0x80/0x198
[<0>] invoke_syscall+0x50/0x128
[<0>] el0_svc_common.constprop.0+0xc8/0xf0
[<0>] do_el0_svc+0x48/0x78
[<0>] el0_slow_syscall+0x44/0x1b8
[<0>] el0t_64_sync_handler+0x100/0x130
[<0>] el0t_64_sync+0x188/0x190
--- tid=550934 wchan=futex_wait_queue
[<0>] futex_wait_queue+0x78/0xb0
[<0>] futex_wait+0xe8/0x1d0
[<0>] do_futex+0xec/0x1a0
[<0>] __arm64_sys_futex+0x80/0x198
[<0>] invoke_syscall+0x50/0x128
[<0>] el0_svc_common.constprop.0+0xc8/0xf0
[<0>] do_el0_svc+0x48/0x78
[<0>] el0_slow_syscall+0x44/0x1b8
[<0>] el0t_64_sync_handler+0x100/0x130
[<0>] el0t_64_sync+0x188/0x190
--- tid=550936 wchan=futex_wait_queue
[<0>] futex_wait_queue+0x78/0xb0
[<0>] futex_wait+0xe8/0x1d0
[<0>] do_futex+0xec/0x1a0
[<0>] __arm64_sys_futex+0x80/0x198
[<0>] invoke_syscall+0x50/0x128
[<0>] el0_svc_common.constprop.0+0xc8/0xf0
[<0>] do_el0_svc+0x48/0x78
[<0>] el0_slow_syscall+0x44/0x1b8
[<0>] el0t_64_sync_handler+0x100/0x130
[<0>] el0t_64_sync+0x188/0x190
--- tid=550939 wchan=futex_wait_queue
[<0>] futex_wait_queue+0x78/0xb0
[<0>] futex_wait+0xe8/0x1d0
[<0>] do_futex+0xec/0x1a0
[<0>] __arm64_sys_futex+0x80/0x198
[<0>] invoke_syscall+0x50/0x128
[<0>] el0_svc_common.constprop.0+0xc8/0xf0
[<0>] do_el0_svc+0x48/0x78
[<0>] el0_slow_syscall+0x44/0x1b8
[<0>] el0t_64_sync_handler+0x100/0x130
[<0>] el0t_64_sync+0x188/0x190
--- tid=550940 wchan=futex_wait_queue
[<0>] futex_wait_queue+0x78/0xb0
[<0>] futex_wait+0xe8/0x1d0
[<0>] do_futex+0xec/0x1a0
[<0>] __arm64_sys_futex+0x80/0x198
[<0>] invoke_syscall+0x50/0x128
[<0>] el0_svc_common.constprop.0+0xc8/0xf0
[<0>] do_el0_svc+0x48/0x78
[<0>] el0_slow_syscall+0x44/0x1b8
[<0>] el0t_64_sync_handler+0x100/0x130
[<0>] el0t_64_sync+0x188/0x190
--- tid=550943 wchan=futex_wait_queue
[<0>] futex_wait_queue+0x78/0xb0
[<0>] futex_wait+0xe8/0x1d0
[<0>] do_futex+0xec/0x1a0
[<0>] __arm64_sys_futex+0x80/0x198
[<0>] invoke_syscall+0x50/0x128
[<0>] el0_svc_common.constprop.0+0xc8/0xf0
[<0>] do_el0_svc+0x48/0x78
[<0>] el0_slow_syscall+0x44/0x1b8
[<0>] el0t_64_sync_handler+0x100/0x130
[<0>] el0t_64_sync+0x188/0x190
--- tid=550945 wchan=futex_wait_queue
[<0>] futex_wait_queue+0x78/0xb0
[<0>] futex_wait+0xe8/0x1d0
[<0>] do_futex+0xec/0x1a0
[<0>] __arm64_sys_futex+0x80/0x198
[<0>] invoke_syscall+0x50/0x128
[<0>] el0_svc_common.constprop.0+0xc8/0xf0
[<0>] do_el0_svc+0x48/0x78
[<0>] el0_slow_syscall+0x44/0x1b8
[<0>] el0t_64_sync_handler+0x100/0x130
[<0>] el0t_64_sync+0x188/0x190
--- tid=550946 wchan=futex_wait_queue
[<0>] futex_wait_queue+0x78/0xb0
[<0>] futex_wait+0xe8/0x1d0
[<0>] do_futex+0xec/0x1a0
[<0>] __arm64_sys_futex+0x80/0x198
[<0>] invoke_syscall+0x50/0x128
[<0>] el0_svc_common.constprop.0+0xc8/0xf0
[<0>] do_el0_svc+0x48/0x78
[<0>] el0_slow_syscall+0x44/0x1b8
[<0>] el0t_64_sync_handler+0x100/0x130
[<0>] el0t_64_sync+0x188/0x190
--- tid=550948 wchan=futex_wait_queue
[<0>] futex_wait_queue+0x78/0xb0
[<0>] futex_wait+0xe8/0x1d0
[<0>] do_futex+0xec/0x1a0
[<0>] __arm64_sys_futex+0x80/0x198
[<0>] invoke_syscall+0x50/0x128
[<0>] el0_svc_common.constprop.0+0xc8/0xf0
[<0>] do_el0_svc+0x48/0x78
[<0>] el0_slow_syscall+0x44/0x1b8
[<0>] el0t_64_sync_handler+0x100/0x130
[<0>] el0t_64_sync+0x188/0x190
--- tid=551024 wchan=hrtimer_nanosleep
[<0>] hrtimer_nanosleep+0x80/0x100
[<0>] common_nsleep+0x4c/0x80
[<0>] __arm64_sys_clock_nanosleep+0xd4/0x158
[<0>] invoke_syscall+0x50/0x128
[<0>] el0_svc_common.constprop.0+0xc8/0xf0
[<0>] do_el0_svc+0x48/0x78
[<0>] el0_slow_syscall+0x44/0x1b8
[<0>] el0t_64_sync_handler+0x100/0x130
[<0>] el0t_64_sync+0x188/0x190
--- tid=553211 wchan=futex_wait_queue
[<0>] futex_wait_queue+0x78/0xb0
[<0>] futex_wait+0xe8/0x1d0
[<0>] do_futex+0xec/0x1a0
[<0>] __arm64_sys_futex+0x80/0x198
[<0>] invoke_syscall+0x50/0x128
[<0>] el0_svc_common.constprop.0+0xc8/0xf0
[<0>] do_el0_svc+0x48/0x78
[<0>] el0_slow_syscall+0x44/0x1b8
[<0>] el0t_64_sync_handler+0x100/0x130
[<0>] el0t_64_sync+0x188/0x190
--- tid=553212 wchan=ep_poll
[<0>] ep_poll+0x300/0x498
[<0>] do_epoll_wait+0x100/0x128
[<0>] do_epoll_pwait.part.0+0x1c/0xb8
[<0>] __arm64_sys_epoll_pwait+0x7c/0x128
[<0>] invoke_syscall+0x50/0x128
[<0>] el0_svc_common.constprop.0+0xc8/0xf0
[<0>] do_el0_svc+0x48/0x78
[<0>] el0_slow_syscall+0x44/0x1b8
[<0>] el0t_64_sync_handler+0x100/0x130
[<0>] el0t_64_sync+0x188/0x190
--- tid=553213 wchan=ep_poll
[<0>] ep_poll+0x300/0x498
[<0>] do_epoll_wait+0x100/0x128
[<0>] do_epoll_pwait.part.0+0x1c/0xb8
[<0>] __arm64_sys_epoll_pwait+0x7c/0x128
[<0>] invoke_syscall+0x50/0x128
[<0>] el0_svc_common.constprop.0+0xc8/0xf0
[<0>] do_el0_svc+0x48/0x78
[<0>] el0_slow_syscall+0x44/0x1b8
[<0>] el0t_64_sync_handler+0x100/0x130
[<0>] el0t_64_sync+0x188/0x190
--- tid=553214 wchan=ep_poll
[<0>] ep_poll+0x300/0x498
[<0>] do_epoll_wait+0x100/0x128
[<0>] do_epoll_pwait.part.0+0x1c/0xb8
[<0>] __arm64_sys_epoll_pwait+0x7c/0x128
[<0>] invoke_syscall+0x50/0x128
[<0>] el0_svc_common.constprop.0+0xc8/0xf0
[<0>] do_el0_svc+0x48/0x78
[<0>] el0_slow_syscall+0x44/0x1b8
[<0>] el0t_64_sync_handler+0x100/0x130
[<0>] el0t_64_sync+0x188/0x190
--- tid=553215 wchan=ep_poll
[<0>] ep_poll+0x300/0x498
[<0>] do_epoll_wait+0x100/0x128
[<0>] do_epoll_pwait.part.0+0x1c/0xb8
[<0>] __arm64_sys_epoll_pwait+0x7c/0x128
[<0>] invoke_syscall+0x50/0x128
[<0>] el0_svc_common.constprop.0+0xc8/0xf0
[<0>] do_el0_svc+0x48/0x78
[<0>] el0_slow_syscall+0x44/0x1b8
[<0>] el0t_64_sync_handler+0x100/0x130
[<0>] el0t_64_sync+0x188/0x190
--- tid=553216 wchan=pipe_read
[<0>] pipe_read+0x360/0x400
[<0>] new_sync_read+0x130/0x148
[<0>] vfs_read+0x194/0x1e8
[<0>] ksys_read+0xf4/0x118
[<0>] __arm64_sys_read+0x24/0x38
[<0>] invoke_syscall+0x50/0x128
[<0>] el0_svc_common.constprop.0+0xc8/0xf0
[<0>] do_el0_svc+0x48/0x78
[<0>] el0_slow_syscall+0x44/0x1b8
[<0>] el0t_64_sync_handler+0x100/0x130
[<0>] el0t_64_sync+0x188/0x190
--- tid=553340 wchan=futex_wait_queue
[<0>] futex_wait_queue+0x78/0xb0
[<0>] futex_wait+0xe8/0x1d0
[<0>] do_futex+0xec/0x1a0
[<0>] __arm64_sys_futex+0x80/0x198
[<0>] invoke_syscall+0x50/0x128
[<0>] el0_svc_common.constprop.0+0xc8/0xf0
[<0>] do_el0_svc+0x48/0x78
[<0>] el0_slow_syscall+0x44/0x1b8
[<0>] el0t_64_sync_handler+0x100/0x130
[<0>] el0t_64_sync+0x188/0x190
--- tid=553341 wchan=futex_wait_queue
[<0>] futex_wait_queue+0x78/0xb0
[<0>] futex_wait+0xe8/0x1d0
[<0>] do_futex+0xec/0x1a0
[<0>] __arm64_sys_futex+0x80/0x198
[<0>] invoke_syscall+0x50/0x128
[<0>] el0_svc_common.constprop.0+0xc8/0xf0
[<0>] do_el0_svc+0x48/0x78
[<0>] el0_slow_syscall+0x44/0x1b8
[<0>] el0t_64_sync_handler+0x100/0x130
[<0>] el0t_64_sync+0x188/0x190
--- tid=553342 wchan=futex_wait_queue
[<0>] futex_wait_queue+0x78/0xb0
[<0>] futex_wait+0xe8/0x1d0
[<0>] do_futex+0xec/0x1a0
[<0>] __arm64_sys_futex+0x80/0x198
[<0>] invoke_syscall+0x50/0x128
[<0>] el0_svc_common.constprop.0+0xc8/0xf0
[<0>] do_el0_svc+0x48/0x78
[<0>] el0_slow_syscall+0x44/0x1b8
[<0>] el0t_64_sync_handler+0x100/0x130
[<0>] el0t_64_sync+0x188/0x190
--- tid=553343 wchan=futex_wait_queue
[<0>] futex_wait_queue+0x78/0xb0
[<0>] futex_wait+0xe8/0x1d0
[<0>] do_futex+0xec/0x1a0
[<0>] __arm64_sys_futex+0x80/0x198
[<0>] invoke_syscall+0x50/0x128
[<0>] el0_svc_common.constprop.0+0xc8/0xf0
[<0>] do_el0_svc+0x48/0x78
[<0>] el0_slow_syscall+0x44/0x1b8
[<0>] el0t_64_sync_handler+0x100/0x130
[<0>] el0t_64_sync+0x188/0x190
--- tid=553344 wchan=futex_wait_queue
[<0>] futex_wait_queue+0x78/0xb0
[<0>] futex_wait+0xe8/0x1d0
[<0>] do_futex+0xec/0x1a0
[<0>] __arm64_sys_futex+0x80/0x198
[<0>] invoke_syscall+0x50/0x128
[<0>] el0_svc_common.constprop.0+0xc8/0xf0
[<0>] do_el0_svc+0x48/0x78
[<0>] el0_slow_syscall+0x44/0x1b8
[<0>] el0t_64_sync_handler+0x100/0x130
[<0>] el0t_64_sync+0x188/0x190
--- tid=553384 wchan=hrtimer_nanosleep
[<0>] hrtimer_nanosleep+0x80/0x100
[<0>] common_nsleep+0x4c/0x80
[<0>] __arm64_sys_clock_nanosleep+0xd4/0x158
[<0>] invoke_syscall+0x50/0x128
[<0>] el0_svc_common.constprop.0+0xc8/0xf0
[<0>] do_el0_svc+0x48/0x78
[<0>] el0_slow_syscall+0x44/0x1b8
[<0>] el0t_64_sync_handler+0x100/0x130
[<0>] el0t_64_sync+0x188/0x190
--- tid=553388 wchan=hrtimer_nanosleep
[<0>] hrtimer_nanosleep+0x80/0x100
[<0>] common_nsleep+0x4c/0x80
[<0>] __arm64_sys_clock_nanosleep+0xd4/0x158
[<0>] invoke_syscall+0x50/0x128
[<0>] el0_svc_common.constprop.0+0xc8/0xf0
[<0>] do_el0_svc+0x48/0x78
[<0>] el0_slow_syscall+0x44/0x1b8
[<0>] el0t_64_sync_handler+0x100/0x130
[<0>] el0t_64_sync+0x188/0x190
--- tid=565768 wchan=pipe_write
[<0>] pipe_write+0x1ec/0x558
[<0>] new_sync_write+0x140/0x158
[<0>] vfs_write+0x21c/0x2b0
[<0>] ksys_write+0xf4/0x118
[<0>] __arm64_sys_write+0x24/0x38
[<0>] invoke_syscall+0x50/0x128
[<0>] el0_svc_common.constprop.0+0xc8/0xf0
[<0>] do_el0_svc+0x48/0x78
[<0>] el0_slow_syscall+0x44/0x1b8
[<0>] el0t_64_sync_handler+0x100/0x130
[<0>] el0t_64_sync+0x188/0x190
  >>> sent SIGUSR1 to 549795 (Python stacks -> /home/g00619970/moeoffload_multi/log/model_2026_0814_0558_multimech.log)

================ pid=549796  comm=VLLM::Worker_DP ================
cmdline: VLLM::Worker_DP0_TP7_EP7                                                                                                                                  

State:	S (sleeping)
Threads:	122
--- tid=549796 wchan=hrtimer_nanosleep
[<0>] hrtimer_nanosleep+0x80/0x100
[<0>] common_nsleep+0x4c/0x80
[<0>] __arm64_sys_clock_nanosleep+0xd4/0x158
[<0>] invoke_syscall+0x50/0x128
[<0>] el0_svc_common.constprop.0+0xc8/0xf0
[<0>] do_el0_svc+0x48/0x78
[<0>] el0_slow_syscall+0x44/0x1b8
[<0>] el0t_64_sync_handler+0x100/0x130
[<0>] el0t_64_sync+0x188/0x190
--- tid=549842 wchan=futex_wait_queue
[<0>] futex_wait_queue+0x78/0xb0
[<0>] futex_wait+0xe8/0x1d0
[<0>] do_futex+0xec/0x1a0
[<0>] __arm64_sys_futex+0x80/0x198
[<0>] invoke_syscall+0x50/0x128
[<0>] el0_svc_common.constprop.0+0xc8/0xf0
[<0>] do_el0_svc+0x48/0x78
[<0>] el0_slow_syscall+0x44/0x1b8
[<0>] el0t_64_sync_handler+0x100/0x130
[<0>] el0t_64_sync+0x188/0x190
--- tid=549843 wchan=futex_wait_queue
[<0>] futex_wait_queue+0x78/0xb0
[<0>] futex_wait+0xe8/0x1d0
[<0>] do_futex+0xec/0x1a0
[<0>] __arm64_sys_futex+0x80/0x198
[<0>] invoke_syscall+0x50/0x128
[<0>] el0_svc_common.constprop.0+0xc8/0xf0
[<0>] do_el0_svc+0x48/0x78
[<0>] el0_slow_syscall+0x44/0x1b8
[<0>] el0t_64_sync_handler+0x100/0x130
[<0>] el0t_64_sync+0x188/0x190
--- tid=549844 wchan=futex_wait_queue
[<0>] futex_wait_queue+0x78/0xb0
[<0>] futex_wait+0xe8/0x1d0
[<0>] do_futex+0xec/0x1a0
[<0>] __arm64_sys_futex+0x80/0x198
[<0>] invoke_syscall+0x50/0x128
[<0>] el0_svc_common.constprop.0+0xc8/0xf0
[<0>] do_el0_svc+0x48/0x78
[<0>] el0_slow_syscall+0x44/0x1b8
[<0>] el0t_64_sync_handler+0x100/0x130
[<0>] el0t_64_sync+0x188/0x190
--- tid=549845 wchan=futex_wait_queue
[<0>] futex_wait_queue+0x78/0xb0
[<0>] futex_wait+0xe8/0x1d0
[<0>] do_futex+0xec/0x1a0
[<0>] __arm64_sys_futex+0x80/0x198
[<0>] invoke_syscall+0x50/0x128
[<0>] el0_svc_common.constprop.0+0xc8/0xf0
[<0>] do_el0_svc+0x48/0x78
[<0>] el0_slow_syscall+0x44/0x1b8
[<0>] el0t_64_sync_handler+0x100/0x130
[<0>] el0t_64_sync+0x188/0x190
--- tid=549846 wchan=futex_wait_queue
[<0>] futex_wait_queue+0x78/0xb0
[<0>] futex_wait+0xe8/0x1d0
[<0>] do_futex+0xec/0x1a0
[<0>] __arm64_sys_futex+0x80/0x198
[<0>] invoke_syscall+0x50/0x128
[<0>] el0_svc_common.constprop.0+0xc8/0xf0
[<0>] do_el0_svc+0x48/0x78
[<0>] el0_slow_syscall+0x44/0x1b8
[<0>] el0t_64_sync_handler+0x100/0x130
[<0>] el0t_64_sync+0x188/0x190
--- tid=549847 wchan=futex_wait_queue
[<0>] futex_wait_queue+0x78/0xb0
[<0>] futex_wait+0xe8/0x1d0
[<0>] do_futex+0xec/0x1a0
[<0>] __arm64_sys_futex+0x80/0x198
[<0>] invoke_syscall+0x50/0x128
[<0>] el0_svc_common.constprop.0+0xc8/0xf0
[<0>] do_el0_svc+0x48/0x78
[<0>] el0_slow_syscall+0x44/0x1b8
[<0>] el0t_64_sync_handler+0x100/0x130
[<0>] el0t_64_sync+0x188/0x190
--- tid=549849 wchan=futex_wait_queue
[<0>] futex_wait_queue+0x78/0xb0
[<0>] futex_wait+0xe8/0x1d0
[<0>] do_futex+0xec/0x1a0
[<0>] __arm64_sys_futex+0x80/0x198
[<0>] invoke_syscall+0x50/0x128
[<0>] el0_svc_common.constprop.0+0xc8/0xf0
[<0>] do_el0_svc+0x48/0x78
[<0>] el0_slow_syscall+0x44/0x1b8
[<0>] el0t_64_sync_handler+0x100/0x130
[<0>] el0t_64_sync+0x188/0x190
--- tid=549851 wchan=futex_wait_queue
[<0>] futex_wait_queue+0x78/0xb0
[<0>] futex_wait+0xe8/0x1d0
[<0>] do_futex+0xec/0x1a0
[<0>] __arm64_sys_futex+0x80/0x198
[<0>] invoke_syscall+0x50/0x128
[<0>] el0_svc_common.constprop.0+0xc8/0xf0
[<0>] do_el0_svc+0x48/0x78
[<0>] el0_slow_syscall+0x44/0x1b8
[<0>] el0t_64_sync_handler+0x100/0x130
[<0>] el0t_64_sync+0x188/0x190
--- tid=549852 wchan=futex_wait_queue
[<0>] futex_wait_queue+0x78/0xb0
[<0>] futex_wait+0xe8/0x1d0
[<0>] do_futex+0xec/0x1a0
[<0>] __arm64_sys_futex+0x80/0x198
[<0>] invoke_syscall+0x50/0x128
[<0>] el0_svc_common.constprop.0+0xc8/0xf0
[<0>] do_el0_svc+0x48/0x78
[<0>] el0_slow_syscall+0x44/0x1b8
[<0>] el0t_64_sync_handler+0x100/0x130
[<0>] el0t_64_sync+0x188/0x190
--- tid=549887 wchan=ep_poll
[<0>] ep_poll+0x300/0x498
[<0>] do_epoll_wait+0x100/0x128
[<0>] do_epoll_pwait.part.0+0x1c/0xb8
[<0>] __arm64_sys_epoll_pwait+0x7c/0x128
[<0>] invoke_syscall+0x50/0x128
[<0>] el0_svc_common.constprop.0+0xc8/0xf0
[<0>] do_el0_svc+0x48/0x78
[<0>] el0_slow_syscall+0x44/0x1b8
[<0>] el0t_64_sync_handler+0x100/0x130
[<0>] el0t_64_sync+0x188/0x190
--- tid=549895 wchan=hrtimer_nanosleep
[<0>] hrtimer_nanosleep+0x80/0x100
[<0>] common_nsleep+0x4c/0x80
[<0>] __arm64_sys_clock_nanosleep+0xd4/0x158
[<0>] invoke_syscall+0x50/0x128
[<0>] el0_svc_common.constprop.0+0xc8/0xf0
[<0>] do_el0_svc+0x48/0x78
[<0>] el0_slow_syscall+0x44/0x1b8
[<0>] el0t_64_sync_handler+0x100/0x130
[<0>] el0t_64_sync+0x188/0x190
--- tid=549901 wchan=hrtimer_nanosleep
[<0>] hrtimer_nanosleep+0x80/0x100
[<0>] common_nsleep+0x4c/0x80
[<0>] __arm64_sys_clock_nanosleep+0xd4/0x158
[<0>] invoke_syscall+0x50/0x128
[<0>] el0_svc_common.constprop.0+0xc8/0xf0
[<0>] do_el0_svc+0x48/0x78
[<0>] el0_slow_syscall+0x44/0x1b8
[<0>] el0t_64_sync_handler+0x100/0x130
[<0>] el0t_64_sync+0x188/0x190
--- tid=549905 wchan=hrtimer_nanosleep
[<0>] hrtimer_nanosleep+0x80/0x100
[<0>] common_nsleep+0x4c/0x80
[<0>] __arm64_sys_clock_nanosleep+0xd4/0x158
[<0>] invoke_syscall+0x50/0x128
[<0>] el0_svc_common.constprop.0+0xc8/0xf0
[<0>] do_el0_svc+0x48/0x78
[<0>] el0_slow_syscall+0x44/0x1b8
[<0>] el0t_64_sync_handler+0x100/0x130
[<0>] el0t_64_sync+0x188/0x190
--- tid=550145 wchan=futex_wait_queue
[<0>] futex_wait_queue+0x78/0xb0
[<0>] futex_wait+0xe8/0x1d0
[<0>] do_futex+0xec/0x1a0
[<0>] __arm64_sys_futex+0x80/0x198
[<0>] invoke_syscall+0x50/0x128
[<0>] el0_svc_common.constprop.0+0xc8/0xf0
[<0>] do_el0_svc+0x48/0x78
[<0>] el0_slow_syscall+0x44/0x1b8
[<0>] el0t_64_sync_handler+0x100/0x130
[<0>] el0t_64_sync+0x188/0x190
--- tid=550146 wchan=futex_wait_queue
[<0>] futex_wait_queue+0x78/0xb0
[<0>] futex_wait+0xe8/0x1d0
[<0>] do_futex+0xec/0x1a0
[<0>] __arm64_sys_futex+0x80/0x198
[<0>] invoke_syscall+0x50/0x128
[<0>] el0_svc_common.constprop.0+0xc8/0xf0
[<0>] do_el0_svc+0x48/0x78
[<0>] el0_slow_syscall+0x44/0x1b8
[<0>] el0t_64_sync_handler+0x100/0x130
[<0>] el0t_64_sync+0x188/0x190
--- tid=550147 wchan=futex_wait_queue
[<0>] futex_wait_queue+0x78/0xb0
[<0>] futex_wait+0xe8/0x1d0
[<0>] do_futex+0xec/0x1a0
[<0>] __arm64_sys_futex+0x80/0x198
[<0>] invoke_syscall+0x50/0x128
[<0>] el0_svc_common.constprop.0+0xc8/0xf0
[<0>] do_el0_svc+0x48/0x78
[<0>] el0_slow_syscall+0x44/0x1b8
[<0>] el0t_64_sync_handler+0x100/0x130
[<0>] el0t_64_sync+0x188/0x190
--- tid=550148 wchan=futex_wait_queue
[<0>] futex_wait_queue+0x78/0xb0
[<0>] futex_wait+0xe8/0x1d0
[<0>] do_futex+0xec/0x1a0
[<0>] __arm64_sys_futex+0x80/0x198
[<0>] invoke_syscall+0x50/0x128
[<0>] el0_svc_common.constprop.0+0xc8/0xf0
[<0>] do_el0_svc+0x48/0x78
[<0>] el0_slow_syscall+0x44/0x1b8
[<0>] el0t_64_sync_handler+0x100/0x130
[<0>] el0t_64_sync+0x188/0x190
--- tid=550149 wchan=futex_wait_queue
[<0>] futex_wait_queue+0x78/0xb0
[<0>] futex_wait+0xe8/0x1d0
[<0>] do_futex+0xec/0x1a0
[<0>] __arm64_sys_futex+0x80/0x198
[<0>] invoke_syscall+0x50/0x128
[<0>] el0_svc_common.constprop.0+0xc8/0xf0
[<0>] do_el0_svc+0x48/0x78
[<0>] el0_slow_syscall+0x44/0x1b8
[<0>] el0t_64_sync_handler+0x100/0x130
[<0>] el0t_64_sync+0x188/0x190
--- tid=550150 wchan=futex_wait_queue
[<0>] futex_wait_queue+0x78/0xb0
[<0>] futex_wait+0xe8/0x1d0
[<0>] do_futex+0xec/0x1a0
[<0>] __arm64_sys_futex+0x80/0x198
[<0>] invoke_syscall+0x50/0x128
[<0>] el0_svc_common.constprop.0+0xc8/0xf0
[<0>] do_el0_svc+0x48/0x78
[<0>] el0_slow_syscall+0x44/0x1b8
[<0>] el0t_64_sync_handler+0x100/0x130
[<0>] el0t_64_sync+0x188/0x190
--- tid=550151 wchan=futex_wait_queue
[<0>] futex_wait_queue+0x78/0xb0
[<0>] futex_wait+0xe8/0x1d0
[<0>] do_futex+0xec/0x1a0
[<0>] __arm64_sys_futex+0x80/0x198
[<0>] invoke_syscall+0x50/0x128
[<0>] el0_svc_common.constprop.0+0xc8/0xf0
[<0>] do_el0_svc+0x48/0x78
[<0>] el0_slow_syscall+0x44/0x1b8
[<0>] el0t_64_sync_handler+0x100/0x130
[<0>] el0t_64_sync+0x188/0x190
--- tid=550152 wchan=futex_wait_queue
[<0>] futex_wait_queue+0x78/0xb0
[<0>] futex_wait+0xe8/0x1d0
[<0>] do_futex+0xec/0x1a0
[<0>] __arm64_sys_futex+0x80/0x198
[<0>] invoke_syscall+0x50/0x128
[<0>] el0_svc_common.constprop.0+0xc8/0xf0
[<0>] do_el0_svc+0x48/0x78
[<0>] el0_slow_syscall+0x44/0x1b8
[<0>] el0t_64_sync_handler+0x100/0x130
[<0>] el0t_64_sync+0x188/0x190
--- tid=550153 wchan=futex_wait_queue
[<0>] futex_wait_queue+0x78/0xb0
[<0>] futex_wait+0xe8/0x1d0
[<0>] do_futex+0xec/0x1a0
[<0>] __arm64_sys_futex+0x80/0x198
[<0>] invoke_syscall+0x50/0x128
[<0>] el0_svc_common.constprop.0+0xc8/0xf0
[<0>] do_el0_svc+0x48/0x78
[<0>] el0_slow_syscall+0x44/0x1b8
[<0>] el0t_64_sync_handler+0x100/0x130
[<0>] el0t_64_sync+0x188/0x190
--- tid=550236 wchan=do_sigtimedwait
[<0>] do_sigtimedwait+0x1d4/0x2a8
[<0>] __se_sys_rt_sigtimedwait+0x94/0x160
[<0>] __arm64_sys_rt_sigtimedwait+0x24/0x38
[<0>] invoke_syscall+0x50/0x128
[<0>] el0_svc_common.constprop.0+0xc8/0xf0
[<0>] do_el0_svc+0x48/0x78
[<0>] el0_slow_syscall+0x44/0x1b8
[<0>] el0t_64_sync_handler+0x100/0x130
[<0>] el0t_64_sync+0x188/0x190
--- tid=550319 wchan=futex_wait_queue
[<0>] futex_wait_queue+0x78/0xb0
[<0>] futex_wait+0xe8/0x1d0
[<0>] do_futex+0xec/0x1a0
[<0>] __arm64_sys_futex+0x80/0x198
[<0>] invoke_syscall+0x50/0x128
[<0>] el0_svc_common.constprop.0+0xc8/0xf0
[<0>] do_el0_svc+0x48/0x78
[<0>] el0_slow_syscall+0x44/0x1b8
[<0>] el0t_64_sync_handler+0x100/0x130
[<0>] el0t_64_sync+0x188/0x190
--- tid=550320 wchan=futex_wait_queue
[<0>] futex_wait_queue+0x78/0xb0
[<0>] futex_wait+0xe8/0x1d0
[<0>] do_futex+0xec/0x1a0
[<0>] __arm64_sys_futex+0x80/0x198
[<0>] invoke_syscall+0x50/0x128
[<0>] el0_svc_common.constprop.0+0xc8/0xf0
[<0>] do_el0_svc+0x48/0x78
[<0>] el0_slow_syscall+0x44/0x1b8
[<0>] el0t_64_sync_handler+0x100/0x130
[<0>] el0t_64_sync+0x188/0x190
--- tid=550321 wchan=ep_poll
[<0>] ep_poll+0x300/0x498
[<0>] do_epoll_wait+0x100/0x128
[<0>] do_epoll_pwait.part.0+0x1c/0xb8
[<0>] __arm64_sys_epoll_pwait+0x7c/0x128
[<0>] invoke_syscall+0x50/0x128
[<0>] el0_svc_common.constprop.0+0xc8/0xf0
[<0>] do_el0_svc+0x48/0x78
[<0>] el0_slow_syscall+0x44/0x1b8
[<0>] el0t_64_sync_handler+0x100/0x130
[<0>] el0t_64_sync+0x188/0x190
--- tid=550322 wchan=hdcdrv_ub_cmd_wait_ctrl_msg
[<0>] hdcdrv_ub_cmd_wait_ctrl_msg+0x378/0x440 [drv_pcie_hdc_host]
[<0>] hdcdrv_ioctl+0x108/0x510 [drv_pcie_hdc_host]
[<0>] drv_ascend_intf_ioctl+0x7c/0x2b8 [asdrv_pbl]
[<0>] __arm64_sys_ioctl+0xb4/0x100
[<0>] invoke_syscall+0x50/0x128
[<0>] el0_svc_common.constprop.0+0xc8/0xf0
[<0>] do_el0_svc+0x48/0x78
[<0>] el0_slow_syscall+0x44/0x1b8
[<0>] el0t_64_sync_handler+0x100/0x130
[<0>] el0t_64_sync+0x188/0x190
--- tid=550323 wchan=ep_poll
[<0>] ep_poll+0x300/0x498
[<0>] do_epoll_wait+0x100/0x128
[<0>] do_epoll_pwait.part.0+0x1c/0xb8
[<0>] __arm64_sys_epoll_pwait+0x7c/0x128
[<0>] invoke_syscall+0x50/0x128
[<0>] el0_svc_common.constprop.0+0xc8/0xf0
[<0>] do_el0_svc+0x48/0x78
[<0>] el0_slow_syscall+0x44/0x1b8
[<0>] el0t_64_sync_handler+0x100/0x130
[<0>] el0t_64_sync+0x188/0x190
--- tid=550324 wchan=hdcdrv_ub_cmd_wait_ctrl_msg
[<0>] hdcdrv_ub_cmd_wait_ctrl_msg+0x378/0x440 [drv_pcie_hdc_host]
[<0>] hdcdrv_ioctl+0x108/0x510 [drv_pcie_hdc_host]
[<0>] drv_ascend_intf_ioctl+0x7c/0x2b8 [asdrv_pbl]
[<0>] __arm64_sys_ioctl+0xb4/0x100
[<0>] invoke_syscall+0x50/0x128
[<0>] el0_svc_common.constprop.0+0xc8/0xf0
[<0>] do_el0_svc+0x48/0x78
[<0>] el0_slow_syscall+0x44/0x1b8
[<0>] el0t_64_sync_handler+0x100/0x130
[<0>] el0t_64_sync+0x188/0x190
--- tid=550325 wchan=hdcdrv_ub_cmd_wait_ctrl_msg
[<0>] hdcdrv_ub_cmd_wait_ctrl_msg+0x378/0x440 [drv_pcie_hdc_host]
[<0>] hdcdrv_ioctl+0x108/0x510 [drv_pcie_hdc_host]
[<0>] drv_ascend_intf_ioctl+0x7c/0x2b8 [asdrv_pbl]
[<0>] __arm64_sys_ioctl+0xb4/0x100
[<0>] invoke_syscall+0x50/0x128
[<0>] el0_svc_common.constprop.0+0xc8/0xf0
[<0>] do_el0_svc+0x48/0x78
[<0>] el0_slow_syscall+0x44/0x1b8
[<0>] el0t_64_sync_handler+0x100/0x130
[<0>] el0t_64_sync+0x188/0x190
--- tid=550326 wchan=hdcdrv_ub_cmd_wait_ctrl_msg
[<0>] hdcdrv_ub_cmd_wait_ctrl_msg+0x378/0x440 [drv_pcie_hdc_host]
[<0>] hdcdrv_ioctl+0x108/0x510 [drv_pcie_hdc_host]
[<0>] drv_ascend_intf_ioctl+0x7c/0x2b8 [asdrv_pbl]
[<0>] __arm64_sys_ioctl+0xb4/0x100
[<0>] invoke_syscall+0x50/0x128
[<0>] el0_svc_common.constprop.0+0xc8/0xf0
[<0>] do_el0_svc+0x48/0x78
[<0>] el0_slow_syscall+0x44/0x1b8
[<0>] el0t_64_sync_handler+0x100/0x130
[<0>] el0t_64_sync+0x188/0x190
--- tid=550327 wchan=hdcdrv_ub_cmd_wait_ctrl_msg
[<0>] hdcdrv_ub_cmd_wait_ctrl_msg+0x378/0x440 [drv_pcie_hdc_host]
[<0>] hdcdrv_ioctl+0x108/0x510 [drv_pcie_hdc_host]
[<0>] drv_ascend_intf_ioctl+0x7c/0x2b8 [asdrv_pbl]
[<0>] __arm64_sys_ioctl+0xb4/0x100
[<0>] invoke_syscall+0x50/0x128
[<0>] el0_svc_common.constprop.0+0xc8/0xf0
[<0>] do_el0_svc+0x48/0x78
[<0>] el0_slow_syscall+0x44/0x1b8
[<0>] el0t_64_sync_handler+0x100/0x130
[<0>] el0t_64_sync+0x188/0x190
--- tid=550328 wchan=hdcdrv_ub_cmd_wait_ctrl_msg
[<0>] hdcdrv_ub_cmd_wait_ctrl_msg+0x378/0x440 [drv_pcie_hdc_host]
[<0>] hdcdrv_ioctl+0x108/0x510 [drv_pcie_hdc_host]
[<0>] drv_ascend_intf_ioctl+0x7c/0x2b8 [asdrv_pbl]
[<0>] __arm64_sys_ioctl+0xb4/0x100
[<0>] invoke_syscall+0x50/0x128
[<0>] el0_svc_common.constprop.0+0xc8/0xf0
[<0>] do_el0_svc+0x48/0x78
[<0>] el0_slow_syscall+0x44/0x1b8
[<0>] el0t_64_sync_handler+0x100/0x130
[<0>] el0t_64_sync+0x188/0x190
--- tid=550329 wchan=hdcdrv_ub_cmd_wait_ctrl_msg
[<0>] hdcdrv_ub_cmd_wait_ctrl_msg+0x378/0x440 [drv_pcie_hdc_host]
[<0>] hdcdrv_ioctl+0x108/0x510 [drv_pcie_hdc_host]
[<0>] drv_ascend_intf_ioctl+0x7c/0x2b8 [asdrv_pbl]
[<0>] __arm64_sys_ioctl+0xb4/0x100
[<0>] invoke_syscall+0x50/0x128
[<0>] el0_svc_common.constprop.0+0xc8/0xf0
[<0>] do_el0_svc+0x48/0x78
[<0>] el0_slow_syscall+0x44/0x1b8
[<0>] el0t_64_sync_handler+0x100/0x130
[<0>] el0t_64_sync+0x188/0x190
--- tid=550330 wchan=hdcdrv_ub_cmd_wait_ctrl_msg
[<0>] hdcdrv_ub_cmd_wait_ctrl_msg+0x378/0x440 [drv_pcie_hdc_host]
[<0>] hdcdrv_ioctl+0x108/0x510 [drv_pcie_hdc_host]
[<0>] drv_ascend_intf_ioctl+0x7c/0x2b8 [asdrv_pbl]
[<0>] __arm64_sys_ioctl+0xb4/0x100
[<0>] invoke_syscall+0x50/0x128
[<0>] el0_svc_common.constprop.0+0xc8/0xf0
[<0>] do_el0_svc+0x48/0x78
[<0>] el0_slow_syscall+0x44/0x1b8
[<0>] el0t_64_sync_handler+0x100/0x130
[<0>] el0t_64_sync+0x188/0x190
--- tid=550344 wchan=futex_wait_queue
[<0>] futex_wait_queue+0x78/0xb0
[<0>] futex_wait+0xe8/0x1d0
[<0>] do_futex+0xec/0x1a0
[<0>] __arm64_sys_futex+0x80/0x198
[<0>] invoke_syscall+0x50/0x128
[<0>] el0_svc_common.constprop.0+0xc8/0xf0
[<0>] do_el0_svc+0x48/0x78
[<0>] el0_slow_syscall+0x44/0x1b8
[<0>] el0t_64_sync_handler+0x100/0x130
[<0>] el0t_64_sync+0x188/0x190
--- tid=550346 wchan=futex_wait_queue
[<0>] futex_wait_queue+0x78/0xb0
[<0>] futex_wait+0xe8/0x1d0
[<0>] do_futex+0xec/0x1a0
[<0>] __arm64_sys_futex+0x80/0x198
[<0>] invoke_syscall+0x50/0x128
[<0>] el0_svc_common.constprop.0+0xc8/0xf0
[<0>] do_el0_svc+0x48/0x78
[<0>] el0_slow_syscall+0x44/0x1b8
[<0>] el0t_64_sync_handler+0x100/0x130
[<0>] el0t_64_sync+0x188/0x190
--- tid=550413 wchan=sched_wait_event
[<0>] sched_wait_event+0x6e0/0x2220 [asdrv_esched]
[<0>] sched_fop_wait_event+0x90/0x190 [asdrv_esched]
[<0>] _sched_fop_ioctl+0x58/0x198 [asdrv_esched]
[<0>] sched_fop_ioctl+0xc0/0x168 [asdrv_esched]
[<0>] drv_ascend_intf_ioctl+0x7c/0x2b8 [asdrv_pbl]
[<0>] __arm64_sys_ioctl+0xb4/0x100
[<0>] invoke_syscall+0x50/0x128
[<0>] el0_svc_common.constprop.0+0xc8/0xf0
[<0>] do_el0_svc+0x48/0x78
[<0>] el0_slow_syscall+0x44/0x1b8
[<0>] el0t_64_sync_handler+0x100/0x130
[<0>] el0t_64_sync+0x188/0x190
--- tid=550449 wchan=ep_poll
[<0>] ep_poll+0x300/0x498
[<0>] do_epoll_wait+0x100/0x128
[<0>] do_epoll_pwait.part.0+0x1c/0xb8
[<0>] __arm64_sys_epoll_pwait+0x7c/0x128
[<0>] invoke_syscall+0x50/0x128
[<0>] el0_svc_common.constprop.0+0xc8/0xf0
[<0>] do_el0_svc+0x48/0x78
[<0>] el0_slow_syscall+0x44/0x1b8
[<0>] el0t_64_sync_handler+0x100/0x130
[<0>] el0t_64_sync+0x188/0x190
--- tid=550451 wchan=hrtimer_nanosleep
[<0>] hrtimer_nanosleep+0x80/0x100
[<0>] common_nsleep+0x4c/0x80
[<0>] __arm64_sys_clock_nanosleep+0xd4/0x158
[<0>] invoke_syscall+0x50/0x128
[<0>] el0_svc_common.constprop.0+0xc8/0xf0
[<0>] do_el0_svc+0x48/0x78
[<0>] el0_slow_syscall+0x44/0x1b8
[<0>] el0t_64_sync_handler+0x100/0x130
[<0>] el0t_64_sync+0x188/0x190
--- tid=550453 wchan=dms_event_wait_interrupt
[<0>] dms_event_wait_interrupt+0xb8/0x230 [asdrv_fms]
[<0>] dms_event_get_exception+0x88/0x238 [asdrv_fms]
[<0>] dms_event_get_fault_event+0xd8/0x448 [asdrv_fms]
[<0>] urd_feature_handle+0x74/0x220 [asdrv_pbl]
[<0>] dms_feature_process+0xc0/0x390 [asdrv_pbl]
[<0>] dms_cmd_process+0x110/0x260 [asdrv_pbl]
[<0>] dms_ioctl+0x1b4/0x260 [asdrv_pbl]
[<0>] drv_ascend_intf_ioctl+0x7c/0x2b8 [asdrv_pbl]
[<0>] __arm64_sys_ioctl+0xb4/0x100
[<0>] invoke_syscall+0x50/0x128
[<0>] el0_svc_common.constprop.0+0xc8/0xf0
[<0>] do_el0_svc+0x48/0x78
--- tid=550455 wchan=futex_wait_queue
[<0>] futex_wait_queue+0x78/0xb0
[<0>] futex_wait+0xe8/0x1d0
[<0>] do_futex+0xec/0x1a0
[<0>] __arm64_sys_futex+0x80/0x198
[<0>] invoke_syscall+0x50/0x128
[<0>] el0_svc_common.constprop.0+0xc8/0xf0
[<0>] do_el0_svc+0x48/0x78
[<0>] el0_slow_syscall+0x44/0x1b8
[<0>] el0t_64_sync_handler+0x100/0x130
[<0>] el0t_64_sync+0x188/0x190
--- tid=550463 wchan=do_wait_intr_irq
[<0>] do_wait_intr_irq+0x94/0x168
[<0>] eventfd_read+0xc0/0x2c8
[<0>] new_sync_read+0xac/0x148
[<0>] vfs_read+0x194/0x1e8
[<0>] ksys_read+0x78/0x118
[<0>] __arm64_sys_read+0x24/0x38
[<0>] invoke_syscall+0x50/0x128
[<0>] el0_svc_common.constprop.0+0xc8/0xf0
[<0>] do_el0_svc+0x48/0x78
[<0>] el0_slow_syscall+0x44/0x1b8
[<0>] el0t_64_sync_handler+0x100/0x130
[<0>] el0t_64_sync+0x188/0x190
--- tid=550464 wchan=do_select
[<0>] do_select+0x424/0x618
[<0>] core_sys_select+0x1dc/0x510
[<0>] __se_sys_pselect6+0x104/0x1c8
[<0>] __arm64_sys_pselect6+0x28/0x48
[<0>] invoke_syscall+0x50/0x128
[<0>] el0_svc_common.constprop.0+0xc8/0xf0
[<0>] do_el0_svc+0x48/0x78
[<0>] el0_slow_syscall+0x44/0x1b8
[<0>] el0t_64_sync_handler+0x100/0x130
[<0>] el0t_64_sync+0x188/0x190
--- tid=550476 wchan=futex_wait_queue
[<0>] futex_wait_queue+0x78/0xb0
[<0>] futex_wait+0xe8/0x1d0
[<0>] do_futex+0xec/0x1a0
[<0>] __arm64_sys_futex+0x80/0x198
[<0>] invoke_syscall+0x50/0x128
[<0>] el0_svc_common.constprop.0+0xc8/0xf0
[<0>] do_el0_svc+0x48/0x78
[<0>] el0_slow_syscall+0x44/0x1b8
[<0>] el0t_64_sync_handler+0x100/0x130
[<0>] el0t_64_sync+0x188/0x190
--- tid=550477 wchan=futex_wait_queue
[<0>] futex_wait_queue+0x78/0xb0
[<0>] futex_wait+0xe8/0x1d0
[<0>] do_futex+0xec/0x1a0
[<0>] __arm64_sys_futex+0x80/0x198
[<0>] invoke_syscall+0x50/0x128
[<0>] el0_svc_common.constprop.0+0xc8/0xf0
[<0>] do_el0_svc+0x48/0x78
[<0>] el0_slow_syscall+0x44/0x1b8
[<0>] el0t_64_sync_handler+0x100/0x130
[<0>] el0t_64_sync+0x188/0x190
--- tid=550478 wchan=futex_wait_queue
[<0>] futex_wait_queue+0x78/0xb0
[<0>] futex_wait+0xe8/0x1d0
[<0>] do_futex+0xec/0x1a0
[<0>] __arm64_sys_futex+0x80/0x198
[<0>] invoke_syscall+0x50/0x128
[<0>] el0_svc_common.constprop.0+0xc8/0xf0
[<0>] do_el0_svc+0x48/0x78
[<0>] el0_slow_syscall+0x44/0x1b8
[<0>] el0t_64_sync_handler+0x100/0x130
[<0>] el0t_64_sync+0x188/0x190
--- tid=550479 wchan=futex_wait_queue
[<0>] futex_wait_queue+0x78/0xb0
[<0>] futex_wait+0xe8/0x1d0
[<0>] do_futex+0xec/0x1a0
[<0>] __arm64_sys_futex+0x80/0x198
[<0>] invoke_syscall+0x50/0x128
[<0>] el0_svc_common.constprop.0+0xc8/0xf0
[<0>] do_el0_svc+0x48/0x78
[<0>] el0_slow_syscall+0x44/0x1b8
[<0>] el0t_64_sync_handler+0x100/0x130
[<0>] el0t_64_sync+0x188/0x190
--- tid=550480 wchan=futex_wait_queue
[<0>] futex_wait_queue+0x78/0xb0
[<0>] futex_wait+0xe8/0x1d0
[<0>] do_futex+0xec/0x1a0
[<0>] __arm64_sys_futex+0x80/0x198
[<0>] invoke_syscall+0x50/0x128
[<0>] el0_svc_common.constprop.0+0xc8/0xf0
[<0>] do_el0_svc+0x48/0x78
[<0>] el0_slow_syscall+0x44/0x1b8
[<0>] el0t_64_sync_handler+0x100/0x130
[<0>] el0t_64_sync+0x188/0x190
--- tid=550481 wchan=futex_wait_queue
[<0>] futex_wait_queue+0x78/0xb0
[<0>] futex_wait+0xe8/0x1d0
[<0>] do_futex+0xec/0x1a0
[<0>] __arm64_sys_futex+0x80/0x198
[<0>] invoke_syscall+0x50/0x128
[<0>] el0_svc_common.constprop.0+0xc8/0xf0
[<0>] do_el0_svc+0x48/0x78
[<0>] el0_slow_syscall+0x44/0x1b8
[<0>] el0t_64_sync_handler+0x100/0x130
[<0>] el0t_64_sync+0x188/0x190
--- tid=550482 wchan=futex_wait_queue
[<0>] futex_wait_queue+0x78/0xb0
[<0>] futex_wait+0xe8/0x1d0
[<0>] do_futex+0xec/0x1a0
[<0>] __arm64_sys_futex+0x80/0x198
[<0>] invoke_syscall+0x50/0x128
[<0>] el0_svc_common.constprop.0+0xc8/0xf0
[<0>] do_el0_svc+0x48/0x78
[<0>] el0_slow_syscall+0x44/0x1b8
[<0>] el0t_64_sync_handler+0x100/0x130
[<0>] el0t_64_sync+0x188/0x190
--- tid=550483 wchan=futex_wait_queue
[<0>] futex_wait_queue+0x78/0xb0
[<0>] futex_wait+0xe8/0x1d0
[<0>] do_futex+0xec/0x1a0
[<0>] __arm64_sys_futex+0x80/0x198
[<0>] invoke_syscall+0x50/0x128
[<0>] el0_svc_common.constprop.0+0xc8/0xf0
[<0>] do_el0_svc+0x48/0x78
[<0>] el0_slow_syscall+0x44/0x1b8
[<0>] el0t_64_sync_handler+0x100/0x130
[<0>] el0t_64_sync+0x188/0x190
--- tid=550488 wchan=futex_wait_queue
[<0>] futex_wait_queue+0x78/0xb0
[<0>] futex_wait+0xe8/0x1d0
[<0>] do_futex+0xec/0x1a0
[<0>] __arm64_sys_futex+0x80/0x198
[<0>] invoke_syscall+0x50/0x128
[<0>] el0_svc_common.constprop.0+0xc8/0xf0
[<0>] do_el0_svc+0x48/0x78
[<0>] el0_slow_syscall+0x44/0x1b8
[<0>] el0t_64_sync_handler+0x100/0x130
[<0>] el0t_64_sync+0x188/0x190
--- tid=550518 wchan=futex_wait_queue
[<0>] futex_wait_queue+0x78/0xb0
[<0>] futex_wait+0xe8/0x1d0
[<0>] do_futex+0xec/0x1a0
[<0>] __arm64_sys_futex+0x80/0x198
[<0>] invoke_syscall+0x50/0x128
[<0>] el0_svc_common.constprop.0+0xc8/0xf0
[<0>] do_el0_svc+0x48/0x78
[<0>] el0_slow_syscall+0x44/0x1b8
[<0>] el0t_64_sync_handler+0x100/0x130
[<0>] el0t_64_sync+0x188/0x190
--- tid=550519 wchan=futex_wait_queue
[<0>] futex_wait_queue+0x78/0xb0
[<0>] futex_wait+0xe8/0x1d0
[<0>] do_futex+0xec/0x1a0
[<0>] __arm64_sys_futex+0x80/0x198
[<0>] invoke_syscall+0x50/0x128
[<0>] el0_svc_common.constprop.0+0xc8/0xf0
[<0>] do_el0_svc+0x48/0x78
[<0>] el0_slow_syscall+0x44/0x1b8
[<0>] el0t_64_sync_handler+0x100/0x130
[<0>] el0t_64_sync+0x188/0x190
--- tid=550520 wchan=ep_poll
[<0>] ep_poll+0x300/0x498
[<0>] do_epoll_wait+0x100/0x128
[<0>] do_epoll_pwait.part.0+0x1c/0xb8
[<0>] __arm64_sys_epoll_pwait+0x7c/0x128
[<0>] invoke_syscall+0x50/0x128
[<0>] el0_svc_common.constprop.0+0xc8/0xf0
[<0>] do_el0_svc+0x48/0x78
[<0>] el0_slow_syscall+0x44/0x1b8
[<0>] el0t_64_sync_handler+0x100/0x130
[<0>] el0t_64_sync+0x188/0x190
--- tid=550579 wchan=futex_wait_queue
[<0>] futex_wait_queue+0x78/0xb0
[<0>] futex_wait+0xe8/0x1d0
[<0>] do_futex+0xec/0x1a0
[<0>] __arm64_sys_futex+0x80/0x198
[<0>] invoke_syscall+0x50/0x128
[<0>] el0_svc_common.constprop.0+0xc8/0xf0
[<0>] do_el0_svc+0x48/0x78
[<0>] el0_slow_syscall+0x44/0x1b8
[<0>] el0t_64_sync_handler+0x100/0x130
[<0>] el0t_64_sync+0x188/0x190
--- tid=550582 wchan=futex_wait_queue
[<0>] futex_wait_queue+0x78/0xb0
[<0>] futex_wait+0xe8/0x1d0
[<0>] do_futex+0xec/0x1a0
[<0>] __arm64_sys_futex+0x80/0x198
[<0>] invoke_syscall+0x50/0x128
[<0>] el0_svc_common.constprop.0+0xc8/0xf0
[<0>] do_el0_svc+0x48/0x78
[<0>] el0_slow_syscall+0x44/0x1b8
[<0>] el0t_64_sync_handler+0x100/0x130
[<0>] el0t_64_sync+0x188/0x190
--- tid=550600 wchan=futex_wait_queue
[<0>] futex_wait_queue+0x78/0xb0
[<0>] futex_wait+0xe8/0x1d0
[<0>] do_futex+0xec/0x1a0
[<0>] __arm64_sys_futex+0x80/0x198
[<0>] invoke_syscall+0x50/0x128
[<0>] el0_svc_common.constprop.0+0xc8/0xf0
[<0>] do_el0_svc+0x48/0x78
[<0>] el0_slow_syscall+0x44/0x1b8
[<0>] el0t_64_sync_handler+0x100/0x130
[<0>] el0t_64_sync+0x188/0x190
--- tid=550604 wchan=ep_poll
[<0>] ep_poll+0x300/0x498
[<0>] do_epoll_wait+0x100/0x128
[<0>] do_epoll_pwait.part.0+0x1c/0xb8
[<0>] __arm64_sys_epoll_pwait+0x7c/0x128
[<0>] invoke_syscall+0x50/0x128
[<0>] el0_svc_common.constprop.0+0xc8/0xf0
[<0>] do_el0_svc+0x48/0x78
[<0>] el0_slow_syscall+0x44/0x1b8
[<0>] el0t_64_sync_handler+0x100/0x130
[<0>] el0t_64_sync+0x188/0x190
--- tid=550623 wchan=futex_wait_queue
[<0>] futex_wait_queue+0x78/0xb0
[<0>] futex_wait+0xe8/0x1d0
[<0>] do_futex+0xec/0x1a0
[<0>] __arm64_sys_futex+0x80/0x198
[<0>] invoke_syscall+0x50/0x128
[<0>] el0_svc_common.constprop.0+0xc8/0xf0
[<0>] do_el0_svc+0x48/0x78
[<0>] el0_slow_syscall+0x44/0x1b8
[<0>] el0t_64_sync_handler+0x100/0x130
[<0>] el0t_64_sync+0x188/0x190
--- tid=550624 wchan=futex_wait_queue
[<0>] futex_wait_queue+0x78/0xb0
[<0>] futex_wait+0xe8/0x1d0
[<0>] do_futex+0xec/0x1a0
[<0>] __arm64_sys_futex+0x80/0x198
[<0>] invoke_syscall+0x50/0x128
[<0>] el0_svc_common.constprop.0+0xc8/0xf0
[<0>] do_el0_svc+0x48/0x78
[<0>] el0_slow_syscall+0x44/0x1b8
[<0>] el0t_64_sync_handler+0x100/0x130
[<0>] el0t_64_sync+0x188/0x190
--- tid=550632 wchan=ep_poll
[<0>] ep_poll+0x300/0x498
[<0>] do_epoll_wait+0x100/0x128
[<0>] do_epoll_pwait.part.0+0x1c/0xb8
[<0>] __arm64_sys_epoll_pwait+0x7c/0x128
[<0>] invoke_syscall+0x50/0x128
[<0>] el0_svc_common.constprop.0+0xc8/0xf0
[<0>] do_el0_svc+0x48/0x78
[<0>] el0_slow_syscall+0x44/0x1b8
[<0>] el0t_64_sync_handler+0x100/0x130
[<0>] el0t_64_sync+0x188/0x190
--- tid=550638 wchan=ep_poll
[<0>] ep_poll+0x300/0x498
[<0>] do_epoll_wait+0x100/0x128
[<0>] do_epoll_pwait.part.0+0x1c/0xb8
[<0>] __arm64_sys_epoll_pwait+0x7c/0x128
[<0>] invoke_syscall+0x50/0x128
[<0>] el0_svc_common.constprop.0+0xc8/0xf0
[<0>] do_el0_svc+0x48/0x78
[<0>] el0_slow_syscall+0x44/0x1b8
[<0>] el0t_64_sync_handler+0x100/0x130
[<0>] el0t_64_sync+0x188/0x190
--- tid=550648 wchan=futex_wait_queue
[<0>] futex_wait_queue+0x78/0xb0
[<0>] futex_wait+0xe8/0x1d0
[<0>] do_futex+0xec/0x1a0
[<0>] __arm64_sys_futex+0x80/0x198
[<0>] invoke_syscall+0x50/0x128
[<0>] el0_svc_common.constprop.0+0xc8/0xf0
[<0>] do_el0_svc+0x48/0x78
[<0>] el0_slow_syscall+0x44/0x1b8
[<0>] el0t_64_sync_handler+0x100/0x130
[<0>] el0t_64_sync+0x188/0x190
--- tid=550654 wchan=ep_poll
[<0>] ep_poll+0x300/0x498
[<0>] do_epoll_wait+0x100/0x128
[<0>] do_epoll_pwait.part.0+0x1c/0xb8
[<0>] __arm64_sys_epoll_pwait+0x7c/0x128
[<0>] invoke_syscall+0x50/0x128
[<0>] el0_svc_common.constprop.0+0xc8/0xf0
[<0>] do_el0_svc+0x48/0x78
[<0>] el0_slow_syscall+0x44/0x1b8
[<0>] el0t_64_sync_handler+0x100/0x130
[<0>] el0t_64_sync+0x188/0x190
--- tid=550664 wchan=futex_wait_queue
[<0>] futex_wait_queue+0x78/0xb0
[<0>] futex_wait+0xe8/0x1d0
[<0>] do_futex+0xec/0x1a0
[<0>] __arm64_sys_futex+0x80/0x198
[<0>] invoke_syscall+0x50/0x128
[<0>] el0_svc_common.constprop.0+0xc8/0xf0
[<0>] do_el0_svc+0x48/0x78
[<0>] el0_slow_syscall+0x44/0x1b8
[<0>] el0t_64_sync_handler+0x100/0x130
[<0>] el0t_64_sync+0x188/0x190
--- tid=550671 wchan=futex_wait_queue
[<0>] futex_wait_queue+0x78/0xb0
[<0>] futex_wait+0xe8/0x1d0
[<0>] do_futex+0xec/0x1a0
[<0>] __arm64_sys_futex+0x80/0x198
[<0>] invoke_syscall+0x50/0x128
[<0>] el0_svc_common.constprop.0+0xc8/0xf0
[<0>] do_el0_svc+0x48/0x78
[<0>] el0_slow_syscall+0x44/0x1b8
[<0>] el0t_64_sync_handler+0x100/0x130
[<0>] el0t_64_sync+0x188/0x190
--- tid=550676 wchan=futex_wait_queue
[<0>] futex_wait_queue+0x78/0xb0
[<0>] futex_wait+0xe8/0x1d0
[<0>] do_futex+0xec/0x1a0
[<0>] __arm64_sys_futex+0x80/0x198
[<0>] invoke_syscall+0x50/0x128
[<0>] el0_svc_common.constprop.0+0xc8/0xf0
[<0>] do_el0_svc+0x48/0x78
[<0>] el0_slow_syscall+0x44/0x1b8
[<0>] el0t_64_sync_handler+0x100/0x130
[<0>] el0t_64_sync+0x188/0x190
--- tid=550683 wchan=ep_poll
[<0>] ep_poll+0x300/0x498
[<0>] do_epoll_wait+0x100/0x128
[<0>] do_epoll_pwait.part.0+0x1c/0xb8
[<0>] __arm64_sys_epoll_pwait+0x7c/0x128
[<0>] invoke_syscall+0x50/0x128
[<0>] el0_svc_common.constprop.0+0xc8/0xf0
[<0>] do_el0_svc+0x48/0x78
[<0>] el0_slow_syscall+0x44/0x1b8
[<0>] el0t_64_sync_handler+0x100/0x130
[<0>] el0t_64_sync+0x188/0x190
--- tid=550690 wchan=futex_wait_queue
[<0>] futex_wait_queue+0x78/0xb0
[<0>] futex_wait+0xe8/0x1d0
[<0>] do_futex+0xec/0x1a0
[<0>] __arm64_sys_futex+0x80/0x198
[<0>] invoke_syscall+0x50/0x128
[<0>] el0_svc_common.constprop.0+0xc8/0xf0
[<0>] do_el0_svc+0x48/0x78
[<0>] el0_slow_syscall+0x44/0x1b8
[<0>] el0t_64_sync_handler+0x100/0x130
[<0>] el0t_64_sync+0x188/0x190
--- tid=550701 wchan=futex_wait_queue
[<0>] futex_wait_queue+0x78/0xb0
[<0>] futex_wait+0xe8/0x1d0
[<0>] do_futex+0xec/0x1a0
[<0>] __arm64_sys_futex+0x80/0x198
[<0>] invoke_syscall+0x50/0x128
[<0>] el0_svc_common.constprop.0+0xc8/0xf0
[<0>] do_el0_svc+0x48/0x78
[<0>] el0_slow_syscall+0x44/0x1b8
[<0>] el0t_64_sync_handler+0x100/0x130
[<0>] el0t_64_sync+0x188/0x190
--- tid=550708 wchan=futex_wait_queue
[<0>] futex_wait_queue+0x78/0xb0
[<0>] futex_wait+0xe8/0x1d0
[<0>] do_futex+0xec/0x1a0
[<0>] __arm64_sys_futex+0x80/0x198
[<0>] invoke_syscall+0x50/0x128
[<0>] el0_svc_common.constprop.0+0xc8/0xf0
[<0>] do_el0_svc+0x48/0x78
[<0>] el0_slow_syscall+0x44/0x1b8
[<0>] el0t_64_sync_handler+0x100/0x130
[<0>] el0t_64_sync+0x188/0x190
--- tid=550717 wchan=ep_poll
[<0>] ep_poll+0x300/0x498
[<0>] do_epoll_wait+0x100/0x128
[<0>] do_epoll_pwait.part.0+0x1c/0xb8
[<0>] __arm64_sys_epoll_pwait+0x7c/0x128
[<0>] invoke_syscall+0x50/0x128
[<0>] el0_svc_common.constprop.0+0xc8/0xf0
[<0>] do_el0_svc+0x48/0x78
[<0>] el0_slow_syscall+0x44/0x1b8
[<0>] el0t_64_sync_handler+0x100/0x130
[<0>] el0t_64_sync+0x188/0x190
--- tid=550722 wchan=futex_wait_queue
[<0>] futex_wait_queue+0x78/0xb0
[<0>] futex_wait+0xe8/0x1d0
[<0>] do_futex+0xec/0x1a0
[<0>] __arm64_sys_futex+0x80/0x198
[<0>] invoke_syscall+0x50/0x128
[<0>] el0_svc_common.constprop.0+0xc8/0xf0
[<0>] do_el0_svc+0x48/0x78
[<0>] el0_slow_syscall+0x44/0x1b8
[<0>] el0t_64_sync_handler+0x100/0x130
[<0>] el0t_64_sync+0x188/0x190
--- tid=550732 wchan=futex_wait_queue
[<0>] futex_wait_queue+0x78/0xb0
[<0>] futex_wait+0xe8/0x1d0
[<0>] do_futex+0xec/0x1a0
[<0>] __arm64_sys_futex+0x80/0x198
[<0>] invoke_syscall+0x50/0x128
[<0>] el0_svc_common.constprop.0+0xc8/0xf0
[<0>] do_el0_svc+0x48/0x78
[<0>] el0_slow_syscall+0x44/0x1b8
[<0>] el0t_64_sync_handler+0x100/0x130
[<0>] el0t_64_sync+0x188/0x190
--- tid=550742 wchan=futex_wait_queue
[<0>] futex_wait_queue+0x78/0xb0
[<0>] futex_wait+0xe8/0x1d0
[<0>] do_futex+0xec/0x1a0
[<0>] __arm64_sys_futex+0x80/0x198
[<0>] invoke_syscall+0x50/0x128
[<0>] el0_svc_common.constprop.0+0xc8/0xf0
[<0>] do_el0_svc+0x48/0x78
[<0>] el0_slow_syscall+0x44/0x1b8
[<0>] el0t_64_sync_handler+0x100/0x130
[<0>] el0t_64_sync+0x188/0x190
--- tid=550752 wchan=ep_poll
[<0>] ep_poll+0x300/0x498
[<0>] do_epoll_wait+0x100/0x128
[<0>] do_epoll_pwait.part.0+0x1c/0xb8
[<0>] __arm64_sys_epoll_pwait+0x7c/0x128
[<0>] invoke_syscall+0x50/0x128
[<0>] el0_svc_common.constprop.0+0xc8/0xf0
[<0>] do_el0_svc+0x48/0x78
[<0>] el0_slow_syscall+0x44/0x1b8
[<0>] el0t_64_sync_handler+0x100/0x130
[<0>] el0t_64_sync+0x188/0x190
--- tid=550755 wchan=futex_wait_queue
[<0>] futex_wait_queue+0x78/0xb0
[<0>] futex_wait+0xe8/0x1d0
[<0>] do_futex+0xec/0x1a0
[<0>] __arm64_sys_futex+0x80/0x198
[<0>] invoke_syscall+0x50/0x128
[<0>] el0_svc_common.constprop.0+0xc8/0xf0
[<0>] do_el0_svc+0x48/0x78
[<0>] el0_slow_syscall+0x44/0x1b8
[<0>] el0t_64_sync_handler+0x100/0x130
[<0>] el0t_64_sync+0x188/0x190
--- tid=550757 wchan=futex_wait_queue
[<0>] futex_wait_queue+0x78/0xb0
[<0>] futex_wait+0xe8/0x1d0
[<0>] do_futex+0xec/0x1a0
[<0>] __arm64_sys_futex+0x80/0x198
[<0>] invoke_syscall+0x50/0x128
[<0>] el0_svc_common.constprop.0+0xc8/0xf0
[<0>] do_el0_svc+0x48/0x78
[<0>] el0_slow_syscall+0x44/0x1b8
[<0>] el0t_64_sync_handler+0x100/0x130
[<0>] el0t_64_sync+0x188/0x190
--- tid=550769 wchan=futex_wait_queue
[<0>] futex_wait_queue+0x78/0xb0
[<0>] futex_wait+0xe8/0x1d0
[<0>] do_futex+0xec/0x1a0
[<0>] __arm64_sys_futex+0x80/0x198
[<0>] invoke_syscall+0x50/0x128
[<0>] el0_svc_common.constprop.0+0xc8/0xf0
[<0>] do_el0_svc+0x48/0x78
[<0>] el0_slow_syscall+0x44/0x1b8
[<0>] el0t_64_sync_handler+0x100/0x130
[<0>] el0t_64_sync+0x188/0x190
--- tid=550777 wchan=ep_poll
[<0>] ep_poll+0x300/0x498
[<0>] do_epoll_wait+0x100/0x128
[<0>] do_epoll_pwait.part.0+0x1c/0xb8
[<0>] __arm64_sys_epoll_pwait+0x7c/0x128
[<0>] invoke_syscall+0x50/0x128
[<0>] el0_svc_common.constprop.0+0xc8/0xf0
[<0>] do_el0_svc+0x48/0x78
[<0>] el0_slow_syscall+0x44/0x1b8
[<0>] el0t_64_sync_handler+0x100/0x130
[<0>] el0t_64_sync+0x188/0x190
--- tid=550800 wchan=futex_wait_queue
[<0>] futex_wait_queue+0x78/0xb0
[<0>] futex_wait+0xe8/0x1d0
[<0>] do_futex+0xec/0x1a0
[<0>] __arm64_sys_futex+0x80/0x198
[<0>] invoke_syscall+0x50/0x128
[<0>] el0_svc_common.constprop.0+0xc8/0xf0
[<0>] do_el0_svc+0x48/0x78
[<0>] el0_slow_syscall+0x44/0x1b8
[<0>] el0t_64_sync_handler+0x100/0x130
[<0>] el0t_64_sync+0x188/0x190
--- tid=550802 wchan=futex_wait_queue
[<0>] futex_wait_queue+0x78/0xb0
[<0>] futex_wait+0xe8/0x1d0
[<0>] do_futex+0xec/0x1a0
[<0>] __arm64_sys_futex+0x80/0x198
[<0>] invoke_syscall+0x50/0x128
[<0>] el0_svc_common.constprop.0+0xc8/0xf0
[<0>] do_el0_svc+0x48/0x78
[<0>] el0_slow_syscall+0x44/0x1b8
[<0>] el0t_64_sync_handler+0x100/0x130
[<0>] el0t_64_sync+0x188/0x190
--- tid=550805 wchan=futex_wait_queue
[<0>] futex_wait_queue+0x78/0xb0
[<0>] futex_wait+0xe8/0x1d0
[<0>] do_futex+0xec/0x1a0
[<0>] __arm64_sys_futex+0x80/0x198
[<0>] invoke_syscall+0x50/0x128
[<0>] el0_svc_common.constprop.0+0xc8/0xf0
[<0>] do_el0_svc+0x48/0x78
[<0>] el0_slow_syscall+0x44/0x1b8
[<0>] el0t_64_sync_handler+0x100/0x130
[<0>] el0t_64_sync+0x188/0x190
--- tid=550813 wchan=ep_poll
[<0>] ep_poll+0x300/0x498
[<0>] do_epoll_wait+0x100/0x128
[<0>] do_epoll_pwait.part.0+0x1c/0xb8
[<0>] __arm64_sys_epoll_pwait+0x7c/0x128
[<0>] invoke_syscall+0x50/0x128
[<0>] el0_svc_common.constprop.0+0xc8/0xf0
[<0>] do_el0_svc+0x48/0x78
[<0>] el0_slow_syscall+0x44/0x1b8
[<0>] el0t_64_sync_handler+0x100/0x130
[<0>] el0t_64_sync+0x188/0x190
--- tid=550831 wchan=futex_wait_queue
[<0>] futex_wait_queue+0x78/0xb0
[<0>] futex_wait+0xe8/0x1d0
[<0>] do_futex+0xec/0x1a0
[<0>] __arm64_sys_futex+0x80/0x198
[<0>] invoke_syscall+0x50/0x128
[<0>] el0_svc_common.constprop.0+0xc8/0xf0
[<0>] do_el0_svc+0x48/0x78
[<0>] el0_slow_syscall+0x44/0x1b8
[<0>] el0t_64_sync_handler+0x100/0x130
[<0>] el0t_64_sync+0x188/0x190
--- tid=550832 wchan=futex_wait_queue
[<0>] futex_wait_queue+0x78/0xb0
[<0>] futex_wait+0xe8/0x1d0
[<0>] do_futex+0xec/0x1a0
[<0>] __arm64_sys_futex+0x80/0x198
[<0>] invoke_syscall+0x50/0x128
[<0>] el0_svc_common.constprop.0+0xc8/0xf0
[<0>] do_el0_svc+0x48/0x78
[<0>] el0_slow_syscall+0x44/0x1b8
[<0>] el0t_64_sync_handler+0x100/0x130
[<0>] el0t_64_sync+0x188/0x190
--- tid=550896 wchan=futex_wait_queue
[<0>] futex_wait_queue+0x78/0xb0
[<0>] futex_wait+0xe8/0x1d0
[<0>] do_futex+0xec/0x1a0
[<0>] __arm64_sys_futex+0x80/0x198
[<0>] invoke_syscall+0x50/0x128
[<0>] el0_svc_common.constprop.0+0xc8/0xf0
[<0>] do_el0_svc+0x48/0x78
[<0>] el0_slow_syscall+0x44/0x1b8
[<0>] el0t_64_sync_handler+0x100/0x130
[<0>] el0t_64_sync+0x188/0x190
--- tid=550897 wchan=futex_wait_queue
[<0>] futex_wait_queue+0x78/0xb0
[<0>] futex_wait+0xe8/0x1d0
[<0>] do_futex+0xec/0x1a0
[<0>] __arm64_sys_futex+0x80/0x198
[<0>] invoke_syscall+0x50/0x128
[<0>] el0_svc_common.constprop.0+0xc8/0xf0
[<0>] do_el0_svc+0x48/0x78
[<0>] el0_slow_syscall+0x44/0x1b8
[<0>] el0t_64_sync_handler+0x100/0x130
[<0>] el0t_64_sync+0x188/0x190
--- tid=550898 wchan=futex_wait_queue
[<0>] futex_wait_queue+0x78/0xb0
[<0>] futex_wait+0xe8/0x1d0
[<0>] do_futex+0xec/0x1a0
[<0>] __arm64_sys_futex+0x80/0x198
[<0>] invoke_syscall+0x50/0x128
[<0>] el0_svc_common.constprop.0+0xc8/0xf0
[<0>] do_el0_svc+0x48/0x78
[<0>] el0_slow_syscall+0x44/0x1b8
[<0>] el0t_64_sync_handler+0x100/0x130
[<0>] el0t_64_sync+0x188/0x190
--- tid=550899 wchan=futex_wait_queue
[<0>] futex_wait_queue+0x78/0xb0
[<0>] futex_wait+0xe8/0x1d0
[<0>] do_futex+0xec/0x1a0
[<0>] __arm64_sys_futex+0x80/0x198
[<0>] invoke_syscall+0x50/0x128
[<0>] el0_svc_common.constprop.0+0xc8/0xf0
[<0>] do_el0_svc+0x48/0x78
[<0>] el0_slow_syscall+0x44/0x1b8
[<0>] el0t_64_sync_handler+0x100/0x130
[<0>] el0t_64_sync+0x188/0x190
--- tid=550900 wchan=futex_wait_queue
[<0>] futex_wait_queue+0x78/0xb0
[<0>] futex_wait+0xe8/0x1d0
[<0>] do_futex+0xec/0x1a0
[<0>] __arm64_sys_futex+0x80/0x198
[<0>] invoke_syscall+0x50/0x128
[<0>] el0_svc_common.constprop.0+0xc8/0xf0
[<0>] do_el0_svc+0x48/0x78
[<0>] el0_slow_syscall+0x44/0x1b8
[<0>] el0t_64_sync_handler+0x100/0x130
[<0>] el0t_64_sync+0x188/0x190
--- tid=550901 wchan=futex_wait_queue
[<0>] futex_wait_queue+0x78/0xb0
[<0>] futex_wait+0xe8/0x1d0
[<0>] do_futex+0xec/0x1a0
[<0>] __arm64_sys_futex+0x80/0x198
[<0>] invoke_syscall+0x50/0x128
[<0>] el0_svc_common.constprop.0+0xc8/0xf0
[<0>] do_el0_svc+0x48/0x78
[<0>] el0_slow_syscall+0x44/0x1b8
[<0>] el0t_64_sync_handler+0x100/0x130
[<0>] el0t_64_sync+0x188/0x190
--- tid=550902 wchan=futex_wait_queue
[<0>] futex_wait_queue+0x78/0xb0
[<0>] futex_wait+0xe8/0x1d0
[<0>] do_futex+0xec/0x1a0
[<0>] __arm64_sys_futex+0x80/0x198
[<0>] invoke_syscall+0x50/0x128
[<0>] el0_svc_common.constprop.0+0xc8/0xf0
[<0>] do_el0_svc+0x48/0x78
[<0>] el0_slow_syscall+0x44/0x1b8
[<0>] el0t_64_sync_handler+0x100/0x130
[<0>] el0t_64_sync+0x188/0x190
--- tid=550903 wchan=futex_wait_queue
[<0>] futex_wait_queue+0x78/0xb0
[<0>] futex_wait+0xe8/0x1d0
[<0>] do_futex+0xec/0x1a0
[<0>] __arm64_sys_futex+0x80/0x198
[<0>] invoke_syscall+0x50/0x128
[<0>] el0_svc_common.constprop.0+0xc8/0xf0
[<0>] do_el0_svc+0x48/0x78
[<0>] el0_slow_syscall+0x44/0x1b8
[<0>] el0t_64_sync_handler+0x100/0x130
[<0>] el0t_64_sync+0x188/0x190
--- tid=550904 wchan=futex_wait_queue
[<0>] futex_wait_queue+0x78/0xb0
[<0>] futex_wait+0xe8/0x1d0
[<0>] do_futex+0xec/0x1a0
[<0>] __arm64_sys_futex+0x80/0x198
[<0>] invoke_syscall+0x50/0x128
[<0>] el0_svc_common.constprop.0+0xc8/0xf0
[<0>] do_el0_svc+0x48/0x78
[<0>] el0_slow_syscall+0x44/0x1b8
[<0>] el0t_64_sync_handler+0x100/0x130
[<0>] el0t_64_sync+0x188/0x190
--- tid=550905 wchan=futex_wait_queue
[<0>] futex_wait_queue+0x78/0xb0
[<0>] futex_wait+0xe8/0x1d0
[<0>] do_futex+0xec/0x1a0
[<0>] __arm64_sys_futex+0x80/0x198
[<0>] invoke_syscall+0x50/0x128
[<0>] el0_svc_common.constprop.0+0xc8/0xf0
[<0>] do_el0_svc+0x48/0x78
[<0>] el0_slow_syscall+0x44/0x1b8
[<0>] el0t_64_sync_handler+0x100/0x130
[<0>] el0t_64_sync+0x188/0x190
--- tid=550906 wchan=futex_wait_queue
[<0>] futex_wait_queue+0x78/0xb0
[<0>] futex_wait+0xe8/0x1d0
[<0>] do_futex+0xec/0x1a0
[<0>] __arm64_sys_futex+0x80/0x198
[<0>] invoke_syscall+0x50/0x128
[<0>] el0_svc_common.constprop.0+0xc8/0xf0
[<0>] do_el0_svc+0x48/0x78
[<0>] el0_slow_syscall+0x44/0x1b8
[<0>] el0t_64_sync_handler+0x100/0x130
[<0>] el0t_64_sync+0x188/0x190
--- tid=550907 wchan=futex_wait_queue
[<0>] futex_wait_queue+0x78/0xb0
[<0>] futex_wait+0xe8/0x1d0
[<0>] do_futex+0xec/0x1a0
[<0>] __arm64_sys_futex+0x80/0x198
[<0>] invoke_syscall+0x50/0x128
[<0>] el0_svc_common.constprop.0+0xc8/0xf0
[<0>] do_el0_svc+0x48/0x78
[<0>] el0_slow_syscall+0x44/0x1b8
[<0>] el0t_64_sync_handler+0x100/0x130
[<0>] el0t_64_sync+0x188/0x190
--- tid=550908 wchan=futex_wait_queue
[<0>] futex_wait_queue+0x78/0xb0
[<0>] futex_wait+0xe8/0x1d0
[<0>] do_futex+0xec/0x1a0
[<0>] __arm64_sys_futex+0x80/0x198
[<0>] invoke_syscall+0x50/0x128
[<0>] el0_svc_common.constprop.0+0xc8/0xf0
[<0>] do_el0_svc+0x48/0x78
[<0>] el0_slow_syscall+0x44/0x1b8
[<0>] el0t_64_sync_handler+0x100/0x130
[<0>] el0t_64_sync+0x188/0x190
--- tid=550909 wchan=futex_wait_queue
[<0>] futex_wait_queue+0x78/0xb0
[<0>] futex_wait+0xe8/0x1d0
[<0>] do_futex+0xec/0x1a0
[<0>] __arm64_sys_futex+0x80/0x198
[<0>] invoke_syscall+0x50/0x128
[<0>] el0_svc_common.constprop.0+0xc8/0xf0
[<0>] do_el0_svc+0x48/0x78
[<0>] el0_slow_syscall+0x44/0x1b8
[<0>] el0t_64_sync_handler+0x100/0x130
[<0>] el0t_64_sync+0x188/0x190
--- tid=550910 wchan=futex_wait_queue
[<0>] futex_wait_queue+0x78/0xb0
[<0>] futex_wait+0xe8/0x1d0
[<0>] do_futex+0xec/0x1a0
[<0>] __arm64_sys_futex+0x80/0x198
[<0>] invoke_syscall+0x50/0x128
[<0>] el0_svc_common.constprop.0+0xc8/0xf0
[<0>] do_el0_svc+0x48/0x78
[<0>] el0_slow_syscall+0x44/0x1b8
[<0>] el0t_64_sync_handler+0x100/0x130
[<0>] el0t_64_sync+0x188/0x190
--- tid=550911 wchan=futex_wait_queue
[<0>] futex_wait_queue+0x78/0xb0
[<0>] futex_wait+0xe8/0x1d0
[<0>] do_futex+0xec/0x1a0
[<0>] __arm64_sys_futex+0x80/0x198
[<0>] invoke_syscall+0x50/0x128
[<0>] el0_svc_common.constprop.0+0xc8/0xf0
[<0>] do_el0_svc+0x48/0x78
[<0>] el0_slow_syscall+0x44/0x1b8
[<0>] el0t_64_sync_handler+0x100/0x130
[<0>] el0t_64_sync+0x188/0x190
--- tid=550912 wchan=futex_wait_queue
[<0>] futex_wait_queue+0x78/0xb0
[<0>] futex_wait+0xe8/0x1d0
[<0>] do_futex+0xec/0x1a0
[<0>] __arm64_sys_futex+0x80/0x198
[<0>] invoke_syscall+0x50/0x128
[<0>] el0_svc_common.constprop.0+0xc8/0xf0
[<0>] do_el0_svc+0x48/0x78
[<0>] el0_slow_syscall+0x44/0x1b8
[<0>] el0t_64_sync_handler+0x100/0x130
[<0>] el0t_64_sync+0x188/0x190
--- tid=550913 wchan=futex_wait_queue
[<0>] futex_wait_queue+0x78/0xb0
[<0>] futex_wait+0xe8/0x1d0
[<0>] do_futex+0xec/0x1a0
[<0>] __arm64_sys_futex+0x80/0x198
[<0>] invoke_syscall+0x50/0x128
[<0>] el0_svc_common.constprop.0+0xc8/0xf0
[<0>] do_el0_svc+0x48/0x78
[<0>] el0_slow_syscall+0x44/0x1b8
[<0>] el0t_64_sync_handler+0x100/0x130
[<0>] el0t_64_sync+0x188/0x190
--- tid=551014 wchan=hrtimer_nanosleep
[<0>] hrtimer_nanosleep+0x80/0x100
[<0>] common_nsleep+0x4c/0x80
[<0>] __arm64_sys_clock_nanosleep+0xd4/0x158
[<0>] invoke_syscall+0x50/0x128
[<0>] el0_svc_common.constprop.0+0xc8/0xf0
[<0>] do_el0_svc+0x48/0x78
[<0>] el0_slow_syscall+0x44/0x1b8
[<0>] el0t_64_sync_handler+0x100/0x130
[<0>] el0t_64_sync+0x188/0x190
--- tid=553198 wchan=futex_wait_queue
[<0>] futex_wait_queue+0x78/0xb0
[<0>] futex_wait+0xe8/0x1d0
[<0>] do_futex+0xec/0x1a0
[<0>] __arm64_sys_futex+0x80/0x198
[<0>] invoke_syscall+0x50/0x128
[<0>] el0_svc_common.constprop.0+0xc8/0xf0
[<0>] do_el0_svc+0x48/0x78
[<0>] el0_slow_syscall+0x44/0x1b8
[<0>] el0t_64_sync_handler+0x100/0x130
[<0>] el0t_64_sync+0x188/0x190
--- tid=553199 wchan=ep_poll
[<0>] ep_poll+0x300/0x498
[<0>] do_epoll_wait+0x100/0x128
[<0>] do_epoll_pwait.part.0+0x1c/0xb8
[<0>] __arm64_sys_epoll_pwait+0x7c/0x128
[<0>] invoke_syscall+0x50/0x128
[<0>] el0_svc_common.constprop.0+0xc8/0xf0
[<0>] do_el0_svc+0x48/0x78
[<0>] el0_slow_syscall+0x44/0x1b8
[<0>] el0t_64_sync_handler+0x100/0x130
[<0>] el0t_64_sync+0x188/0x190
--- tid=553200 wchan=ep_poll
[<0>] ep_poll+0x300/0x498
[<0>] do_epoll_wait+0x100/0x128
[<0>] do_epoll_pwait.part.0+0x1c/0xb8
[<0>] __arm64_sys_epoll_pwait+0x7c/0x128
[<0>] invoke_syscall+0x50/0x128
[<0>] el0_svc_common.constprop.0+0xc8/0xf0
[<0>] do_el0_svc+0x48/0x78
[<0>] el0_slow_syscall+0x44/0x1b8
[<0>] el0t_64_sync_handler+0x100/0x130
[<0>] el0t_64_sync+0x188/0x190
--- tid=553201 wchan=ep_poll
[<0>] ep_poll+0x300/0x498
[<0>] do_epoll_wait+0x100/0x128
[<0>] do_epoll_pwait.part.0+0x1c/0xb8
[<0>] __arm64_sys_epoll_pwait+0x7c/0x128
[<0>] invoke_syscall+0x50/0x128
[<0>] el0_svc_common.constprop.0+0xc8/0xf0
[<0>] do_el0_svc+0x48/0x78
[<0>] el0_slow_syscall+0x44/0x1b8
[<0>] el0t_64_sync_handler+0x100/0x130
[<0>] el0t_64_sync+0x188/0x190
--- tid=553202 wchan=ep_poll
[<0>] ep_poll+0x300/0x498
[<0>] do_epoll_wait+0x100/0x128
[<0>] do_epoll_pwait.part.0+0x1c/0xb8
[<0>] __arm64_sys_epoll_pwait+0x7c/0x128
[<0>] invoke_syscall+0x50/0x128
[<0>] el0_svc_common.constprop.0+0xc8/0xf0
[<0>] do_el0_svc+0x48/0x78
[<0>] el0_slow_syscall+0x44/0x1b8
[<0>] el0t_64_sync_handler+0x100/0x130
[<0>] el0t_64_sync+0x188/0x190
--- tid=553203 wchan=pipe_read
[<0>] pipe_read+0x360/0x400
[<0>] new_sync_read+0x130/0x148
[<0>] vfs_read+0x194/0x1e8
[<0>] ksys_read+0xf4/0x118
[<0>] __arm64_sys_read+0x24/0x38
[<0>] invoke_syscall+0x50/0x128
[<0>] el0_svc_common.constprop.0+0xc8/0xf0
[<0>] do_el0_svc+0x48/0x78
[<0>] el0_slow_syscall+0x44/0x1b8
[<0>] el0t_64_sync_handler+0x100/0x130
[<0>] el0t_64_sync+0x188/0x190
--- tid=553335 wchan=futex_wait_queue
[<0>] futex_wait_queue+0x78/0xb0
[<0>] futex_wait+0xe8/0x1d0
[<0>] do_futex+0xec/0x1a0
[<0>] __arm64_sys_futex+0x80/0x198
[<0>] invoke_syscall+0x50/0x128
[<0>] el0_svc_common.constprop.0+0xc8/0xf0
[<0>] do_el0_svc+0x48/0x78
[<0>] el0_slow_syscall+0x44/0x1b8
[<0>] el0t_64_sync_handler+0x100/0x130
[<0>] el0t_64_sync+0x188/0x190
--- tid=553336 wchan=futex_wait_queue
[<0>] futex_wait_queue+0x78/0xb0
[<0>] futex_wait+0xe8/0x1d0
[<0>] do_futex+0xec/0x1a0
[<0>] __arm64_sys_futex+0x80/0x198
[<0>] invoke_syscall+0x50/0x128
[<0>] el0_svc_common.constprop.0+0xc8/0xf0
[<0>] do_el0_svc+0x48/0x78
[<0>] el0_slow_syscall+0x44/0x1b8
[<0>] el0t_64_sync_handler+0x100/0x130
[<0>] el0t_64_sync+0x188/0x190
--- tid=553337 wchan=futex_wait_queue
[<0>] futex_wait_queue+0x78/0xb0
[<0>] futex_wait+0xe8/0x1d0
[<0>] do_futex+0xec/0x1a0
[<0>] __arm64_sys_futex+0x80/0x198
[<0>] invoke_syscall+0x50/0x128
[<0>] el0_svc_common.constprop.0+0xc8/0xf0
[<0>] do_el0_svc+0x48/0x78
[<0>] el0_slow_syscall+0x44/0x1b8
[<0>] el0t_64_sync_handler+0x100/0x130
[<0>] el0t_64_sync+0x188/0x190
--- tid=553338 wchan=futex_wait_queue
[<0>] futex_wait_queue+0x78/0xb0
[<0>] futex_wait+0xe8/0x1d0
[<0>] do_futex+0xec/0x1a0
[<0>] __arm64_sys_futex+0x80/0x198
[<0>] invoke_syscall+0x50/0x128
[<0>] el0_svc_common.constprop.0+0xc8/0xf0
[<0>] do_el0_svc+0x48/0x78
[<0>] el0_slow_syscall+0x44/0x1b8
[<0>] el0t_64_sync_handler+0x100/0x130
[<0>] el0t_64_sync+0x188/0x190
--- tid=553339 wchan=futex_wait_queue
[<0>] futex_wait_queue+0x78/0xb0
[<0>] futex_wait+0xe8/0x1d0
[<0>] do_futex+0xec/0x1a0
[<0>] __arm64_sys_futex+0x80/0x198
[<0>] invoke_syscall+0x50/0x128
[<0>] el0_svc_common.constprop.0+0xc8/0xf0
[<0>] do_el0_svc+0x48/0x78
[<0>] el0_slow_syscall+0x44/0x1b8
[<0>] el0t_64_sync_handler+0x100/0x130
[<0>] el0t_64_sync+0x188/0x190
--- tid=553378 wchan=hrtimer_nanosleep
[<0>] hrtimer_nanosleep+0x80/0x100
[<0>] common_nsleep+0x4c/0x80
[<0>] __arm64_sys_clock_nanosleep+0xd4/0x158
[<0>] invoke_syscall+0x50/0x128
[<0>] el0_svc_common.constprop.0+0xc8/0xf0
[<0>] do_el0_svc+0x48/0x78
[<0>] el0_slow_syscall+0x44/0x1b8
[<0>] el0t_64_sync_handler+0x100/0x130
[<0>] el0t_64_sync+0x188/0x190
--- tid=553382 wchan=hrtimer_nanosleep
[<0>] hrtimer_nanosleep+0x80/0x100
[<0>] common_nsleep+0x4c/0x80
[<0>] __arm64_sys_clock_nanosleep+0xd4/0x158
[<0>] invoke_syscall+0x50/0x128
[<0>] el0_svc_common.constprop.0+0xc8/0xf0
[<0>] do_el0_svc+0x48/0x78
[<0>] el0_slow_syscall+0x44/0x1b8
[<0>] el0t_64_sync_handler+0x100/0x130
[<0>] el0t_64_sync+0x188/0x190
--- tid=565771 wchan=pipe_write
[<0>] pipe_write+0x1ec/0x558
[<0>] new_sync_write+0x140/0x158
[<0>] vfs_write+0x21c/0x2b0
[<0>] ksys_write+0xf4/0x118
[<0>] __arm64_sys_write+0x24/0x38
[<0>] invoke_syscall+0x50/0x128
[<0>] el0_svc_common.constprop.0+0xc8/0xf0
[<0>] do_el0_svc+0x48/0x78
[<0>] el0_slow_syscall+0x44/0x1b8
[<0>] el0t_64_sync_handler+0x100/0x130
[<0>] el0t_64_sync+0x188/0x190
  >>> sent SIGUSR1 to 549796 (Python stacks -> /home/g00619970/moeoffload_multi/log/model_2026_0814_0558_multimech.log)

Python 线程栈由 faulthandler 打到 stderr, 已被 tee 捕获进 LOG_FILE;
在 LOG_FILE 里搜 'Thread ' / 'Current thread' / 'File "' 即可看每个 worker 卡在哪一行。
